tree
version=v4
num_class=5
num_tree_per_iteration=5
label_index=0
max_feature_idx=5
objective=multiclass num_class:5
feature_names=freq_in_window unique_ids_in_window entropy mean_byte global_delta_zscore global_value_zscore
feature_infos=[0.05000000074505806:1] [1:20] [-1.4428232913976657e-12:3] [0:219.75] [-0.52184444665908813:21.512710571289062] [0.59100019931793213:4.0778994560241699]
tree_sizes=1776 1724 1785 1740 1740 1793 1752 1778 1761 1787 1793 1742 1782 1754 1796 1759 1743 1784 1758 1794 1762 1747 1777 1760 1794 1771 1762 1774 1765 1795 1777 1754 1767 1769 1794 1775 1755 1777 1767 1790 1774 1741 1784 1769 1790 1772 1761 1765 1774 1797 1783 1754 1775 1779 1793 1785 1758 1773 1780 1796 1790 1754 1779 1773 1806 1787 1766 1775 1776 1805 1788 1761 1780 1786 1803 1787 1758 1778 1773 1805 1804 1754 1782 1787 1804 1807 1758 1778 1784 1805 1805 1772 1784 1790 1804 1802 1761 1781 1808 1801 1807 1764 1789 1805 1799 1804 1769 1784 1810 1805 1798 1771 1783 1810 1800 1795 1772 1787 1817 1802 1805 1763 1781 1800 1799 1801 1764 1787 1811 1802 1800 1762 1794 1804 1794 1807 1779 1796 1815 1797 1806 1760 1802 1808 1797 1801 1770 1800 1816 1796 1810 1770 1800 1814 1802 1805 1777 1803 1816 1787 1801 1774 1800 1813 1793 1798 1783 1802 1817 1794 1800 1777 1799 1817 1796 1813 1787 1798 1817 1790 1814 1780 1796 1829 1786 1818 1793 1796 1820 1794 1819 1762 1798 1825 1794 1811 1784 1797 1821 1793 1821 1768 1794 1819 1796 1819 1784 1805 1816 1803 1817 1785 1794 1819 1799 1824 1776 1807 1829 1802 1817 1786 1806 1825 1799 1814 1775 1793 1831 1790 1819 1772 1807 1833 1784 1823 1781 1792 1827 1783 1819 1777 1797 1830 1788 1824 1790 1805 1832 1788 1824 1772 1804 1831 1788 1822 1790 1799 1823 1797 1826 1783 1805 1833 1800 1838 1792 1800 1831 1799 1827 1787 1804 1832 1803 1833 1772 1802 1832 1823 1831 1798 1799 1827 1829 1829 1790 1800 1825 1825 1835 1788 1784 1826 1830 1827 1790 1799 1824 1822 1839 1793 1802 1832 1827 1835 1780 1808 1829 1831 1827 1791 1777 1833 1832 1843 1776 1805 1832 1826 1841 1796 1781 1832 1834 1842 1787 1784 1833 1838 1848 1787 1800 1842 1835 1848 1787 1785 1843 1833 1841 1755 1809 1837 1837 1855 1804 1791 1845 1838 1852 1764 1802 1848 1845 1847 1795 1817 1849 1840 1844 1792 1781 1851 1835 1850 1787 1796 1839 1840 1856 1772 1785 1849 1838 1853 1796 1800 1850 1840 1843 1786 1799 1850 1848 1824 1790 1810 1851 1849 1823 1776 1783 1854 1848 1830 1780 1780 1858 1852

Tree=0
num_leaves=15
num_cat=0
split_feature=0 2 0 2 2 0 0 0 0 0 1 1 0 3
split_gain=7.40494e+06 1.15262e+06 74678.6 442237 5222.43 187375 396.931 136.008 9.31323e-10 5.82077e-11 7.27596e-12 9.09495e-13 4.54747e-13 4.54747e-13
threshold=0.47499999403953558 1.0000000180025095e-35 0.42499999701976782 2.0778195858001713 1.0000000180025095e-35 0.12500000372529033 0.17500000447034839 0.075000001117587103 0.87500000000000011 0.12500000372529033 17.500000000000004 11.500000000000002 0.62500000000000011 72.812500000000014
decision_type=2 2 2 2 2 2 2 2 2 2 2 2 2 2
left_child=2 8 4 -4 5 7 -7 -1 -2 -6 -11 -5 13 -3
right_child=1 12 3 11 9 6 -8 -9 -10 10 -12 -13 -14 -15
leaf_value=-3.1023399451020257 -1.3810685529710898 -3.1035246420788352 -1.3810685529710898 -3.1035246420788352 -3.1035246420788352 -1.7969786818044233 -1.3810685529710898 -3.054419895637229 -1.3810685529710898 -3.1035246420788352 -3.1035246420788352 -3.1035246420788352 -3.1035246420788352 -3.1035246420788352
leaf_weight=24647.653647344559 30434.390576634556 2658.2390972711146 1750.8719657436013 2218.6342652328312 542077.05511488393 23.80321990698576 637.51989706978202 606.86599436029792 5.6895501241087905 58455.076598066837 258.17785103991628 7808.3850356340408 106.6500365100801 1688.461084280163
leaf_count=424545 524219 45787 30158 38215 9337039 410 10981 10453 98 1006863 4447 134496 1837 29083
internal_value=-3.01942 -1.6009 -3.09694 -2.84747 -3.10163 -3.05768 -1.39604 -3.10119 -1.38107 -3.10352 -3.10352 -3.10352 -3.10352 -3.10352
internal_weight=673377 34893.4 638484 11777.9 626706 25915.8 661.323 25254.5 30440.1 600790 58713.3 10027 4453.35 4346.7
internal_count=11598631 601024 10997607 202869 10794738 446389 11391 434998 524317 10348349 1011310 172711 76707 74870
is_linear=0
shrinkage=1


Tree=1
num_leaves=15
num_cat=0
split_feature=4 3 4 2 5 0 0 4 2 3 1 0 5 3
split_gain=6.62686e+06 1.24098e+06 325082 147044 68428.6 52305.5 48322.7 47348.2 307772 28442.7 19774.4 14218.3 9498.38 6519.3
threshold=7.1806812286376962 107.93750000000001 4.3785204887390146 2.4528195858001713 3.00477147102356 0.17500000447034839 0.075000001117587103 4.8159308433532724 2.8750000000000004 132.68750000000003 14.500000000000002 0.075000001117587103 3.00477147102356 57.312500000000007
decision_type=2 2 2 2 2 2 2 2 2 2 2 2 2 2
left_child=1 7 4 -2 9 13 10 -1 12 -3 -4 -10 -9 -5
right_child=3 2 6 5 -6 -7 -8 8 11 -11 -12 -13 -14 -15
leaf_value=-3.335346941747781 -3.2566781263036217 -3.1882726142153999 -2.9984531696558978 -2.0784325129616645 -1.2228545957270285 -3.3266535079947959 -3.1090667574504396 -3.3117091888731638 -1.3247708931369879 -1.4171378776493961 -1.2681932281297823 -3.0358702551231405 -1.294716097375304 -1.1923964083013505
leaf_weight=507543.92805772275 360.00952516123652 1786.2958101592958 67.225936625152826 83.4865294508636 216.96276713162661 116.1935504488647 153.26770209148526 8070.0393017269671 912.86968123540282 95.519368141889572 3780.3555377945304 51.290555655956268 23.415253669023514 15598.043356318027
leaf_count=10924594 7749 38449 1447 1797 4670 2501 3299 173703 19649 2056 81370 1104 504 335739
internal_value=-3.2529 -3.31456 -1.89654 -1.25832 -2.90449 -1.21278 -1.36779 -3.3313 -3.10468 -3.09837 -1.29842 -1.4158 -3.30587 -1.19711
internal_weight=538859 522701 6099.63 16157.7 2098.78 15797.7 4000.85 516602 9057.61 1881.82 3847.58 964.16 8093.45 15681.5
internal_count=11598631 11250845 131291 347786 45175 340037 86116 11119554 194960 40505 82817 20753 174207 337536
is_linear=0
shrinkage=1


Tree=2
num_leaves=15
num_cat=0
split_feature=0 4 2 3 2 3 5 3 0 3 4 3 0 2
split_gain=6.30971e+06 2.01112e+06 618835 78498.7 48930.2 13121.4 15706.7 7216.39 4809.91 3629.11 2581.48 22631.8 2140.88 1769.48
threshold=0.17500000447034839 5.4993848800659189 2.4528195858001713 130.31250000000003 2.6250000000000004 105.93750000000001 3.00477147102356 53.187500000000007 0.075000001117587103 105.93750000000001 6.77060890197754 91.562500000000014 0.12500000372529033 2.8750000000000004
decision_type=2 2 2 2 2 2 2 2 2 2 2 2 2 2
left_child=1 3 10 5 9 12 -7 13 -9 -3 -2 -12 -1 -6
right_child=2 4 -4 -5 7 6 -8 8 -10 -11 11 -13 -14 -15
leaf_value=-0.10395570155283557 -0.63976912720678036 -0.13778141598359361 -0.1035530464390286 -0.610522219985137 -0.14479190460933702 -0.1802470686571461 -0.64001416015101187 -0.63516692727229795 -0.43126628269327427 -0.52118920125325996 -0.10350146694601098 -0.64001416015101187 -0.16244700753793601 -0.62161943924112606
leaf_weight=1726640.7891789377 302408.31587931514 2222.8737830519676 23265.060003399849 3075.4165202379227 380.23331522941589 10190.812014788389 801.47218406200409 76724.186624735594 1174.622721850872 277.71943122148514 879.19634702801704 7436.9163125753403 6280.3733120858669 97.854162007570267
leaf_count=9263647 1622459 11926 124820 16500 2040 54675 4300 411635 6302 1490 4717 39900 33695 525
internal_value=-0.201345 -0.128318 -0.601011 -0.105749 -0.615822 -0.104859 -0.21377 -0.629715 -0.632092 -0.180363 -0.638258 -0.583293 -0.104168 -0.242388
internal_weight=2.16186e+06 1.82787e+06 333989 1.74699e+06 80877.5 1.74391e+06 10992.3 78376.9 77898.8 2500.59 310724 8316.11 1.73292e+06 478.087
internal_count=11598631 9806735 1791896 9372817 433918 9356317 58975 420502 417937 13416 1667076 44617 9297342 2565
is_linear=0
shrinkage=1


Tree=3
num_leaves=15
num_cat=0
split_feature=5 0 2 0 5 3 5 4 1 0 0 3 4 1
split_gain=4.18029e+06 5.07483e+06 5710.52 5708.72 5315.68 840.717 108.064 1080.16 0.0675947 0.287658 0.00376298 5.82077e-11 7.27596e-12 3.55271e-15
threshold=3.0012133121490483 0.17500000447034839 2.3278195858001713 0.12500000372529033 3.00477147102356 91.562500000000014 3.00477147102356 5.9367952346801767 6.5000000000000009 0.52500000596046459 0.22500000149011615 90.687500000000014 8.8756470680236834 12.500000000000002
decision_type=2 2 2 2 2 2 2 2 2 2 2 2 2 2
left_child=11 3 8 6 5 -5 7 -2 9 -3 -10 -1 -8 -6
right_child=1 2 -4 4 13 -7 12 -9 10 -11 -12 -13 -14 -15
leaf_value=-3.0932269490750222 -3.0862286399949772 -1.4231177466382059 -3.0932269490750222 -3.0932269490750222 -3.0932269490750222 -1.4182520625488251 -3.0932269490750222 -2.6648831294033353 -1.3879627930207048 -1.3875835082884862 -1.3875835082884862 -3.0932269490750222 -3.0932269490750222 -3.0932269490750222
leaf_weight=557509.84934672713 1028.8199694752693 2.8141872882843009 19.640682116150856 3.2245896011590949 19.464795410633087 42.388696029782295 28833.342151135206 64.667678728699684 263.65417157113552 11.960295975208281 33209.696528926492 52261.685841709375 6720.9827912449837 22.806642815470695
leaf_count=9509130 17548 48 335 55 332 723 491794 1103 4497 204 566439 891398 114636 389
internal_value=-3.00908 -2.27857 -1.38859 -3.09034 -2.28535 -1.53666 -3.09227 -3.06131 -1.38759 -1.39435 -1.38759 -3.09323 -3.09323 -3.09323
internal_weight=680015 70243.5 33507.8 36735.7 87.8847 45.6133 36647.8 1093.49 33488.1 14.7745 33473.4 609772 35554.3 42.2714
internal_count=11598631 1198103 571523 626580 1499 778 625081 18651 571188 252 570936 10400528 606430 721
is_linear=0
shrinkage=1


Tree=4
num_leaves=15
num_cat=0
split_feature=0 2 2 3 0 1 3 3 3 3 3 3 5 0
split_gain=2.38799e+06 4.91682e+06 1.82502e+06 89401.9 3963 7201.11 5938.27 13471.1 988.341 17872.7 0.739921 207.803 1539.48 0.0170365
threshold=0.17500000447034839 2.3278195858001713 2.4528195858001713 65.562500000000014 0.12500000372529033 17.500000000000004 65.562500000000014 66.062500000000014 65.562500000000014 66.062500000000014 65.562500000000014 66.062500000000014 2.0587884187698369 0.22500000149011615
decision_type=2 2 2 2 2 2 2 2 2 2 2 2 2 2
left_child=4 -2 3 -3 10 8 -7 -8 -6 -10 -1 12 -12 -5
right_child=1 2 -4 13 5 6 7 -9 9 -11 11 -13 -14 -15
leaf_value=-3.1729560850714522 -3.1729560850714522 -3.1729560850714522 -3.1729560850714522 -1.3329259316815762 -3.1729560850714522 -3.1729560850714522 -1.3403656846534799 -3.1729560850714522 -1.4086433791873954 -3.1729560850714522 -2.8225575446872258 -3.1729560850714522 -3.1729560850714522 -1.3324859961995943
leaf_weight=324978.59905674309 61788.180635500699 266.39932681247592 6781.9628743082285 909.22421678155661 923.02503852546215 92.2590366974473 88.835998233407736 73.133488453924656 63.027374893426895 644.99824772402644 142.4092668928206 204783.38477905467 1048.916786480695 27615.009638004005
leaf_count=5981134 1137193 4903 124820 16734 16988 1698 1635 1346 1160 11871 2621 3768977 19305 508246
internal_value=-3.08914 -2.63375 -1.69717 -1.34953 -3.17235 -3.02762 -2.53259 -2.16783 -3.10478 -3.0159 -3.17286 -3.17271 -3.13107 -1.3325
internal_weight=630199 97360.8 35572.6 28790.6 532839 1885.28 254.229 161.969 1631.05 708.026 530953 205975 1191.33 28524.2
internal_count=11598631 1791896 654703 529883 9806735 34698 4679 2981 30019 13031 9772037 3790903 21926 524980
is_linear=0
shrinkage=1


Tree=5
num_leaves=15
num_cat=0
split_feature=0 2 2 0 1 0 1 0 1 0 4 2 3 2
split_gain=1.36116e+06 58681 44918.6 95788 180.054 148.621 377.727 5.45707 3.62762 1.92179 0.414981 0.22689 0.0263926 0.019181
threshold=0.47499999403953558 1.0000000180025095e-35 1.0000000180025095e-35 0.12500000372529033 17.500000000000004 0.075000001117587103 17.500000000000004 0.17500000447034839 19.500000000000004 0.17500000447034839 5.4993848800659189 2.4528195858001713 130.31250000000003 2.4528195858001713
decision_type=2 2 2 2 2 2 2 2 2 2 2 2 2 2
left_child=2 -2 3 5 7 8 -7 -5 -1 10 12 -11 -4 -3
right_child=1 13 9 4 -6 6 -8 -9 -10 11 -12 -13 -14 -15
leaf_value=-0.082672287238798242 0.28699588358290512 -0.084147020756171143 -0.083508115923065465 0.2425241491475886 0.51067549486272934 -0.072179059491244854 0.13142470567359962 0.28699588358290512 -0.078927148617713383 -0.084161487393549381 -0.083934712840713854 -0.083504059329317384 -0.084038889131819131 -0.083504055690786838
leaf_weight=18362.708485141397 131766.28800010681 3877.2261664010584 448765.53876838461 27.666348993778229 36.074349671602249 434.61821487545967 115.2889496088028 10338.656427383423 3010.3451615013182 60816.489469680935 24153.058136496693 5745.4513948410749 938.79593637213111 527.04612287133932
leaf_count=364754 524317 66219 8921467 178 232 8263 2190 41139 59791 1035401 433360 114332 16500 10488
internal_value=-0.00918787 0.274994 -0.0767524 0.037753 0.287653 -0.0808241 -0.0294932 0.286877 -0.0821448 -0.0836016 -0.0835309 -0.0841047 -0.0835092 -0.0840701
internal_weight=708915 136171 572745 32325.4 10402.4 21923 549.907 10366.3 21373.1 540419 473857 66561.9 449704 4404.27
internal_count=11598631 601024 10997607 476547 41549 434998 10453 41317 424545 10521060 9371327 1149733 8937967 76707
is_linear=0
shrinkage=0.1


Tree=6
num_leaves=15
num_cat=0
split_feature=4 0 3 2 0 2 1 5 3 1 4 2 3 4
split_gain=961374 64969.8 29951.2 10014.4 6792.73 6557.27 3524.37 2687.37 2363.78 1931.73 984.914 20476.4 10822.5 830.437
threshold=4.7339162826538095 0.075000001117587103 105.93750000000001 2.8750000000000004 0.075000001117587103 2.6250000000000004 15.500000000000002 2.0556275844573979 104.18750000000001 13.500000000000002 3.5857137441635136 2.8750000000000004 96.687500000000014 5.9367952346801767
decision_type=2 2 2 2 2 2 2 2 2 2 2 2 2 2
left_child=2 5 10 -3 6 8 -4 -8 -2 -7 -1 -12 -13 -5
right_child=1 3 4 13 -6 9 7 -9 -10 -11 11 12 -14 -15
leaf_value=-0.082618249178732964 -0.044216753705225903 -0.078450634458388471 -0.051778600884475973 0.029366543410837571 -0.079121771108411773 -0.013305665612127102 0.72876139264200801 0.22994612300450432 0.26562921474299733 0.25709698064130776 -0.077321337272902857 2.3381517114441643 0.55884305054843864 0.30324446602538213
leaf_weight=445171.36953730509 994.76179360225797 7200.4909977689385 448.75316734239459 127.86790155619383 977.23672547191381 264.80758127942681 111.26154659315944 3691.0907273292542 327.20216619968414 114257.84355584532 4892.6348601095378 45.313580729067326 139.18337178975344 825.14190395921469
leaf_count=10785542 22395 156223 8110 2277 19541 3735 923 28984 1768 439417 121504 1126 3458 3628
internal_value=-0.0121502 0.234712 -0.0793555 -0.0381319 0.158612 0.253916 0.213262 0.244542 0.0324739 0.256472 -0.0821188 -0.0383235 0.995852 0.266498
internal_weight=579475 123998 455477 8153.5 5228.34 115845 4251.11 3802.35 1321.96 114523 450249 5077.13 184.497 953.01
internal_count=11598631 629443 10969188 162128 57558 467315 38017 29907 24163 443152 10911630 126088 4584 5905
is_linear=0
shrinkage=0.1


Tree=7
num_leaves=15
num_cat=0
split_feature=0 4 2 3 2 3 5 0 2 1 5 0 3 2
split_gain=2.54544e+06 851518 162284 24829.5 19343.3 5592.95 4392.05 3334.65 2595.85 2403.27 1934.25 1910.34 849.282 604.774
threshold=0.17500000447034839 5.130319595336915 2.4528195858001713 130.31250000000003 2.6250000000000004 105.93750000000001 3.00477147102356 0.075000001117587103 2.8750000000000004 13.500000000000002 2.9883444309234624 0.12500000372529033 105.93750000000001 2.0778195858001713
decision_type=2 2 2 2 2 2 2 2 2 2 2 2 2 2
left_child=1 3 -2 5 10 11 -7 9 -9 -6 12 -1 -3 -12
right_child=2 4 -4 -5 7 6 -8 8 -10 -11 13 -13 -14 -15
leaf_value=0.094506491596373574 -0.19100824782890574 0.085804520519410343 0.094861418786285179 -0.16922692254485927 0.060729050490443914 0.04131158517103365 -0.18548370244106024 0.068643287794295349 -0.14653348396798047 -0.1760434764586285 0.10038648199282568 0.038594325559872682 -0.12460860091879106 -0.21861217432691893
leaf_weight=1529325.0037447214 506084.53001745045 3376.7309480309486 20669.267590358853 3597.6940752118826 430.0992240011692 9569.5218765884638 937.54194869101048 988.66050364077091 1295.0282264649868 130570.89468188584 72.928065210580826 6135.3037315458059 203.37895503640175 321.13040909171104
leaf_count=9247356 1667076 19798 124820 11931 2029 51071 3074 4817 4918 425698 378 33622 729 1314
internal_value=0.0121046 0.0720289 -0.179791 0.0931749 -0.166695 0.0937855 0.0210747 -0.173178 -0.0533786 -0.175266 0.050706 0.0942831 0.0738514 -0.159575
internal_weight=2.21358e+06 1.68682e+06 526754 1.54957e+06 137259 1.54597e+06 10507.1 133285 2283.69 131001 3974.17 1.53546e+06 3580.11 394.058
internal_count=11598631 9806735 1791896 9347054 459681 9335123 54145 437462 9735 427727 22219 9280978 20527 1692
is_linear=0
shrinkage=0.1


Tree=8
num_leaves=15
num_cat=0
split_feature=5 0 5 0 5 4 4 0 4 0 2 4 4 4
split_gain=1.2156e+06 368690 764.323 132.519 118.834 1080.17 770.579 189.313 35.8662 2.10545 0.249725 0.247315 0.129323 0.116133
threshold=3.0012133121490483 0.12500000372529033 3.00477147102356 0.17500000447034839 3.00477147102356 -0.46033358573913569 5.9367952346801767 0.075000001117587103 -0.11860662698745726 0.17500000447034839 2.4528195858001713 5.4993848800659189 2.98427426815033 5.6497445106506357
decision_type=2 2 2 2 2 2 2 2 2 2 2 2 2 2
left_child=9 4 3 8 5 7 -7 -2 -3 11 -11 -1 -6 -5
right_child=1 2 -4 13 12 6 -8 -9 -10 10 -12 -13 -14 -15
leaf_value=-0.083546358544359461 0.36702456683660772 0.40128395843618114 -0.083669289666217728 0.28819959360859937 -0.083546422641300327 -0.083474078443155561 0.2249032289028684 1.8729507082520496 0.24828862956234535 -0.084200529320641343 -0.083541933403681531 -0.083993830041238768 -0.083958932400066952 0.28847835087907281
leaf_weight=454942.51902486756 1.1092918328940857 129.68770414590836 55.25354640930891 126213.50037255883 19557.346713196486 895.22672901675105 89.095634236931801 3.3733359351754189 17.375380929559469 64913.949791427702 6317.6996804177761 12696.215130232275 12430.147931274027 16952.630087181926
leaf_count=8955077 21 650 1056 503517 384947 17461 1103 66 128 1095885 124488 225078 221483 67671
internal_value=-0.00905662 0.21884 0.288187 0.28833 -0.0826513 -0.0485082 -0.0555614 1.50029 0.383208 -0.0836357 -0.0841421 -0.0835585 -0.0837067 0.288233
internal_weight=715215 176345 143368 143313 32976.3 988.805 984.322 4.48263 147.063 538870 71231.6 467639 31987.5 143166
internal_count=11598631 1198103 573022 571966 625081 18651 18564 87 778 10400528 1220373 9180155 606430 571188
is_linear=0
shrinkage=0.1


Tree=9
num_leaves=15
num_cat=0
split_feature=0 2 2 3 0 0 3 3 5 4 3 0 5 3
split_gain=800830 523650 82139.6 3647.51 619.67 0.930967 1.73735 468.471 1833.42 0.339684 0.0189669 0.0170761 0.0132302 0.0315328
threshold=0.12500000372529033 2.3278195858001713 2.4528195858001713 65.562500000000014 0.17500000447034839 0.075000001117587103 65.562500000000014 66.062500000000014 2.0587884187698369 5.4993848800659189 130.31250000000003 0.17500000447034839 2.9023202657699589 66.062500000000014
decision_type=2 2 2 2 2 2 2 2 2 2 2 2 2 2
left_child=5 11 3 -3 -5 9 -7 8 -8 10 -1 -2 -4 -14
right_child=1 2 12 4 -6 6 7 -9 -10 -11 -12 -13 13 -15
leaf_value=-0.083252645726708596 -0.083435194259607603 -0.083439193943160184 -0.083281170709422522 0.3829024945004722 0.27809275250049509 -0.083262000363175256 0.4064291795688032 -0.083267171082307412 -0.083262916133892084 -0.083662134350456524 -0.083725413774476565 -0.083902270202057955 -0.087235641852363224 -0.083424544551673474
leaf_weight=266315.87381149456 792.57522903010249 278.96146313101053 6489.2944809533656 566.47788273543119 134471.18708300591 100242.20781422034 96.117971457540989 72259.851869914681 373.77010145038366 22095.409756883979 851.30655305460095 63036.001754686236 28.661175880581141 89.516702398657799
leaf_count=5659247 16205 5729 137357 2815 524980 2130403 1486 1533811 7942 423074 16074 1137193 494 1821
internal_value=-0.0101243 0.153989 0.260975 0.277786 0.278532 -0.0831756 -0.082992 -0.08262 0.0169061 -0.0832853 -0.0832542 -0.0838965 -0.0833003 -0.0843488
internal_weight=667987 205753 141924 135317 135038 462235 172972 72729.7 469.888 289263 267167 63828.6 6607.47 118.178
internal_count=11598631 1826594 673196 533524 527795 9772037 3673642 1543239 9428 6098395 5675321 1153398 139672 2315
is_linear=0
shrinkage=0.1


Tree=10
num_leaves=15
num_cat=0
split_feature=0 2 2 0 0 1 1 1 0 1 4 2 2 3
split_gain=941977 107835 4638.3 24168.1 161.475 333.405 81.1684 4.14937 2.91194 1.94044 0.892104 0.311047 0.0927135 0.0687593
threshold=0.42499999701976782 1.0000000180025095e-35 1.0000000180025095e-35 0.12500000372529033 0.075000001117587103 17.500000000000004 17.500000000000004 19.500000000000004 0.17500000447034839 16.500000000000004 5.4993848800659189 2.4528195858001713 2.4528195858001713 105.93750000000001
decision_type=2 2 2 2 2 2 2 2 2 2 2 2 2 2
left_child=2 -2 3 4 7 -6 9 -1 10 -5 13 -10 -3 -4
right_child=1 12 8 6 5 -7 -8 -9 11 -11 -12 -13 -14 -15
leaf_value=-0.082029764969310692 0.21108950577169844 -0.083885062078448425 -0.082994429975186468 0.21049457859966203 -0.070014400105075383 0.12034857178396295 0.34021946231456274 -0.07772928476600488 -0.08389285969311519 0.22517224356152582 -0.083646234927227919 -0.082990004088569158 -0.082989908876498042 -0.083429204118606159
leaf_weight=15881.485132075846 163123.52273538709 12141.861539561301 385244.12479070574 3169.9215005934238 379.77708349004388 121.41879543662071 49.277386784553528 2612.7181426435709 48751.844165153801 92.705410003662109 22495.121074158698 4139.8685238435864 1278.9108251035213 3672.1803266517818
leaf_count=364754 554475 219958 8862492 10809 8263 2190 232 59791 881662 350 433360 95360 29460 75475
internal_value=-0.00919625 0.188672 -0.0809838 -0.0364421 -0.0799044 -0.0238974 0.212836 -0.0814222 -0.0831237 0.210912 -0.083034 -0.0838222 -0.0837998 -0.0829985
internal_weight=663155 176544 486610 22307.3 18995.4 501.196 3311.9 18494.2 464303 3262.63 411411 52891.7 13420.8 388916
internal_count=11598631 803893 10794738 446389 434998 10453 11391 424545 10348349 11159 9371327 977022 249418 8937967
is_linear=0
shrinkage=0.1


Tree=11
num_leaves=15
num_cat=0
split_feature=4 0 2 3 3 2 4 1 4 3 4 5 5 2
split_gain=698555 48784.2 9839.02 6701.94 6564.5 6376.32 2365.11 2282.74 1631.84 1478.32 2450.53 2722.24 1887.57 1357.53
threshold=3.7634117603302006 0.075000001117587103 2.6250000000000004 126.43750000000001 51.312500000000007 2.8750000000000004 6.3878748416900644 13.500000000000002 5.6497445106506357 104.18750000000001 -0.47400267422199244 3.00477147102356 2.0556275844573979 2.8750000000000004
decision_type=2 2 2 2 2 2 2 2 2 2 2 2 2 2
left_child=3 2 6 9 13 -3 -2 -6 -7 -1 11 -11 -12 -4
right_child=1 5 4 -5 7 8 -8 -9 -10 10 12 -13 -14 -15
leaf_value=-0.082215226176015496 -0.070478736677019746 -0.078380741564741965 -0.072868959570884767 0.16549977493220636 -0.03675451602054803 -0.036702030057300543 0.17783508948608107 0.19708507708441905 0.2224332041119309 1.5505307365737171 1.0836949329261889 0.22186835607715349 -0.028717740101761497 0.34028982808806002
leaf_weight=390778.01777138002 1762.9900916106999 8061.1165071111172 1076.4540636651218 1099.0906590186059 418.78938618302345 321.66710403934121 490.23492068052292 131955.48478005081 993.80270809680223 19.815136812627316 15.380209531635044 69.529166255146265 1851.8736297003925 85.871332764625549
leaf_count=10794410 46962 198106 27621 6923 7844 6003 4564 463621 3936 327 180 246 37502 386
internal_value=-0.0119744 0.175538 0.190771 -0.081091 0.194268 -0.0450684 -0.016453 0.196345 0.159068 -0.0817811 0.00492494 0.516544 -0.019555 -0.0423452
internal_weight=539000 145166 135790 393834 133537 9376.59 2253.23 132374 1315.47 392735 1956.6 89.3443 1867.25 1162.33
internal_count=11598631 759043 550998 10839588 499472 208045 51526 471465 9939 10832665 38255 573 37682 28007
is_linear=0
shrinkage=0.1


Tree=12
num_leaves=15
num_cat=0
split_feature=0 4 2 3 2 3 3 2 5 0 5 1 0 3
split_gain=1.8789e+06 667436 109210 18033.7 15580.2 3813.66 3317.32 4415.32 3258.47 1847.18 1584.04 1283.43 1142.4 647.965
threshold=0.17500000447034839 5.0209670066833505 2.4528195858001713 128.31250000000003 2.6250000000000004 104.18750000000001 74.187500000000014 2.8750000000000004 3.00477147102356 0.12500000372529033 2.9883444309234624 13.500000000000002 0.075000001117587103 105.93750000000001
decision_type=2 2 2 2 2 2 2 2 2 2 2 2 2 2
left_child=1 3 -2 5 10 9 7 -6 -7 -1 13 -8 -5 -3
right_child=2 4 -4 12 6 8 11 -9 -10 -11 -12 -13 -14 -15
leaf_value=0.092102722735974196 -0.15659250895533247 0.083675001353641296 0.092428570553381786 -0.13897693027057292 0.046887500707226887 0.046943634432371734 0.046858110730433528 -0.15659242430477777 -0.1662718763888201 0.035507005122088105 -0.13254641329288883 -0.14789897157461759 0.088189762322651244 -0.094506804837778333
leaf_weight=1346594.2445693463 520056.82065300643 3498.6190118789673 18228.528562381864 3622.7943839132786 2072.2703979313374 9620.8800313174725 339.24274037778378 2196.959254771471 774.4627243578434 5791.6898534297943 415.74261832237244 130895.42636883259 235.78262968361378 216.7348078340292
leaf_count=9233769 1667076 23049 124820 12236 10219 55481 1606 7118 2561 33560 1712 423456 1213 755
internal_value=0.0122009 0.0695077 -0.14816 0.0907853 -0.138741 0.0913966 -0.144573 -0.0578239 0.0310589 0.0918603 0.0525669 -0.147396 -0.125096 0.0732808
internal_weight=2.04456e+06 1.50627e+06 538285 1.36664e+06 139635 1.36278e+06 135504 4269.23 10395.3 1.35239e+06 4131.1 131235 3858.58 3715.35
internal_count=11598631 9806735 1791896 9338820 467915 9325371 442399 17337 58042 9267329 25516 425062 13449 23804
is_linear=0
shrinkage=0.1


Tree=13
num_leaves=15
num_cat=0
split_feature=5 0 2 5 4 2 4 0 2 0 4 2 4 5
split_gain=877912 215956 434.423 125.463 525.605 1796.38 300.58 97.9539 85.9359 3.70248 0.526758 0.411323 0.275954 0.0864133
threshold=3.0012133121490483 0.12500000372529033 2.3278195858001713 3.00477147102356 5.9367952346801767 2.3278195858001713 -0.46033358573913569 0.17500000447034839 2.2028195858001713 0.17500000447034839 5.4993848800659189 2.4528195858001713 2.98427426815033 3.00477147102356
decision_type=2 2 2 2 2 2 2 2 2 2 2 2 2 2
left_child=9 3 7 4 6 -6 -2 8 -3 10 -1 -11 -5 -4
right_child=1 2 13 12 5 -7 -8 -9 -10 11 -12 -13 -14 -15
leaf_value=-0.083029185054719318 0.36509384526404831 -0.083772360265594148 -0.098409338349528808 -0.083028653740028824 0.80457520324611131 -0.087852756958984965 -0.082957506553493016 0.21170746868981438 0.29835981602343237 -0.083928041202142617 -0.083706586932074528 -0.083021984497353027 -0.083662395754356994 -0.083257619279654083
leaf_weight=393392.60271217301 15.266777046024798 6.0907506346702567 4.104413826018571 16908.336771082133 31.015086747705936 82.694322735071182 777.71399885416031 167847.9885353446 174.22312699258327 61096.360513668507 11824.41952900961 5457.9935065843165 11574.135224465281 45.392149236053228
leaf_count=8955077 87 116 35 384947 285 818 17461 571188 712 1095885 225078 124488 221483 971
internal_value=-0.0090628 0.16797 0.211699 -0.0821204 -0.0455 0.155564 -0.0743314 0.211787 0.285452 -0.0831625 -0.083049 -0.0838537 -0.0832862 -0.084514
internal_weight=669238 197467 168078 29389.2 906.69 113.709 792.981 168028 180.314 471771 405217 66554.4 28482.5 49.4966
internal_count=11598631 1198103 573022 625081 18651 1103 17548 572016 828 10400528 9180155 1220373 606430 1006
is_linear=0
shrinkage=0.1


Tree=14
num_leaves=15
num_cat=0
split_feature=0 2 2 3 0 0 3 3 5 4 3 0 3 0
split_gain=591942 343370 46323.9 2497.68 482.23 1.16178 1.95849 480.269 1216.14 0.719969 0.0372497 0.0232905 0.0185017 0.013568
threshold=0.12500000372529033 2.3278195858001713 2.4528195858001713 65.562500000000014 0.17500000447034839 0.075000001117587103 65.562500000000014 66.062500000000014 2.0587884187698369 5.2396721839904794 105.93750000000001 0.17500000447034839 105.93750000000001 0.17500000447034839
decision_type=2 2 2 2 2 2 2 2 2 2 2 2 2 2
left_child=5 11 3 -3 -5 9 -7 8 -8 10 -1 -2 -9 -4
right_child=1 2 13 4 -6 6 7 12 -10 -11 -12 -13 -14 -15
leaf_value=-0.082774558230900339 -0.083076965589205215 -0.083685402478694992 -0.083262090877320935 0.2907638883499532 0.20662233106986522 -0.082786396786310057 0.28098025130100968 -0.082788363824931793 -0.082787576097834908 -0.083387513828240875 -0.083189665812501867 -0.083651221565290187 -0.083200177526749353 -0.082783065147498031
leaf_weight=228207.27487694472 714.77346866577864 296.16961124539375 669.36549986153841 684.12760230153799 155702.84763509035 86613.175832167268 128.45434626191854 61400.393856946379 322.99057441204786 21196.782286562026 2182.4017439670861 59332.017067626119 1110.6973103061318 5069.0248653143644
leaf_count=5613474 16205 5729 14852 2815 524980 2130403 1486 1509536 7942 436850 48071 1137193 24275 124820
internal_value=-0.0101465 0.120682 0.196221 0.206441 0.20699 -0.0826986 -0.0824779 -0.0820535 0.0207191 -0.0828298 -0.0827785 -0.0836444 -0.0827957 -0.0828389
internal_weight=623630 222468 162422 156683 156387 401162 149576 62962.5 451.445 251586 230390 60046.8 62511.1 5738.39
internal_count=11598631 1826594 673196 533524 527795 9772037 3673642 1543239 9428 6098395 5661545 1153398 1533811 139672
is_linear=0
shrinkage=0.1


Tree=15
num_leaves=15
num_cat=0
split_feature=2 0 0 1 1 1 1 0 1 1 0 0 1 4
split_gain=717383 94834.9 174.849 295.637 85.7956 50.95 4.76076 3.81361 2.39051 1.41212 19.3506 7.63154 1.08015 1.07999
threshold=1.0000000180025095e-35 0.12500000372529033 0.075000001117587103 16.500000000000004 18.500000000000004 17.500000000000004 19.500000000000004 0.17500000447034839 13.500000000000002 16.500000000000004 0.17500000447034839 0.17500000447034839 16.500000000000004 5.130319595336915
decision_type=2 2 2 2 2 2 2 2 2 2 2 2 2 2
left_child=1 2 6 8 -5 9 12 13 -4 10 -3 -11 -1 -2
right_child=7 5 3 4 -6 -7 -8 -9 -10 11 -12 -13 -14 -15
leaf_value=-0.08244544509708901 -0.082560471653731704 0.067959162602225273 -0.082749087719841963 0.034500110889647988 0.18490070379597748 0.26598921178354834 -0.076489840179096255 -0.083463364497959325 -0.061737368694468692 0.24228928291880614 0.17217960080247266 0.17088952390181461 -0.080656196147043197 -0.083289794320720575
leaf_weight=5997.8970251791179 334600.61990747228 17.816893517971039 224.1858144402504 102.44636272266507 60.225779667496681 57.910479992628098 2264.7356957085431 60514.475036773831 71.387993425130844 18.36788946390152 175739.94828355312 80.920079946517944 7712.4213335886598 21615.51247395575
leaf_count=159572 8912204 88 5584 2049 1042 232 59791 1226440 1778 90 565196 260 205182 459123
internal_value=-0.00899756 0.150746 -0.0789903 -0.018087 0.0901826 0.172207 -0.0807373 -0.0827294 -0.0776743 0.172176 0.172169 0.184098 -0.0814389 -0.0826047
internal_weight=609079 192348 16433.3 458.246 162.672 175915 15975.1 416731 295.574 175857 175758 99.288 13710.3 356216
internal_count=11598631 1000864 434998 10453 3091 565866 424545 10597767 7362 565634 565284 350 364754 9371327
is_linear=0
shrinkage=0.1


Tree=16
num_leaves=15
num_cat=0
split_feature=4 0 2 3 2 3 4 1 0 4 2 2 1 5
split_gain=541228 34041.5 6822.3 5034.19 4977.76 4349.86 1880.28 1694.06 1385.81 1189.66 865.658 859.659 673.823 615.353
threshold=3.667728185653687 0.075000001117587103 2.6250000000000004 112.43750000000001 2.8750000000000004 50.812500000000007 6.2101769447326669 14.500000000000002 0.075000001117587103 5.9367952346801767 2.2028195858001713 2.8750000000000004 15.500000000000002 3.00477147102356
decision_type=2 2 2 2 2 2 2 2 2 2 2 2 2 2
left_child=3 2 6 -1 -3 11 -2 -7 12 13 -8 -4 -5 -6
right_child=1 4 5 8 9 7 10 -9 -10 -11 -12 -13 -14 -15
leaf_value=-0.081740646459845551 -0.070918479543117252 -0.077683558480467152 -0.071688390189461063 -0.064061707302648971 -0.050521793882592952 0.025650982409089109 -0.078839663544499172 0.1640513897254261 -0.08292614405390783 0.18230593165538633 0.21292673227968195 0.24172776452455913 0.13380692884685275 0.77329328350556725
leaf_weight=341379.33083512634 1625.3214547615498 7325.8732892889529 939.6897546928376 193.87766305729747 348.45574387535453 890.15976333245635 134.141796592623 136959.7167125307 464.92141869664192 1040.4678711444139 420.33310156315565 96.502681285142899 1532.4790779910982 9.3092611320316774
leaf_count=10804389 49634 200473 27573 3868 6565 12458 2745 462341 10177 3628 2279 353 12067 81
internal_value=-0.011613 0.147013 0.158868 -0.0807708 -0.0446833 0.161623 -0.0166717 0.163158 0.0703161 0.128217 0.142341 -0.0424993 0.111585 -0.0290856
internal_weight=493361 149790 141066 343571 8724.11 138886 2179.8 137850 2191.28 1398.23 554.475 1036.19 1726.36 357.765
internal_count=11598631 768130 557383 10830501 210747 502725 54658 474799 26112 10274 5024 27926 15935 6646
is_linear=0
shrinkage=0.1


Tree=17
num_leaves=15
num_cat=0
split_feature=0 4 2 3 2 3 3 2 5 0 5 0 0 3
split_gain=1.45653e+06 538446 79876.9 13392.6 13227 3144.96 2974.69 3680.38 2504.75 1790.37 1255.6 1160.33 869.904 545.776
threshold=0.17500000447034839 4.9252834320068368 2.4528195858001713 128.31250000000003 2.6250000000000004 104.18750000000001 74.187500000000014 2.8750000000000004 3.00477147102356 0.12500000372529033 2.9883444309234624 0.075000001117587103 0.075000001117587103 105.93750000000001
decision_type=2 2 2 2 2 2 2 2 2 2 2 2 2 2
left_child=1 3 -2 5 10 9 7 -6 -7 -1 13 -8 -5 -3
right_child=2 4 -4 12 6 8 11 -9 -10 -11 -12 -13 -14 -15
leaf_value=0.090084569483623353 -0.13658862415846021 0.081800824811008255 0.090416026632826774 -0.11925936935617827 0.047731927983055186 0.046592491174430664 -0.13080194401442 -0.13757804356365844 -0.14985133179264201 0.032670869682555191 -0.1058275168491393 -0.053122398961229625 0.088063235527474415 -0.079880923163175729
leaf_weight=1180587.7071419358 505776.52353098989 3533.0476096123457 15990.798966780305 3286.0531936883926 2143.5618901103735 8835.1587430387735 125401.34287722409 2143.4501686692238 700.52813650667667 5456.5004719495773 442.63511717319489 1952.8903970867395 215.6675851047039 221.89428040385246
leaf_count=9228372 1667076 26187 124820 11261 11494 54491 420167 7142 2379 33538 1734 8006 1188 776
internal_value=0.012039 0.0674124 -0.129632 0.0887886 -0.121281 0.0893606 -0.126853 -0.0449206 0.032161 0.0898204 0.0534685 -0.129611 -0.106491 0.0722464
internal_weight=1.85669e+06 1.33492e+06 521767 1.19908e+06 135839 1.19558e+06 131641 4287.01 9535.69 1.18604e+06 4197.58 127354 3501.72 3754.94
internal_count=11598631 9806735 1791896 9331229 475506 9318780 446809 18636 56870 9261910 28697 428173 12449 26963
is_linear=0
shrinkage=0.1


Tree=18
num_leaves=15
num_cat=0
split_feature=5 0 2 5 4 2 4 0 2 0 4 2 4 5
split_gain=676914 146399 292.53 128.665 380.408 679.004 241.667 77.4011 57.9683 4.04757 0.633261 0.429546 0.324138 0.0601935
threshold=3.0012133121490483 0.12500000372529033 2.3278195858001713 3.00477147102356 5.9367952346801767 2.3278195858001713 -0.46033358573913569 0.17500000447034839 2.2028195858001713 0.17500000447034839 5.130319595336915 2.4528195858001713 2.98427426815033 3.00477147102356
decision_type=2 2 2 2 2 2 2 2 2 2 2 2 2 2
left_child=9 3 7 4 6 -6 -2 8 -3 10 -1 -11 -5 -4
right_child=1 2 13 12 5 -7 -8 -9 -10 11 -12 -13 -14 -15
leaf_value=-0.082586265175966844 0.28943956754758515 -0.083416578797930074 -0.096135284819472436 -0.082586058172255589 0.36296505841722831 -0.087189241045812382 -0.082512478769639325 0.17255564125213224 0.24364242753740953 -0.083572639012903002 -0.083334965064492325 -0.082577961240582934 -0.08331361326977503 -0.08291144887666263
leaf_weight=338623.69996742718 17.932298719882965 5.5735057331621638 3.7605598010122767 14588.991815086454 59.623170554637909 76.50213111191988 674.63241970911622 177551.03177919984 195.78877088427544 56025.137546926737 11687.006940426305 4706.2492626495659 10552.865142503753 40.658860623836517
leaf_count=8933716 87 116 35 384947 285 818 17461 571188 712 1095885 246439 124488 221483 971
internal_value=-0.00886293 0.140167 0.172562 -0.0816136 -0.0428439 0.109979 -0.0728817 0.172626 0.23459 -0.0827419 -0.0826112 -0.0834956 -0.0828914 -0.084031
internal_weight=614809 203767 177797 25970.5 828.69 136.125 692.565 177752 201.362 411042 350311 60731.4 25141.9 44.4194
internal_count=11598631 1198103 573022 625081 18651 1103 17548 572016 828 10400528 9180155 1220373 606430 1006
is_linear=0
shrinkage=0.1


Tree=19
num_leaves=15
num_cat=0
split_feature=0 2 2 3 0 0 3 3 2 4 3 3 0 0
split_gain=462369 249921 30621.8 1975.99 383.06 1.34198 2.21172 494.255 990.381 0.859964 0.0524592 0.0270205 0.019909 0.0171164
threshold=0.12500000372529033 2.3278195858001713 2.4528195858001713 65.562500000000014 0.17500000447034839 0.075000001117587103 65.562500000000014 66.062500000000014 2.4528195858001713 5.130319595336915 105.93750000000001 105.93750000000001 0.17500000447034839 0.17500000447034839
decision_type=2 2 2 2 2 2 2 2 2 2 2 2 2 2
left_child=5 12 3 -3 -5 9 -7 8 -8 10 -1 -9 -2 -4
right_child=1 2 13 4 -6 6 7 11 -10 -11 -12 -13 -14 -15
leaf_value=-0.082365537750429985 -0.082762643526951438 -0.083875243146979417 -0.082942336001473937 0.24050595823667431 0.16946011313242704 -0.082379399684576859 0.23488934931519287 -0.082383253359757824 -0.084366791802766863 -0.083065417456310867 -0.082896375231969591 -0.082905667399742172 -0.08332139980438226 -0.082375738062239301
leaf_weight=196660.89157285169 645.24607068859041 307.6630860902369 607.25540923699737 762.44592310488224 163544.72605481744 74693.870165213943 147.85960553959012 52979.498301949352 283.42536750249565 19566.479876995087 1879.4421036373824 1008.9210420176387 54394.975844588131 4370.0172988213599
leaf_count=5609642 16205 5729 14852 2815 524980 2130403 3240 1509536 6188 443104 45649 24275 1137193 124820
internal_value=-0.00995712 0.101837 0.161927 0.169316 0.16979 -0.0822816 -0.0820261 -0.0815412 0.0250854 -0.0824329 -0.0823706 -0.082393 -0.0833148 -0.0824449
internal_weight=571853 224632 169592 164615 164307 347220 129114 54419.7 431.285 218107 198540 53988.4 55040.2 4977.27
internal_count=11598631 1826594 673196 533524 527795 9772037 3673642 1543239 9428 6098395 5655291 1533811 1153398 139672
is_linear=0
shrinkage=0.1


Tree=20
num_leaves=15
num_cat=0
split_feature=2 0 0 1 1 1 1 0 1 1 4 1 0 0
split_gain=570370 67459.8 188.348 270.002 57.2409 35.1078 5.4718 3.41866 2.69611 1.24596 1.04908 0.90739 13.5064 4.20747
threshold=1.0000000180025095e-35 0.12500000372529033 0.075000001117587103 16.500000000000004 18.500000000000004 17.500000000000004 19.500000000000004 0.17500000447034839 13.500000000000002 16.500000000000004 5.130319595336915 16.500000000000004 0.17500000447034839 0.17500000447034839
decision_type=2 2 2 2 2 2 2 2 2 2 2 2 2 2
left_child=1 2 6 8 -5 11 9 10 -4 -1 -2 12 -3 -13
right_child=7 5 3 4 -6 -7 -8 -9 -10 -11 -12 13 -14 -15
leaf_value=-0.082050871052286506 -0.082187115459461446 0.062584762297330968 -0.082345206033640761 0.039219589706722242 0.15930447437671785 0.22268260301270423 -0.075182481662966399 -0.08309492965634202 -0.058483175119395263 -0.079980844512281962 -0.082945902687801373 0.19814460626305896 0.14850579621020707 0.14763424545600179
leaf_weight=5165.1886063627899 288305.50492515601 18.297232538461685 193.13037323951721 98.627566669136286 66.430582821369171 63.823985368013382 1961.5635510347784 54413.638609508052 62.729840289801359 6652.982870221138 19450.13923532702 20.728562593460083 175565.66910800338 80.679981708526611
leaf_count=159572 8912204 88 5584 2049 1042 232 59791 1226440 1778 205182 459123 90 565196 260
internal_value=-0.00875613 0.131589 -0.0780609 -0.0121667 0.0875499 0.148529 -0.0800737 -0.0823643 -0.0764949 -0.0808856 -0.0822351 0.148502 0.148497 0.157959
internal_weight=552119 189950 14200.7 420.918 165.058 175749 13779.7 362169 255.86 11818.2 307756 175685 175584 101.409
internal_count=11598631 1000864 434998 10453 3091 565866 424545 10597767 7362 364754 9371327 565634 565284 350
is_linear=0
shrinkage=0.1


Tree=21
num_leaves=15
num_cat=0
split_feature=4 0 2 3 2 3 4 1 0 4 2 1 5 4
split_gain=432169 24845 4705.87 4530.05 4200.44 3071.51 1543.6 1383 1295.24 922.015 674.766 651.476 582.988 578.959
threshold=3.667728185653687 0.075000001117587103 2.6250000000000004 105.93750000000001 2.8750000000000004 49.562500000000007 6.3878748416900644 14.500000000000002 0.075000001117587103 5.9367952346801767 2.2028195858001713 15.500000000000002 3.00477147102356 6.5929112434387216
decision_type=2 2 2 2 2 2 2 2 2 2 2 2 2 2
left_child=3 2 6 -1 12 13 -2 -7 11 -6 -8 -5 -3 -4
right_child=1 4 5 8 9 7 10 -9 -10 -11 -12 -13 -14 -15
leaf_value=-0.081514508692975329 -0.067504914041838532 -0.079712420275314833 -0.078603967360369176 -0.066613070693993068 -0.027810218557661467 0.019038514261777051 -0.078075555683441544 0.14283523657286365 -0.081993971300778679 0.16034514840699043 0.19146277629897085 0.10593431990955929 0.22951975557083051 0.15166809016138338
leaf_weight=296182.21709921956 1454.614297715947 6484.4044209886342 753.84099204838276 248.10906405001879 345.69754875078797 908.44500316120684 119.63974717259407 135837.78432465717 591.10341108776629 1055.9907602965832 415.21354961767793 1853.4344243966043 61.544970080256462 127.6784155741334
leaf_count=10793442 50094 199874 26451 5669 6646 12679 2697 462971 15018 3628 1867 16372 599 624
internal_value=-0.0112066 0.128816 0.138606 -0.0803406 -0.0431641 0.140813 -0.0140925 0.142013 0.0487803 0.113941 0.131171 0.0855633 -0.076805 -0.0452516
internal_weight=446440 147565 139617 298875 7947.64 137628 1989.47 136746 2692.65 1401.69 534.853 2101.54 6545.95 881.519
internal_count=11598631 768130 557383 10830501 210747 502725 54658 475650 37059 10274 4564 22041 200473 27075
is_linear=0
shrinkage=0.1


Tree=22
num_leaves=15
num_cat=0
split_feature=0 4 2 3 2 3 4 2 5 0 5 3 2 2
split_gain=1.15913e+06 441154 61065.1 11207.7 10128.5 3424.57 2713.69 3730.05 2446.85 1736.41 996.306 447.362 372.092 321.278
threshold=0.17500000447034839 4.9252834320068368 2.4528195858001713 130.31250000000003 2.6250000000000004 104.18750000000001 5.9367952346801767 2.8750000000000004 2.0556275844573979 0.12500000372529033 2.9883444309234624 105.93750000000001 2.6250000000000004 2.0778195858001713
decision_type=2 2 2 2 2 2 2 2 2 2 2 2 2 2
left_child=1 3 -2 5 10 9 7 -6 -7 -1 11 -3 -5 -12
right_child=2 4 -4 12 6 8 -8 -9 -10 -11 13 -13 -14 -15
leaf_value=0.088375031179967506 -0.12341072918832428 0.079098085068729701 0.088742638123437551 0.12907880881201492 0.028420431442399353 -0.28337307100464965 -0.11972162925128074 -0.1022517467094209 0.035931270906964692 0.030073120330723149 0.10157135389013515 -0.068885361415798582 -0.11554789689454573 -0.1274582176907321
leaf_weight=1031321.2707060128 476333.64614112675 3134.4911186695099 13965.061318986118 63.584621697664261 2944.1781403198838 246.42046995460987 112206.87884399295 8465.844145193696 9199.756536655128 5133.8625820577145 73.321530491113663 218.52534312009811 2812.3949416726828 371.98292098939419
leaf_count=9228372 1667076 26187 124820 219 15562 1006 401497 29750 58352 33538 379 776 9742 1355
internal_value=0.0118053 0.0656515 -0.117368 0.0869979 -0.110055 0.08754 -0.114997 -0.0685338 0.0276016 0.0880862 0.0507893 0.0694536 -0.110139 -0.0897474
internal_weight=1.66649e+06 1.17619e+06 490299 1.04878e+06 127415 1.0459e+06 123617 11410 9446.18 1.03646e+06 3798.32 3353.02 2875.98 445.304
internal_count=11598631 9806735 1791896 9331229 475506 9321268 446809 45312 59358 9261910 28697 26963 9961 1734
is_linear=0
shrinkage=0.1


Tree=23
num_leaves=15
num_cat=0
split_feature=5 0 3 5 4 2 4 0 4 0 4 2 4 2
split_gain=539581 106820 216.241 130.33 305.879 423.186 205.39 61.1874 23.0674 3.64006 0.630914 0.373826 0.302137 0.16445
threshold=3.0012133121490483 0.12500000372529033 91.562500000000014 3.00477147102356 5.9367952346801767 2.3278195858001713 -0.46033358573913569 0.17500000447034839 -0.29630464315414423 0.17500000447034839 5.130319595336915 2.4528195858001713 2.98427426815033 1.5243974924087527
decision_type=2 2 2 2 2 2 2 2 2 2 2 2 2 2
left_child=9 3 13 4 6 -6 -2 8 -4 10 -1 -11 -5 -3
right_child=1 2 7 12 5 -7 -8 -9 -10 11 -12 -13 -14 -15
leaf_value=-0.082208560185337037 0.24481253795129315 -0.11309934831063634 0.21394969743934811 -0.082208053550488214 0.25568137236856497 -0.086523667420683958 -0.082130525004398269 0.14876144783635253 0.11104782645576974 -0.083197213867716946 -0.082996584021556366 -0.082198879853435991 -0.082955687950136192 -0.08264971136792483
leaf_weight=291749.63508189283 19.867856964468956 1.860456459224223 190.20929783582687 12566.814719393849 74.851587444543839 69.870130844414234 584.57388197630644 177476.95671125129 24.602398756891489 50554.927265945822 10526.525656210259 4051.3151953499764 9485.2595246657729 38.015457808971405
leaf_count=8933716 87 25 650 384947 285 818 17461 571189 157 1095885 246439 124488 221483 1001
internal_value=-0.00862055 0.122632 0.148774 -0.0811361 -0.0401177 0.0904684 -0.071384 0.148826 0.202164 -0.0823717 -0.082236 -0.0831231 -0.0825296 -0.0840704
internal_weight=557415 200533 177732 22801.2 749.163 144.722 604.442 177692 214.812 356882 302276 54606.2 22052.1 39.8759
internal_count=11598631 1198103 573022 625081 18651 1103 17548 571996 807 10400528 9180155 1220373 606430 1026
is_linear=0
shrinkage=0.1


Tree=24
num_leaves=15
num_cat=0
split_feature=0 2 2 3 0 0 3 3 5 4 3 4 0 0
split_gain=371577 191701 21966 1681.35 307.173 1.52166 2.54695 510.413 942.581 0.831973 0.062807 0.034219 0.0189987 0.0135739
threshold=0.12500000372529033 2.3278195858001713 2.4528195858001713 65.562500000000014 0.17500000447034839 0.075000001117587103 65.562500000000014 66.062500000000014 2.0587884187698369 5.130319595336915 105.93750000000001 5.0209670066833505 0.17500000447034839 0.17500000447034839
decision_type=2 2 2 2 2 2 2 2 2 2 2 2 2 2
left_child=5 13 3 -3 -5 9 -7 8 -8 10 -1 -9 -4 -2
right_child=1 2 12 4 -6 6 7 11 -10 -11 -12 -13 -14 -15
leaf_value=-0.082015378162417996 -0.082485756569949345 -0.084026605444647198 -0.082656315404506936 0.20826219395849541 0.14667920675955134 -0.082031369166255516 0.23241326233026297 -0.082038695519778451 -0.082345373798233201 -0.082743518857895465 -0.082626357665369479 -0.082841204052932049 -0.082027535343971364 -0.082971091788332132
leaf_weight=169325.66085443273 583.11071039922535 315.66359917446971 550.92284358106554 814.00762729346752 162703.74049785733 64309.555009575561 147.39728915691376 46007.800215097144 268.35299074091017 17599.012708025053 1699.3844436015934 537.54313541390002 3761.2597205489874 49060.970950327814
leaf_count=5609642 16205 5729 14852 2815 524980 2130403 1486 1519938 7942 443104 45649 13873 124820 1137193
internal_value=-0.00971763 0.0896987 0.140677 0.146541 0.146986 -0.0819158 -0.0816225 -0.0810627 0.029247 -0.0820888 -0.0820214 -0.082048 -0.0821079 -0.0829654
internal_weight=517684 217790 168146 163833 163518 299895 111271 46961.1 415.75 188624 171025 46545.3 4312.18 49644.1
internal_count=11598631 1826594 673196 533524 527795 9772037 3673642 1543239 9428 6098395 5655291 1533811 139672 1153398
is_linear=0
shrinkage=0.1


Tree=25
num_leaves=15
num_cat=0
split_feature=2 0 0 1 1 1 1 1 0 1 4 0 1 2
split_gain=462846 50327.7 201.949 246.105 39.181 25.3532 6.29482 3.03826 2.77202 1.44074 0.914888 0.851747 41.3607 0.277033
threshold=1.0000000180025095e-35 0.12500000372529033 0.075000001117587103 16.500000000000004 18.500000000000004 17.500000000000004 19.500000000000004 13.500000000000002 0.12500000372529033 16.500000000000004 5.0209670066833505 0.17500000447034839 12.500000000000002 2.4528195858001713
decision_type=2 2 2 2 2 2 2 2 2 2 2 2 2 2
left_child=1 2 6 7 -5 11 9 -4 10 -1 -2 12 -3 -10
right_child=8 5 3 4 -6 -7 -8 -9 13 -11 -12 -13 -14 -15
leaf_value=-0.08170801973646008 -0.081865595456127233 -0.10236572398555704 -0.082000521512059429 0.043614228418539847 0.14153626691333038 0.19383988699066232 -0.07377945769835656 -0.054922695665323928 -0.082799809140265967 -0.07930872494119881 -0.082612157323400617 0.1326896105959646 0.16371629671597737 -0.081930078477290641
leaf_weight=4441.9505615495145 246670.19323910959 7.0434870868921271 166.13310471177101 95.311468623578548 71.525888055562973 67.820303857326508 1698.2528077233583 55.208173349499702 45619.789759401232 5732.8540827669203 17585.044550890103 169219.33138871193 34.24519382417202 3982.0461951605976
leaf_count=159572 8870502 33 5584 2049 1042 232 59791 1778 1121056 205182 466537 565456 145 139672
internal_value=-0.00852503 0.118544 -0.0770949 -0.00611765 0.085595 0.132711 -0.0794155 -0.0752466 -0.082044 -0.0803562 -0.0819153 0.132686 0.118325 -0.08273
internal_weight=495447 181590 12261.2 388.179 166.837 169328 11873.1 221.341 313857 10174.8 264255 169261 41.2887 49601.8
internal_count=11598631 1000864 434998 10453 3091 565866 424545 7362 10597767 364754 9337039 565634 178 1260728
is_linear=0
shrinkage=0.1


Tree=26
num_leaves=15
num_cat=0
split_feature=4 0 2 3 2 3 4 1 4 4 4 2 0 3
split_gain=351396 19449.4 3650.34 3623.48 3372.73 2367.15 1322.14 1223.74 1014.88 853.254 798.298 576.382 517.636 492.113
threshold=3.5857137441635136 0.075000001117587103 2.6250000000000004 105.93750000000001 2.8750000000000004 51.312500000000007 6.0188097953796396 13.500000000000002 -0.47400267422199244 2.0001005530357365 6.0188097953796396 2.8750000000000004 0.075000001117587103 105.93750000000001
decision_type=2 2 2 2 2 2 2 2 2 2 2 2 2 2
left_child=3 2 6 -1 13 11 -2 -7 -5 -10 -6 -4 -11 -3
right_child=1 4 5 8 10 7 -8 -9 9 12 -12 -13 -14 -15
leaf_value=-0.081234955995742056 -0.069921767444937846 -0.081012899923349438 -0.06832162366815725 0.17116852441058639 -0.028099371367679489 -0.040265820367957755 0.11221311981059448 0.12812063247870525 -0.076254178848069426 0.086306697076557332 0.14195996645675155 0.16812911081522336 -0.079264494257777873 0.095761144579442528
leaf_weight=256395.59484300762 1299.5926035586745 5740.4170941282064 766.14618449471891 472.227888263762 377.49370114691556 433.01883467286825 574.85476659610868 131108.92201005295 752.00959346070886 1081.0970073007047 1027.0341130271554 119.12220922112465 228.78155675716698 161.92290059104562
leaf_count=10785542 51819 201098 28278 1692 7283 8885 5776 468341 16124 11381 3554 386 6335 2137
internal_value=-0.0107913 0.115864 0.124508 -0.0800589 -0.0430214 0.12647 -0.0140647 0.127566 0.0389321 0.00864634 0.0962533 -0.0365047 0.0573883 -0.0761633
internal_weight=400538 141609 134302 258930 7306.87 132427 1874.45 131542 2534.12 2061.89 1404.53 885.268 1309.88 5902.34
internal_count=11598631 777557 563485 10821074 214072 505890 57595 477226 35532 33840 10837 28664 17716 203235
is_linear=0
shrinkage=0.1


Tree=27
num_leaves=15
num_cat=0
split_feature=0 4 2 2 3 4 2 3 5 0 5 0 3 4
split_gain=937592 364730 47977.1 9241.31 8493.27 2887.78 3431.04 2541.9 1793.25 1687.41 840.317 555.944 375.409 332.604
threshold=0.17500000447034839 4.8159308433532724 2.4528195858001713 2.6250000000000004 128.31250000000003 5.9367952346801767 2.8750000000000004 104.18750000000001 3.00477147102356 0.12500000372529033 2.9883444309234624 0.075000001117587103 105.93750000000001 6.7296018600463876
decision_type=2 2 2 2 2 2 2 2 2 2 2 2 2 2
left_child=1 4 13 10 7 6 -5 9 -9 -1 12 -6 -3 -2
right_child=2 3 -4 5 11 -7 -8 8 -10 -11 -12 -13 -14 -15
leaf_value=0.08696755037727924 -0.11456719571636385 0.077838728877015137 0.087345453336921244 0.029879108403555357 -0.096247897945724539 -0.11109010137119926 -0.091517395501492071 0.043667820508575039 -0.13794740708167794 0.027645722636619241 -0.078500238126429478 0.084301842902409302 -0.058712886411420397 -0.098117937537380448
leaf_weight=896933.1345353052 426443.78638213873 3171.198324367404 12150.766174294055 3179.3592060878873 2728.2553412020206 103156.76440662146 8696.1043671816587 7602.0831367373466 585.54686726629734 4820.8084659576416 434.84040042757988 181.91609497368336 214.97989371418953 12657.211795032024
leaf_count=9221557 1618065 30202 124820 18234 10226 401497 32237 53416 2138 33514 1765 1161 788 49011
internal_value=0.0115605 0.0641471 -0.108669 -0.100632 0.0856013 -0.105714 -0.0590165 0.0861468 0.0306794 0.0866504 0.0523643 -0.0849617 0.0691694 -0.114093
internal_weight=1.48296e+06 1.0317e+06 451252 118853 912852 115032 11875.5 909942 8187.63 901754 3821.02 2910.17 3386.18 439101
internal_count=11598631 9806735 1791896 484723 9322012 451968 50471 9310625 55554 9255071 32755 11387 30990 1667076
is_linear=0
shrinkage=0.1


Tree=28
num_leaves=15
num_cat=0
split_feature=5 0 2 5 4 2 4 0 4 0 4 2 4 4
split_gain=438623 81400.5 170.785 128.557 246.856 294.55 180.315 51.4927 8.32695 2.96044 0.565398 0.281035 0.248325 0.107281
threshold=3.0012133121490483 0.12500000372529033 2.3278195858001713 3.00477147102356 5.9367952346801767 2.3278195858001713 -0.46033358573913569 0.17500000447034839 -0.29630464315414423 0.12500000372529033 5.130319595336915 2.4528195858001713 2.98427426815033 5.9367952346801767
decision_type=2 2 2 2 2 2 2 2 2 2 2 2 2 2
left_child=9 3 7 4 6 -6 -2 8 -3 10 -1 13 -5 -11
right_child=1 2 -4 12 5 -7 -8 -9 -10 11 -12 -13 -14 -15
leaf_value=-0.081884023824482399 0.21530476005097246 0.18747219867928161 -0.083637608215507461 -0.081884634200007508 0.19914217738852438 -0.085976175770970789 -0.081803037765134812 0.13287240822296367 0.12237755833244657 -0.082812010578682552 -0.082674742816204808 -0.081950630099314109 -0.082608627856295649 -0.084622976322924565
leaf_weight=249907.72203156538 21.28588642179966 200.07942452281713 36.419637199491262 10808.326452542096 84.175677567720413 63.61736424267292 506.22062375955284 171056.799695611 21.791853319853544 45423.022854043171 9382.4585366602987 3996.5749903228134 8434.5708306580782 329.48963228799403
leaf_count=8901165 87 709 1006 384947 285 818 17461 571188 119 1109612 245791 138720 221483 5240
internal_value=-0.00839062 0.110642 0.132889 -0.080697 -0.0378115 0.0764133 -0.0698142 0.132935 0.181079 -0.0820482 -0.0819126 -0.0827548 -0.082202 -0.0828251
internal_weight=500273 191233 171315 19918.2 675.3 147.793 527.507 171279 221.871 309039 259290 49749.1 19242.9 45752.5
internal_count=11598631 1198103 573022 625081 18651 1103 17548 572016 828 10400528 9146956 1253572 606430 1114852
is_linear=0
shrinkage=0.1


Tree=29
num_leaves=15
num_cat=0
split_feature=0 2 2 3 0 0 3 3 2 4 3 4 0 4
split_gain=303704 151623 16556.9 1493.75 247.451 1.67459 2.89562 523.651 802.412 0.715373 0.0603642 0.0454602 0.01996 0.0115284
threshold=0.12500000372529033 2.3278195858001713 2.4528195858001713 65.562500000000014 0.17500000447034839 0.075000001117587103 65.562500000000014 66.062500000000014 2.4528195858001713 5.0209670066833505 105.93750000000001 5.0209670066833505 0.17500000447034839 7.1806812286376962
decision_type=2 2 2 2 2 2 2 2 2 2 2 2 2 2
left_child=5 -2 3 -3 -5 9 -7 8 -8 10 -1 -9 -4 -11
right_child=1 2 12 4 -6 6 7 11 -10 13 -12 -13 -14 -15
leaf_value=-0.081715268332255175 -0.082623824416685532 -0.084149539812394647 -0.082408264861575944 0.18561872495595522 0.13138644164498239 -0.081734075515841165 0.20430989914257378 -0.081742873027503396 -0.084409354914465662 -0.082572720449937215 -0.082362823763817594 -0.082705299022237236 -0.081730006757674001 -0.082378157244121009
leaf_weight=145478.59504538961 44278.6458711382 321.32924439385533 501.1416933760047 845.8976808488369 156276.95469605923 55295.227659419179 162.66062274575233 39594.792505932972 235.80673097632825 4110.9599616937339 1453.9325963594019 496.95065726339817 3232.7273006662726 11749.724270854145
leaf_count=5605719 1153398 5729 14852 2815 524980 2130403 3240 1519938 6188 113247 43426 13873 124820 336003
internal_value=-0.00948235 0.0812758 0.126302 0.131238 0.131678 -0.0815953 -0.0812636 -0.0806211 0.0334504 -0.0817905 -0.0817217 -0.0817548 -0.081821 -0.0824286
internal_weight=464035 205457 161178 157444 157123 258579 95785.4 40490.2 398.467 162793 146933 40091.7 3733.87 15860.7
internal_count=11598631 1826594 673196 533524 527795 9772037 3673642 1543239 9428 6098395 5649145 1533811 139672 449250
is_linear=0
shrinkage=0.1


Tree=30
num_leaves=15
num_cat=0
split_feature=2 0 0 1 1 1 1 1 0 1 0 1 4 2
split_gain=380459 38718.1 215.417 223.551 27.2673 18.7203 7.24333 3.41714 2.11521 1.66879 1.11195 32.5957 0.746473 0.200891
threshold=1.0000000180025095e-35 0.12500000372529033 0.075000001117587103 16.500000000000004 18.500000000000004 17.500000000000004 19.500000000000004 13.500000000000002 0.12500000372529033 16.500000000000004 0.17500000447034839 12.500000000000002 5.0209670066833505 2.4528195858001713
decision_type=2 2 2 2 2 2 2 2 2 2 2 2 2 2
left_child=1 2 6 7 -5 10 9 -4 12 -1 11 -3 -2 -10
right_child=8 5 3 4 -6 -7 -8 -9 13 -11 -12 -13 -14 -15
leaf_value=-0.081408295717797938 -0.081593022607094515 -0.099810258992990133 -0.081706378520437675 0.047672677697087162 0.12860505651314966 0.17304386305984937 -0.072251631356433088 -0.051026944319396743 -0.082463330422759717 -0.078623547247796716 0.1214642101966452 0.14223593979446281 -0.082310240366403969 -0.081667909661640919
leaf_weight=3815.4157428424805 211944.81220709346 6.5622640997171393 142.72762754559517 92.435683235526085 75.738573491573334 70.384231448173523 1470.1012253053486 48.690268605947495 40383.395486649126 4935.7462109550834 158918.89971229434 36.563263699412346 15578.084940984845 3446.1160643305629
leaf_count=159572 8870502 33 5584 2049 1042 232 59791 1778 1121056 205182 565456 145 466537 139672
internal_value=-0.00832773 0.109159 -0.0760703 2.077e-06 0.0841212 0.121483 -0.0787466 -0.0739026 -0.0817647 -0.0798377 0.12146 0.105405 -0.0816421 -0.0824008
internal_weight=440966 169613 10580.9 359.592 168.174 159032 10221.3 191.418 271352 8751.16 158962 43.1255 227523 43829.5
internal_count=11598631 1000864 434998 10453 3091 565866 424545 7362 10597767 364754 565634 178 9337039 1260728
is_linear=0
shrinkage=0.1


Tree=31
num_leaves=15
num_cat=0
split_feature=4 0 3 3 2 2 1 4 4 5 4 4 2 5
split_gain=288911 15387.6 3293.76 3003.11 3222.88 2780.79 1287.61 933.435 880.119 803.503 788.209 653.844 603.539 489.74
threshold=3.5857137441635136 0.075000001117587103 104.18750000000001 74.187500000000014 2.8750000000000004 2.8750000000000004 14.500000000000002 -0.47400267422199244 6.2101769447326669 3.00477147102356 6.2101769447326669 6.0188097953796396 2.6250000000000004 2.3723653554916386
decision_type=2 2 2 2 2 2 2 2 2 2 2 2 2 2
left_child=2 3 -1 4 8 -3 10 -4 -2 13 -5 -7 -8 -9
right_child=1 5 7 6 -6 11 12 9 -10 -11 -12 -13 -14 -15
leaf_value=-0.080995248116507684 -0.077027183764801943 -0.075437754417163466 0.16065718698298023 -0.064830946362213926 0.12798309303913105 -0.027572269124650522 0.038587498517724764 0.12408952512757694 0.058947915581301406 0.14302909296898456 0.12620033186328455 0.12793588753081017 0.11873633452391977 -0.041303592326312727
leaf_weight=221433.07896364294 1849.4187119938433 5242.4566728528589 463.66008910536766 622.65517232567072 2018.9693505913019 372.85409957356751 946.9539589099586 201.64579362794757 641.00298446044326 349.10836490616202 330.70634336024523 983.73016411066055 119843.09458518028 1596.433018906042
leaf_count=10779104 63750 203235 1725 16441 7228 7283 24538 3545 5047 1199 1292 3554 445189 35501
internal_value=-0.0103954 0.106445 -0.0796787 0.114226 0.0340898 -0.042416 0.117194 0.0319845 -0.0420289 0.00419915 0.00143485 0.0851948 0.118108 -0.0227556
internal_weight=356896 132852 224044 126253 4509.39 6599.04 121743 2610.85 2490.42 2147.19 953.362 1356.58 120790 1798.08
internal_count=11598631 777557 10821074 563485 76025 214072 487460 41970 68797 40245 17733 10837 469727 39046
is_linear=0
shrinkage=0.1


Tree=32
num_leaves=15
num_cat=0
split_feature=0 4 2 3 2 4 2 5 0 5 1 4 2 4
split_gain=766837 303365 38390.7 7467.23 7377.1 2800.45 2752.09 2595.65 1631.94 1606.33 1503.79 719.168 960.189 440.285
threshold=0.17500000447034839 4.8159308433532724 2.4528195858001713 105.93750000000001 2.6250000000000004 5.9367952346801767 2.8750000000000004 3.00477147102356 0.12500000372529033 2.4432649612426762 17.500000000000004 6.3878748416900644 2.2028195858001713 3.4490230083465581
decision_type=2 2 2 2 2 2 2 2 2 2 2 2 2 2
left_child=1 3 -2 8 11 6 -6 9 13 -5 -10 -3 -13 -1
right_child=2 4 -4 7 5 -7 -8 -9 10 -11 -12 12 -14 -15
leaf_value=0.086016220236516727 -0.10719811547931216 0.079193973037602505 0.086172954933570717 -0.074759022709737263 0.029132275717516001 -0.10456702238984275 -0.081988724324499662 -0.10962360886652543 0.054662879268639546 0.043465953138949187 -0.088358459603734091 0.088374413447564124 -0.10764024470355867 0.067550166557128519
leaf_weight=766049.53476136178 398594.94226491451 2435.6192387714982 10538.44539078325 1403.0540216043591 3060.9538421109319 93564.301595956087 8198.2881223410368 1854.1007549762726 3606.7108447477221 6353.4123508110642 923.38472112268209 447.65538381040096 565.73379150032997 13133.115891464055
leaf_count=9082889 1667076 26171 124820 8229 18234 401497 32237 7336 29143 43721 4413 4164 2420 146281
internal_value=0.0113278 0.0628532 -0.102217 0.0842827 -0.0941622 -0.098897 -0.0517792 -0.00332832 0.085357 0.0220804 0.0255104 0.0497395 -0.0210526 0.085705
internal_weight=1.31073e+06 901596 409133 793323 108273 104824 11259.2 9610.57 783713 7756.47 4530.1 3449.01 1013.39 779183
internal_count=11598631 9806735 1791896 9322012 484723 451968 50471 59286 9262726 51950 33556 32755 6584 9229170
is_linear=0
shrinkage=0.1


Tree=33
num_leaves=15
num_cat=0
split_feature=5 0 3 5 3 3 0 4 0 4 4 2 2 4
split_gain=361178 63850.3 140.415 126.741 208.55 425.857 40.1267 16.8163 2.26567 0.476482 0.446294 0.260548 0.204368 0.192577
threshold=3.0012133121490483 0.12500000372529033 91.562500000000014 3.00477147102356 91.562500000000014 91.937500000000014 0.17500000447034839 -0.29630464315414423 0.12500000372529033 5.0209670066833505 6.7296018600463876 1.5243974924087527 2.4528195858001713 2.98427426815033
decision_type=2 2 2 2 2 2 2 2 2 2 2 2 2 2
left_child=8 3 11 4 -2 -6 7 -4 9 -1 -8 -3 -10 -5
right_child=1 2 6 13 5 -7 10 -9 12 -11 -12 -13 -14 -15
leaf_value=-0.081608122066569422 -0.081881615312206557 -0.12127089788291284 0.17325483023606089 -0.081608593719009026 0.18699943673261757 -0.084090743362111531 0.12159317879528114 0.085427995556254424 -0.082485704699483131 -0.082370076801322856 0.12221629718401966 -0.082231657831386293 -0.081684775022020192 -0.082291096668468414
leaf_weight=214518.18305276427 371.89951258152723 1.8084440007805813 201.93611234426498 9284.3404968995601 105.88235995173454 127.99983780831099 148285.09327852726 24.439491286873817 40506.91416021809 8533.5506597273052 12460.055384749547 31.265388946980238 3457.7977915424854 7453.0118490569293
leaf_count=8894032 14985 25 650 384947 349 3317 527101 157 1114852 252924 44088 1001 138720 221483
internal_value=-0.00816832 0.102021 0.121658 -0.0802862 -0.0353517 0.0386363 0.121701 0.163773 -0.0817666 -0.0816373 0.121641 -0.0843663 -0.0824227 -0.0819125
internal_weight=445364 178348 161005 17343.1 605.782 233.882 160972 226.376 267016 223052 160745 33.0738 43964.7 16737.4
internal_count=11598631 1198103 573022 625081 18651 3666 571996 807 10400528 9146956 571189 1026 1253572 606430
is_linear=0
shrinkage=0.1


Tree=34
num_leaves=15
num_cat=0
split_feature=0 2 2 3 0 0 3 3 5 4 3 4 0 0
split_gain=250893 122277 12890.7 1349.53 199.623 1.85989 3.34335 538.034 760.573 0.577777 0.0592705 0.0546649 0.0198685 0.0127447
threshold=0.12500000372529033 2.3278195858001713 2.4528195858001713 65.562500000000014 0.17500000447034839 0.075000001117587103 65.562500000000014 66.062500000000014 2.0587884187698369 5.0209670066833505 105.93750000000001 5.0209670066833505 0.17500000447034839 0.17500000447034839
decision_type=2 2 2 2 2 2 2 2 2 2 2 2 2 2
left_child=5 -2 3 13 -5 9 -7 8 -8 10 -1 -9 -4 -3
right_child=1 2 12 4 -6 6 7 11 -10 -11 -12 -13 -14 -15
leaf_value=-0.081458183396233549 -0.082303763430665131 -0.082017370317951976 -0.082188034444792404 0.16873594712044315 0.12049570205610625 -0.081480160704922672 0.20252748827485823 -0.081489503160505988 -0.082071446749637803 -0.082141657258714224 -0.082135560097226001 -0.082588914515439427 -0.081475892979679665 -0.084379907932101816
leaf_weight=124935.9854484424 39165.491922065616 24.734026109799743 456.17158728092909 862.86751834303141 146425.98665159941 47488.828268114477 161.71476016193628 34030.935682531446 223.93016113899648 14029.003115814179 1305.2452177144587 458.35138477943838 2775.1086911410093 297.1661983653903
leaf_count=5605719 1153398 826 14852 2815 524980 2130403 1486 1519938 7942 449250 43426 13873 124820 4903
internal_value=-0.00927571 0.0751293 0.116006 0.120331 0.120778 -0.0813114 -0.0809342 -0.0801907 0.0372711 -0.0815328 -0.0814652 -0.0815041 -0.0815764 -0.0841984
internal_weight=412642 190008 150842 147611 147289 222634 82363.8 34874.9 385.645 140270 126241 34489.3 3231.28 321.9
internal_count=11598631 1826594 673196 533524 527795 9772037 3673642 1543239 9428 6098395 5649145 1533811 139672 5729
is_linear=0
shrinkage=0.1


Tree=35
num_leaves=15
num_cat=0
split_feature=2 0 0 1 1 1 1 1 1 0 0 1 4 2
split_gain=315614 30419.6 228.591 202.305 19.2342 8.63066 8.33299 3.83266 1.93541 1.55404 0.964729 26.5264 0.584657 0.141624
threshold=1.0000000180025095e-35 0.12500000372529033 0.075000001117587103 16.500000000000004 18.500000000000004 17.500000000000004 19.500000000000004 13.500000000000002 16.500000000000004 0.12500000372529033 0.17500000447034839 12.500000000000002 4.9252834320068368 2.4528195858001713
decision_type=2 2 2 2 2 2 2 2 2 2 2 2 2 2
left_child=1 2 6 7 -5 10 8 -4 -1 12 11 -3 -2 -11
right_child=9 5 3 4 -6 -7 -8 -9 -10 13 -12 -13 -14 -15
leaf_value=-0.081143891725193887 -0.081360028001755139 -0.097139012079952847 -0.081455079981267012 0.051440362599228462 0.11902993559806281 0.14773201697593 -0.070566610037233496 -0.046765830836633944 -0.077907985461470708 -0.082158368890535544 0.11319138092578927 0.12920246806690081 -0.082032732952233955 -0.081440158571230034
leaf_weight=3273.236950609833 181752.39476828277 5.9939390122890464 122.46027046442032 89.913087833672762 79.180935680866241 72.357858330011368 1272.5880642607808 43.045656995847821 4245.9179600961506 35526.754692922346 146486.41811615229 38.030379265546799 13908.346552331001 2975.5359102934599
leaf_count=159572 8862937 33 5584 2049 1042 232 59791 1778 205182 1121056 565456 145 474102 139672
internal_value=-0.0081499 0.102177 -0.0749626 0.00616254 0.0830902 0.113204 -0.0780501 -0.0724329 -0.0793166 -0.0815221 0.113187 0.0983859 -0.0814078 -0.0821029
internal_weight=389892 155729 9126.34 334.6 169.094 146603 8791.74 165.506 7519.15 234163 146530 44.0243 195661 38502.3
internal_count=11598631 1000864 434998 10453 3091 565866 424545 7362 364754 10597767 565634 178 9337039 1260728
is_linear=0
shrinkage=0.1


Tree=36
num_leaves=15
num_cat=0
split_feature=4 0 3 1 2 4 3 2 4 4 4 5 2 5
split_gain=239377 12810.2 2712.66 2610.07 2247.43 1840.87 1311.79 1907.97 817.095 672.451 608.683 428.957 425.476 423.224
threshold=3.5173683166503911 0.075000001117587103 104.18750000000001 15.500000000000002 2.8750000000000004 6.1144933700561532 74.187500000000014 2.8750000000000004 -0.47400267422199244 1.8497406840324404 6.0188097953796396 2.4146019220352177 2.6250000000000004 3.00477147102356
decision_type=2 2 2 2 2 2 2 2 2 2 2 2 2 2
left_child=2 3 -1 5 13 -2 7 -5 -4 -10 -6 -11 -8 -3
right_child=1 4 8 6 10 -7 12 -9 9 11 -12 -13 -14 -15
leaf_value=-0.080770071502074811 -0.063568737557855012 -0.07835024202013241 0.14885202384459895 -0.027428746558677025 -0.030998975129982998 0.10105963345027705 0.04159946616572624 0.11921544322355911 -0.078331653751781666 0.21224332113650843 0.11714698853122503 0.022831740475361163 0.11117145661760215 0.16701545936458537
leaf_weight=190791.13214096799 1518.6886372193694 4680.186325349845 444.56929030269384 1704.5724853631109 395.97609390504658 1228.8002162892371 886.13137343712151 1850.3638544324785 717.09222233854234 134.33347599394619 925.68138375133276 1087.4803003240377 109755.15009436756 71.36985127069056
leaf_count=10770193 48363 206111 1725 43992 8604 5284 22904 7137 19279 1552 3554 17948 441385 600
internal_value=-0.0100113 0.0990219 -0.0794456 0.106376 -0.0425817 0.0100605 0.108693 0.0489004 0.0265765 -0.00145988 0.0727616 0.0436568 0.110614 -0.0746648
internal_weight=316192 123017 193175 116944 6073.21 2747.49 114196 3554.94 2383.48 1938.91 1321.66 1221.81 110641 4751.56
internal_count=11598631 787934 10810697 569065 218869 53647 515418 51129 40504 38779 12158 19500 464289 206711
is_linear=0
shrinkage=0.1


Tree=37
num_leaves=15
num_cat=0
split_feature=0 4 2 3 2 4 0 2 1 0 4 4 2 4
split_gain=632074 253331 31137.5 6805.38 5940.21 2687.23 2367.44 2158.11 1588.6 1544 1212.69 633.45 803.285 395.475
threshold=0.17500000447034839 4.8159308433532724 2.4528195858001713 104.18750000000001 2.6250000000000004 5.9367952346801767 0.075000001117587103 2.8750000000000004 15.500000000000002 0.12500000372529033 -0.51500990986824025 6.3878748416900644 2.2028195858001713 3.5173683166503911
decision_type=2 2 2 2 2 2 2 2 2 2 2 2 2 2
left_child=1 3 -2 9 11 7 8 -6 -5 13 -11 -3 -13 -1
right_child=2 4 -4 6 5 -7 -8 -9 -10 10 -12 12 -14 -15
leaf_value=0.085012739333407777 -0.10191730606148669 0.077078379324304586 0.085188726325584524 0.08103168387822457 0.027332166500145822 -0.099439626340940043 0.086531237755686233 -0.073794238675491799 -0.047384541718911079 -0.025908948596307581 0.081989049585514145 0.087125293694859496 -0.098293281486374409 0.065916352801603073
leaf_weight=662773.13437387347 357696.00701798499 2152.472283154726 9121.0168448314071 1138.5719870701432 2911.8380266204476 83975.511730000377 2408.3627249896526 7666.3323091864586 6258.9429342672229 2259.9169229567051 1932.2926254794002 402.12878112494946 557.67331027984619 11025.088494710624
leaf_count=9083601 1667076 26171 124820 9660 18234 401497 22947 32237 34334 14922 18592 4164 2420 137956
internal_value=0.0111136 0.0617271 -0.0972649 0.0831276 -0.088982 -0.0934563 0.000416268 -0.0459573 -0.0276196 0.0843239 0.0238239 0.0469525 -0.0206084 0.0847003
internal_weight=1.15228e+06 785462 366817 687796 97666 94553.7 9805.88 10578.2 7397.51 677990 4192.21 3112.27 959.802 673798
internal_count=11598631 9806735 1791896 9322012 484723 451968 66941 50471 43994 9255071 33514 32755 6584 9221557
is_linear=0
shrinkage=0.1


Tree=38
num_leaves=15
num_cat=0
split_feature=5 0 5 3 3 2 0 4 0 4 4 2 4 4
split_gain=299876 51018.8 123.987 187.569 342.735 115.562 30.431 5.56517 1.66621 0.389864 0.257651 0.144299 0.230111 0.141926
threshold=3.0012133121490483 0.12500000372529033 3.00477147102356 91.562500000000014 91.937500000000014 2.3278195858001713 0.17500000447034839 -0.29630464315414423 0.12500000372529033 5.0209670066833505 6.7296018600463876 2.4528195858001713 5.2396721839904794 2.98427426815033
decision_type=2 2 2 2 2 2 2 2 2 2 2 2 2 2
left_child=8 2 3 -2 -5 6 7 -3 9 -1 -8 12 -10 -4
right_child=1 5 13 4 -6 -7 10 -9 11 -11 -12 -13 -14 -15
leaf_value=-0.081373022987161536 -0.0816418418532288 0.1550637221063661 -0.081372251223525496 0.16649792048029677 -0.083676330976493074 -0.083358700769325111 0.11328917901895252 0.10106770405084618 -0.082152952082432271 -0.082106633899316148 0.11378194891057077 -0.081453982415648635 -0.084776343656730452 -0.082000851529660468
leaf_weight=184139.69036794174 319.86264914274216 205.09709787741303 7964.2927529811859 106.99093771725893 112.17677054926753 29.861355492845178 136719.10042828321 21.046498965471983 35297.431954703294 7540.7027602754533 11503.461734235287 2984.9509574193507 337.55512925423682 6542.335405821912
leaf_count=8894032 14985 709 384947 349 3317 1006 527103 119 1109595 252924 44085 138720 5257 221483
internal_value=-0.0079929 0.0955631 -0.0799059 -0.0328125 0.038451 0.113344 0.113383 0.150038 -0.0815226 -0.0814019 0.113327 -0.0821219 -0.0821778 -0.0816557
internal_weight=393825 163524 15045.7 539.03 219.168 148479 148449 226.144 230300 191680 148223 38619.9 35635 14506.6
internal_count=11598631 1198103 625081 18651 3666 573022 572016 828 10400528 9146956 571188 1253572 1114852 606430
is_linear=0
shrinkage=0.1


Tree=39
num_leaves=15
num_cat=0
split_feature=0 2 2 3 0 0 3 3 2 4 4 3 0 0
split_gain=208828 99912.9 10246.6 1254.77 134.943 2.04513 3.81731 549.283 667.943 0.44782 0.0618917 0.0519707 0.0178036 0.0146547
threshold=0.12500000372529033 2.3278195858001713 2.4528195858001713 65.562500000000014 0.17500000447034839 0.075000001117587103 65.562500000000014 66.062500000000014 2.4528195858001713 4.9252834320068368 5.0209670066833505 105.93750000000001 0.17500000447034839 0.17500000447034839
decision_type=2 2 2 2 2 2 2 2 2 2 2 2 2 2
left_child=5 -2 3 13 -5 9 -7 8 -8 11 -9 -1 -4 -3
right_child=1 2 12 4 -6 6 7 10 -10 -11 -12 -13 -14 -15
leaf_value=-0.081237530555616125 -0.082011374229177883 -0.081790981629262086 -0.081972100688698341 0.15206166542834429 0.11244981846529666 -0.081263351709217377 0.18429272501262653 -0.081273603368884145 -0.084526256560027768 -0.081877664529025784 -0.082491920297917909 -0.08192135724466891 -0.081258866610284947 -0.084459759557570194
leaf_weight=107112.07503792923 34417.126292106695 22.079438673332334 410.32741208933294 865.5260114967823 134726.90983206034 40743.345601703972 173.51705758646131 29226.567809935659 197.79578733816743 12461.492255310528 423.01214238442481 1123.0430636014789 2379.7010066192597 302.07762895524502
leaf_count=5602086 1153398 826 14852 2815 524980 2130403 3240 1519938 6188 454774 13873 41535 124820 4903
internal_value=-0.0090927 0.070497 0.108339 0.112233 0.112703 -0.0810597 -0.0806329 -0.0797773 0.0410947 -0.08131 -0.081291 -0.0812446 -0.0813638 -0.084278
internal_weight=364585 173124 138707 135917 135592 191461 70764.2 30020.9 371.313 120697 29649.6 108235 2790.03 324.157
internal_count=11598631 1826594 673196 533524 527795 9772037 3673642 1543239 9428 6098395 1533811 5643621 139672 5729
is_linear=0
shrinkage=0.1


Tree=40
num_leaves=15
num_cat=0
split_feature=2 0 0 1 4 1 1 1 0 1 1 0 4 2
split_gain=263499 24258.7 241.088 182.074 18.6987 9.57547 5.15447 4.28168 2.3194 21.3311 2.24578 1.11632 0.45034 0.099276
threshold=1.0000000180025095e-35 0.12500000372529033 0.075000001117587103 16.500000000000004 7.5224084854125985 19.500000000000004 17.500000000000004 13.500000000000002 0.17500000447034839 12.500000000000002 16.500000000000004 0.12500000372529033 4.9252834320068368 2.4528195858001713
decision_type=2 2 2 2 2 2 2 2 2 2 2 2 2 2
left_child=1 2 5 7 -5 10 8 -4 9 -3 -1 12 -2 -13
right_child=11 6 3 4 -6 -7 -8 -9 -10 -11 -12 13 -14 -15
leaf_value=-0.080908614652671115 -0.081161466659692372 -0.096018106921060109 -0.081240747590249185 0.088861934552011954 -0.085500398694513924 -0.068696498612869306 0.13359728588372116 -0.042133092041834283 0.10690133043025032 0.11016798765833416 -0.077146258908291493 -0.081887351815761733 -0.081792161124853893 -0.081239642573965529
leaf_weight=2805.7114950548857 155883.58865505643 5.7334868609905234 104.97366514801979 163.39750574529171 6.3909883610904208 1102.2772976551205 72.322987020015717 38.177199823781848 133108.64441007376 40.1837557554245 3651.0769293867052 31111.974669831805 12208.103813461028 2561.180546621792
leaf_count=159572 8862937 33 5584 3000 91 59791 232 1778 565456 145 205182 1121056 474102 139672
internal_value=-0.00800185 0.096829 -0.0737498 0.0122603 0.0822988 -0.0773106 0.106908 -0.070811 0.106894 0.0844224 -0.0787811 -0.0813126 -0.0812073 -0.0818381
internal_weight=342864 141099 7872.01 312.939 169.788 7559.07 133227 143.151 133155 45.9172 6456.79 201765 168092 33673.2
internal_count=11598631 1000864 434998 10453 3091 424545 565866 7362 565634 178 364754 10597767 9337039 1260728
is_linear=0
shrinkage=0.1


Tree=41
num_leaves=15
num_cat=0
split_feature=4 0 1 3 3 4 3 2 4 4 5 5 2 2
split_gain=199270 10788.8 2303.27 2261.01 1863.62 1510.16 1177.34 1629.34 846.5 617.405 564.271 426.4 413.322 388.369
threshold=3.4490230083465581 0.075000001117587103 15.500000000000002 102.93750000000001 104.18750000000001 6.2921915054321298 74.187500000000014 2.8750000000000004 -0.47400267422199244 5.4993848800659189 3.00477147102356 3.0405635833740239 2.6250000000000004 2.4528195858001713
decision_type=2 2 2 2 2 2 2 2 2 2 2 2 2 2
left_child=3 2 5 -1 -3 11 7 -4 13 -6 -10 -2 -8 -5
right_child=1 4 6 8 9 -7 12 -9 10 -11 -12 -13 -14 -15
leaf_value=-0.080596619881124626 -0.07268191611746648 -0.072280036963196792 -0.02702530654221182 -0.26117169019643766 -0.05204361976429378 0.094790437195855864 0.036420644774583615 0.11272525953134116 -0.031059671334600938 0.11472678478460821 0.13071347894295568 0.16514032892152841 0.10488326090679245 0.16844426684864949
leaf_weight=164015.61843994353 1390.0554871428758 4415.9519931199029 1643.3671628758311 22.196773827075958 301.19900272134691 1108.9181115105748 889.64044407568872 1694.4876183606684 1644.139589369297 844.12572069652379 248.15598733071238 79.712984239682555 100354.2214932153 404.4119852008298
leaf_count=10753742 50171 211785 45319 84 8116 4868 23984 7139 43988 3778 931 480 442573 1673
internal_value=-0.00964573 0.0930053 0.100053 -0.0792103 -0.042799 0.0066882 0.102355 0.0439201 0.0188428 0.0708693 -0.00984471 -0.0597836 0.104282 0.146091
internal_weight=279056 112722 107160 166335 5561.28 2578.69 104582 3337.85 2318.9 1145.32 1892.3 1469.77 101244 426.609
internal_count=11598631 798213 574534 10800418 223679 55519 519015 52458 46676 11894 44919 50651 466557 1757
is_linear=0
shrinkage=0.1


Tree=42
num_leaves=15
num_cat=0
split_feature=0 4 2 3 3 5 2 5 0 4 4 0 4 4
split_gain=523979 212236 25496.3 9623.44 2735.88 2633.36 2050.32 1978.5 1444.4 1010.16 935.289 935.571 753.81 408.19
threshold=0.17500000447034839 5.2396721839904794 2.4528195858001713 104.18750000000001 74.812500000000014 3.00477147102356 2.8750000000000004 2.4432649612426762 0.12500000372529033 -0.51500990986824025 6.0188097953796396 0.075000001117587103 3.5173683166503911 6.7296018600463876
decision_type=2 2 2 2 2 2 2 2 2 2 2 2 2 2
left_child=1 3 13 8 6 7 -3 -5 12 -10 11 -6 -1 -2
right_child=2 4 -4 5 10 -7 -8 -9 9 -11 -12 -13 -14 -15
leaf_value=0.0841537608278419 -0.098405224738117691 0.055143738664820009 0.084355415096810188 -0.07510847634518919 -0.068126025782417249 -0.10375896877999731 -0.097648087435445591 0.038890542213831633 -0.022490341969989287 0.080224439712940618 -0.096463108527190047 0.072968724090208437 0.059045891392153285 -0.077429518724786039
leaf_weight=572210.36286814511 308586.29728727043 2232.6032404080033 7876.5305004790425 1923.7883818894625 6195.1935023069382 2335.9758949130774 1447.7875550836325 7297.0415100678802 2186.4272227734327 1703.4346272870898 72525.366825923324 508.52971548587084 12212.763404756784 9565.0360962450504
leaf_count=9083601 1618065 18542 124820 10753 31035 10987 7504 55068 14922 18686 390520 3798 161319 49011
internal_value=0.0109211 0.0607223 -0.0933745 0.0814496 -0.0892447 -0.00891988 -0.00496132 0.0151064 0.0832248 0.0224902 -0.0931598 -0.0574229 0.0836291 -0.0977746
internal_weight=1.00881e+06 682779 326028 599870 82909.5 11556.8 3680.39 9220.83 588313 3889.86 79229.1 6703.72 584423 318151
internal_count=11598631 9806735 1791896 9355336 451399 76808 26046 65821 9278528 33608 425353 34833 9244920 1667076
is_linear=0
shrinkage=0.1


Tree=43
num_leaves=15
num_cat=0
split_feature=5 0 5 3 3 3 3 0 0 2 4 2 4 4
split_gain=250503 41336.5 120.279 168.582 283.196 98.729 23.0666 28.37 1.19698 0.378447 0.315432 0.101173 0.298441 0.101135
threshold=3.0012133121490483 0.12500000372529033 3.00477147102356 91.562500000000014 91.937500000000014 91.562500000000014 93.187500000000014 0.17500000447034839 0.12500000372529033 1.5243974924087527 5.0209670066833505 2.4528195858001713 5.2396721839904794 2.98427426815033
decision_type=2 2 2 2 2 2 2 2 2 2 2 2 2 2
left_child=8 2 3 -2 -5 9 7 -7 10 -3 -1 12 -10 -4
right_child=1 5 13 4 -6 6 -8 -9 11 -11 -12 -13 -14 -15
leaf_value=-0.081172455604474503 -0.081438719919054159 -0.1313038737981454 -0.08117075924747752 0.15263292635506617 -0.083319591423280909 0.14312744731557686 -0.093487765011761634 0.10700920894695039 -0.081871555353026301 -0.081894643044903778 -0.08187586976714617 -0.081251187341023989 -0.084846585582558448 -0.081740933718879208
leaf_weight=157931.08596243989 274.91690498590469 1.6520972214639211 6826.1492437943816 105.24860647320747 98.447201136499643 217.82543095946312 5.7350146453827611 134723.52163563669 30865.413266225718 25.13491272367537 6643.1978141469881 2569.0316029749811 340.91512565687299 5715.7317348895594
leaf_count=8894032 14985 25 384947 349 3317 710 100 571186 1109595 1001 252924 138720 5257 221483
internal_value=-0.00785066 0.0906062 -0.0795531 -0.0303524 0.0385959 0.107021 0.107059 0.107068 -0.0813121 -0.084942 -0.0812008 -0.0818544 -0.0819041 -0.0814306
internal_weight=346344 147994 13020.5 478.613 203.696 134974 134947 134941 198350 26.787 164574 33775.4 31206.3 12541.9
internal_count=11598631 1198103 625081 18651 3666 573022 571996 571896 10400528 1026 9146956 1253572 1114852 606430
is_linear=0
shrinkage=0.1


Tree=44
num_leaves=15
num_cat=0
split_feature=0 2 2 3 0 0 3 3 5 4 4 3 3 0
split_gain=174742 82436.2 8257.15 1183.12 95.5516 2.29228 4.42476 560.962 626.98 0.340476 0.067245 0.0509749 0.0170903 0.015888
threshold=0.12500000372529033 2.3278195858001713 2.4528195858001713 65.562500000000014 0.17500000447034839 0.075000001117587103 65.562500000000014 66.062500000000014 2.0587884187698369 4.9252834320068368 5.0209670066833505 104.18750000000001 65.562500000000014 0.17500000447034839
decision_type=2 2 2 2 2 2 2 2 2 2 2 2 2 2
left_child=5 -2 3 13 -5 9 -7 8 -8 11 -9 12 -1 -3
right_child=1 2 -4 4 -6 6 7 10 -10 -11 -12 -13 -14 -15
leaf_value=-0.081077068608582298 -0.081749417868464791 -0.081586648768641551 -0.081175034189289091 0.13986963783986014 0.10632092954337098 -0.081078327076774204 0.18194189820428253 -0.081087201387664523 -0.081897221781674925 -0.081646467654999541 -0.082410265796111867 -0.081725551520620429 -0.080984099103863255 -0.084521935573299581
leaf_weight=62884.070854294114 30099.427898320369 19.623280106112361 2401.4252112684771 854.89545394480228 122245.7350282222 34926.64995316416 172.8285017311573 25056.682487906888 188.09298487380147 10914.790077000856 390.12842339091003 1123.4357660897076 28841.673704326153 305.8893155567348
leaf_count=3837965 1153398 826 139672 2815 524980 2130403 1486 1519938 7942 454774 13873 46117 1759539 4903
internal_value=-0.0089349 0.066915 0.102477 0.10605 0.106554 -0.0808325 -0.0803446 -0.0793517 0.0444431 -0.0811181 -0.0811075 -0.081056 -0.0810478 -0.084345
internal_weight=320425 155927 125828 123426 123101 164498 60734.4 25807.7 360.921 103764 25446.8 92849.2 91725.7 325.513
internal_count=11598631 1826594 673196 533524 527795 9772037 3673642 1543239 9428 6098395 1533811 5643621 5597504 5729
is_linear=0
shrinkage=0.1


Tree=45
num_leaves=15
num_cat=0
split_feature=2 0 0 1 4 1 1 1 0 1 0 4 1 4
split_gain=220968 19598.8 206.584 162.471 16.2226 10.9815 4.75967 3.0187 3.86271 2.60602 0.789829 0.333834 0.283425 0.10527
threshold=1.0000000180025095e-35 0.075000001117587103 0.12500000372529033 16.500000000000004 7.5224084854125985 19.500000000000004 13.500000000000002 17.500000000000004 0.17500000447034839 16.500000000000004 0.12500000372529033 4.9252834320068368 18.500000000000004 -0.51500990986824025
decision_type=2 2 2 2 2 2 2 2 2 2 2 2 2 2
left_child=1 5 3 6 -5 9 -3 8 -4 -1 11 -2 -11 -7
right_child=10 2 7 4 -6 13 -8 -9 -10 12 -12 -13 -14 -15
leaf_value=-0.080696571890072955 -0.080992308820033776 -0.081057971601260881 0.07340306371683368 0.087154107778531109 -0.084808722247394719 -0.066536182703551716 -0.03712892594892369 0.12256864457080824 0.10200158356868445 -0.075570138082839536 -0.081604459906096244 -0.081573301462109782 -0.077523445171733499 -0.08113872309272252
leaf_weight=2403.2817050265148 133623.32259795256 89.914135634899139 47.247262746095657 164.98016636818647 5.6746476441621772 950.83799025416374 33.9878512583673 71.327499628067017 119574.59004963934 1932.3737084306777 29340.075068525039 10680.338210379705 1206.7398729808629 4.9626057948917142
leaf_count=159572 8862937 5584 178 3000 91 59504 1778 232 565456 126307 1260728 474102 78875 287
internal_value=-0.00789926 0.0926362 0.101797 0.0181535 0.081436 -0.0765112 -0.0690077 0.102003 0.10199 -0.0782183 -0.0811315 -0.0810353 -0.076321 -0.066612
internal_weight=300130 126486 119988 294.557 170.655 6498.2 123.902 119693 119622 5542.4 173644 144304 3139.11 955.801
internal_count=11598631 1000864 576319 10453 3091 424545 7362 565866 565634 364754 10597767 9337039 205182 59791
is_linear=0
shrinkage=0.1


Tree=46
num_leaves=15
num_cat=0
split_feature=4 0 1 3 2 4 2 4 4 3 3 4 4 5
split_gain=166637 9147.74 2081.03 1890.97 1577.12 1260.22 1065.95 790.267 753.422 596.011 537.144 488.357 474.64 371.755
threshold=3.380677461624146 0.075000001117587103 15.500000000000002 102.93750000000001 2.8750000000000004 6.2921915054321298 2.6250000000000004 5.6497445106506357 -0.47400267422199244 51.562500000000007 105.93750000000001 6.1144933700561532 2.0684459209442143 2.0400025844573979
decision_type=2 2 2 2 2 2 2 2 2 2 2 2 2 2
left_child=3 2 5 -1 -3 -2 7 -4 10 -8 -5 13 -10 -6
right_child=1 4 6 8 11 -7 9 -9 12 -11 -12 -13 -14 -15
leaf_value=-0.080404381236704375 -0.059051441255317909 -0.073501845772934574 -0.066502008418939829 1.1413979233925535 0.84599685109282818 0.08724290438455784 -0.014590916886866543 0.093880714009350455 -0.074032322345784482 0.099068094148386437 0.12501191907672443 0.10389567590252467 0.032322218829722117 -0.039802790342792597
leaf_weight=140895.03191863839 1384.4647983126342 3888.1793884895742 686.50338231958449 5.2688784301280966 4.7926166374236336 1024.6184691265225 463.66263525281101 556.09033407457173 742.91698013618588 93184.475738164037 395.68333921581507 786.1662171036005 964.24224467761815 415.00108838640153
leaf_count=10744362 52696 213649 36903 65 45 4868 16904 6524 25386 462553 1692 3502 18025 11457
internal_value=-0.00926854 0.0881152 0.0949543 -0.0789978 -0.0425141 0.00316969 0.0972845 0.00527309 0.0150114 0.0985054 0.138368 0.0573946 -0.0139609 -0.02969
internal_weight=245397 102394 97299.8 143003 5094.14 2409.08 94890.7 1242.59 2108.11 93648.1 400.952 1205.96 1707.16 419.794
internal_count=11598631 809101 580448 10789530 228653 57564 522884 43427 45168 479457 1757 15004 43411 11502
is_linear=0
shrinkage=0.1


Tree=47
num_leaves=15
num_cat=0
split_feature=0 4 2 3 4 2 5 5 0 2 1 5 0 3
split_gain=436227 178250 21037.7 5187.97 5160.22 3299.62 1799.07 1380.96 1378.26 1087.4 879.938 840.924 625.237 531.148
threshold=0.17500000447034839 4.7339162826538095 2.4528195858001713 102.93750000000001 5.8137736320495614 2.8750000000000004 3.00477147102356 2.0556275844573979 0.12500000372529033 2.2028195858001713 17.500000000000004 3.00477147102356 0.075000001117587103 78.187500000000014
decision_type=2 2 2 2 2 2 2 2 2 2 2 2 2 2
left_child=1 3 -2 8 5 11 7 -5 -1 -6 -10 -3 -7 -11
right_child=2 4 -4 6 9 12 -8 -9 10 13 -12 -13 -14 -15
leaf_value=0.083086882690279307 -0.094467343669488529 0.063329168115496715 0.083647855489288159 -0.20224462555784323 0.085655547327871617 -0.070106534326075359 -0.10219458065436496 0.032419005349900144 0.047941324276843125 -0.049029466368635741 -0.069810339595249307 -0.11244631329724493 0.064448024542550816 -0.092963503062368502
leaf_weight=501024.69472647458 280977.91990955174 4070.0802846476436 6791.555820338428 259.6287655159831 349.81353759020567 5795.2011754736304 1316.1456117779016 7357.0230751335621 2753.8907764181495 2873.1938262879848 824.66893309354782 291.67458993941545 367.22390679270029 65116.874584898353
leaf_count=9205557 1667076 46181 124820 1054 4461 27693 6917 65902 29030 16713 4403 1227 2144 395453
internal_value=0.0107449 0.0598117 -0.0902637 0.0813079 -0.080164 -0.0149805 0.00576481 0.02442 0.0826452 -0.0902021 0.0208058 0.0515749 -0.0620883 -0.0911069
internal_weight=880170 592400 287769 513536 78864.1 10524.2 8932.8 7616.65 504603 68339.9 3578.56 4361.75 6162.43 67990.1
internal_count=11598631 9806735 1791896 9312863 493872 77245 73873 66956 9238990 416627 33433 47408 29837 412166
is_linear=0
shrinkage=0.1


Tree=48
num_leaves=15
num_cat=0
split_feature=5 0 5 3 3 3 3 0 0 2 4 4 2 4
split_gain=210308 33867.9 113.99 148.661 236.583 82.9089 19.4649 20.4213 0.847334 0.396467 0.242293 0.0711181 0.0699283 0.34163
threshold=3.0012133121490483 0.12500000372529033 3.00477147102356 91.562500000000014 91.937500000000014 91.562500000000014 93.187500000000014 0.17500000447034839 0.12500000372529033 1.5243974924087527 4.9252834320068368 2.98427426815033 2.4528195858001713 5.2396721839904794
decision_type=2 2 2 2 2 2 2 2 2 2 2 2 2 2
left_child=8 2 3 -2 -5 9 7 -7 10 -3 -1 -4 13 -10
right_child=1 5 11 4 -6 6 -8 -9 12 -11 -12 -13 -14 -15
leaf_value=-0.081001215816450062 -0.081259668133039378 -0.13528635693588631 -0.08099881902309658 0.14172277533723995 -0.083135289667323226 0.13321174058143451 -0.092007784050879116 0.1021170008462863 -0.081622711814693785 -0.081714667911559305 -0.081652675997474805 -0.081513081721976632 -0.081077506341161121 -0.084819845072384048
leaf_weight=135247.95664186217 236.04837307147682 1.473181720823052 5846.0572699336335 101.32103054225445 86.943018318153918 211.57654476165771 5.1625591218471518 121140.48931746185 26884.299247123301 22.186686204746366 5960.67193311546 4979.7455998407677 2209.5574398050085 338.42912779096514
leaf_count=8887283 14985 25 384947 349 3317 710 100 571186 1109595 1001 259673 221483 138720 5257
internal_value=-0.00771407 0.0867423 -0.0792426 -0.0283983 0.0378801 0.102126 0.102163 0.102171 -0.0811304 -0.0850503 -0.0810287 -0.0812354 -0.0816185 -0.0816625
internal_weight=303272 132631 11250.1 424.312 188.264 121381 121357 121352 170641 23.6599 141209 10825.8 29432.3 27222.7
internal_count=11598631 1198103 625081 18651 3666 573022 571996 571896 10400528 1026 9146956 606430 1253572 1114852
is_linear=0
shrinkage=0.1


Tree=49
num_leaves=15
num_cat=0
split_feature=0 2 2 3 0 0 3 3 2 4 4 3 3 0
split_gain=146758 68476.6 6733.96 1110.52 69.1371 2.55605 5.07336 570.252 565.429 0.256143 0.0554942 0.0452244 0.0198518 0.0156945
threshold=0.12500000372529033 2.3278195858001713 2.4528195858001713 65.562500000000014 0.17500000447034839 0.075000001117587103 65.562500000000014 66.062500000000014 2.4528195858001713 4.9252834320068368 5.0209670066833505 104.18750000000001 65.562500000000014 0.17500000447034839
decision_type=2 2 2 2 2 2 2 2 2 2 2 2 2 2
left_child=5 -2 3 13 -5 9 -7 8 -8 11 -9 12 -1 -3
right_child=1 2 -4 4 -6 6 7 10 -10 -11 -12 -13 -14 -15
leaf_value=-0.080918974917721681 -0.081517234140438807 -0.081409046630926615 -0.081013052397261198 0.13043827566874752 0.10153981330665587 -0.080920285995078778 0.17019734998296421 -0.080930171024800476 -0.084650071222262868 -0.081441887245537498 -0.082197727404188375 -0.081558196326529053 -0.080810725247064341 -0.084496968652397364
leaf_weight=53862.262401761487 26216.105472223833 17.400827274657786 2065.5935109592974 834.16530853509903 109686.7794585675 29919.685532290488 181.45910071954131 21491.964025074616 167.35068048723042 9537.2362894443795 351.03390888869762 1010.5185796134174 24714.93634946458 304.22546481341124
leaf_count=3837965 1153398 826 139672 2815 524980 2130403 3240 1519938 6188 454774 13873 46117 1759539 4903
internal_value=-0.00881934 0.0640784 0.0978841 0.101218 0.101758 -0.0806269 -0.0800705 -0.0789248 0.0479276 -0.0809522 -0.0809505 -0.0808935 -0.0808849 -0.0843299
internal_weight=280361 139124 112908 110843 110521 141236 52111.5 22191.8 348.81 89125 21843 79587.7 78577.2 321.626
internal_count=11598631 1826594 673196 533524 527795 9772037 3673642 1543239 9428 6098395 1533811 5643621 5597504 5729
is_linear=0
shrinkage=0.1


Tree=50
num_leaves=15
num_cat=0
split_feature=2 0 0 1 1 1 1 1 1 0 0 1 4 4
split_gain=186022 15998.9 153.26 144.268 14.4521 12.5645 5.25948 3.02229 1.1519 3.72505 0.560298 0.326183 0.248059 0.118499
threshold=1.0000000180025095e-35 0.075000001117587103 0.12500000372529033 16.500000000000004 18.500000000000004 19.500000000000004 13.500000000000002 16.500000000000004 17.500000000000004 0.17500000447034839 0.12500000372529033 18.500000000000004 4.9252834320068368 -0.51500990986824025
decision_type=2 2 2 2 2 2 2 2 2 2 2 2 2 2
left_child=1 5 3 6 -5 7 -3 -1 9 -4 12 -9 -2 -7
right_child=10 2 8 4 -6 13 -8 11 -10 -11 -12 -13 -14 -15
leaf_value=-0.080502768426376978 -0.080847795986445189 -0.08090241163091573 0.07018601809827324 0.052914724960225812 0.11106139029154499 -0.064196825912703287 -0.031774702487644461 -0.074547763328800226 0.11105170792307878 0.098137815022531716 -0.081402979529716119 -0.076807792292564403 -0.081384189596953607 -0.080967590126168248
leaf_weight=2058.0186753533781 114468.67759163864 76.988961085677147 47.698746547102928 88.961242116987705 82.278504863381386 825.77229273319244 30.394896211102605 1663.1784378206357 68.982419192790985 106490.53278070688 25498.146149553359 1036.6464065890759 9323.8735591163859 4.2347681345418087
leaf_count=159572 8862937 5584 178 2049 1042 59504 1778 126307 232 565456 1260728 78875 474102 287
internal_value=-0.00780554 0.0893166 0.0979401 0.0238707 0.0808535 -0.0756355 -0.0669969 -0.077616 0.0981337 0.0981253 -0.0809761 -0.0754155 -0.0808882 -0.0642824
internal_weight=261764 112474 106886 278.624 171.24 5587.85 107.384 4757.84 106607 106538 149291 2699.82 123793 830.007
internal_count=11598631 1000864 576319 10453 3091 424545 7362 364754 565866 565634 10597767 205182 9337039 59791
is_linear=0
shrinkage=0.1


Tree=51
num_leaves=15
num_cat=0
split_feature=4 1 2 2 3 3 4 3 2 4 0 2 5 5
split_gain=139662 7947.9 2013.13 1550.61 1487.56 1243.71 683.731 673.734 563.915 534.248 458.217 371.751 355.865 297.202
threshold=3.2576558589935307 15.500000000000002 2.6250000000000004 2.8750000000000004 102.93750000000001 58.812500000000007 -0.47400267422199244 102.93750000000001 2.8750000000000004 6.1144933700561532 0.075000001117587103 2.4528195858001713 3.00477147102356 2.9737362861633305
decision_type=2 2 2 2 2 2 2 2 2 2 2 2 2 2
left_child=4 3 7 -2 -1 8 11 -3 -4 13 -7 -6 -8 -5
right_child=1 2 5 9 6 10 12 -9 -10 -11 -12 -13 -14 -15
leaf_value=-0.080254619964402155 -0.077440938982321808 -0.055068389814683642 -0.05612200704479841 -0.059307769719912834 -0.27256997983275394 0.095041429925356455 -0.037878809749053007 0.094719441258793668 0.10351731606204476 0.099280879674346872 0.03855916092311075 0.15422976379537878 0.12062089148195872 0.17008315860944703
leaf_weight=120846.75068099145 3435.8532320763916 1248.0382186723873 807.3206548858434 450.3084212699905 21.643932998180389 83628.1520920638 1311.4836201425642 395.42904758546501 304.8242049664259 824.90625835955143 1461.4044823441654 357.44180241972208 158.80668828636408 64.580700676888227
leaf_count=10727673 201488 78030 41673 9916 84 461337 40157 2693 1202 4111 27625 1673 682 287
internal_value=-0.00891821 0.0837777 0.0906079 -0.0418584 -0.0788925 0.0926981 0.0101151 -0.0190285 -0.012367 0.0493917 0.0940714 0.129862 -0.0207592 -0.0305361
internal_weight=215317 92620.8 87845.2 4775.65 122696 86201.7 1849.38 1643.47 1112.14 1339.8 85089.6 379.086 1470.29 514.889
internal_count=11598631 828362 612560 215802 10770269 531837 42596 80723 42875 14314 488962 1757 40839 10203
is_linear=0
shrinkage=0.1


Tree=52
num_leaves=15
num_cat=0
split_feature=0 4 2 3 3 5 2 5 0 4 4 4 5 4
split_gain=364362 149815 17452.5 7767.49 2122.67 2058.51 1860.87 1724.7 1280.2 856.34 760.818 760.509 663.19 479.139
threshold=0.17500000447034839 5.2396721839904794 2.4528195858001713 102.93750000000001 78.187500000000014 3.00477147102356 2.8750000000000004 2.4432649612426762 0.12500000372529033 6.0188097953796396 -0.51500990986824025 3.5173683166503911 3.00477147102356 6.7296018600463876
decision_type=2 2 2 2 2 2 2 2 2 2 2 2 2 2
left_child=1 3 13 8 6 7 -3 -5 11 12 -10 -1 -6 -2
right_child=2 4 -4 5 9 -7 -8 -9 10 -11 -12 -13 -14 -15
leaf_value=0.082791751968933611 -0.092561706975483216 0.049089041601342642 0.08304232461203967 -0.069099578333483944 -0.024794036783502928 -0.098980395247516006 -0.092246519659020157 0.03867025450867223 -0.020105821072738551 -0.090685986279237296 0.077524751611580678 0.054439618910688707 -0.09805657588036544 -0.067313928399403006
leaf_weight=424114.79852013662 239023.49781624973 2220.5721602924168 5846.4616337306798 1881.4611284546554 3671.4981252960861 1887.5719280019403 1604.8127804100513 7046.7218584083021 1958.1648314222693 55975.202345963567 1347.4465334452689 9676.7779734618962 1862.3281239122152 7760.5397175848484
leaf_count=9075823 1618065 20543 124820 11439 22554 11077 10353 63537 14922 387045 18641 159897 10904 49011
internal_value=0.0105899 0.0589811 -0.0877222 0.0796154 -0.0824809 -0.00409978 -0.0102036 0.0159596 0.0816869 -0.086976 0.0196907 0.0821593 -0.0494495 -0.0917677
internal_weight=765878 513247 252630 447913 65334.4 10815.8 3825.38 8928.18 437097 61509 3305.61 433792 5533.83 246784
internal_count=11598631 9806735 1791896 9355336 451399 86053 30896 74976 9269283 420503 33563 9235720 33458 1667076
is_linear=0
shrinkage=0.1


Tree=53
num_leaves=15
num_cat=0
split_feature=5 0 5 3 3 3 3 0 0 2 4 4 2 4
split_gain=177067 27982.3 106.951 130.671 200.49 71.0236 16.9245 16.2539 0.60013 0.401376 0.187567 0.0871001 0.310192 0.0495962
threshold=3.0012133121490483 0.12500000372529033 3.00477147102356 91.562500000000014 91.937500000000014 91.562500000000014 93.187500000000014 0.17500000447034839 0.12500000372529033 1.5243974924087527 4.9252834320068368 6.7296018600463876 2.4528195858001713 1.4259992837905886
decision_type=2 2 2 2 2 2 2 2 2 2 2 2 2 2
left_child=8 2 3 -2 -5 9 7 -7 10 -3 -1 -10 -13 -4
right_child=1 5 13 4 -6 6 -8 -9 11 -11 -12 12 -14 -15
leaf_value=-0.080855180688528233 -0.081109423730839902 -0.1378988154600064 -0.080850198124325617 0.13374507433509872 -0.082978401851189126 0.12650348353621513 -0.091315613668699142 0.098231975381572911 -0.081380638458940169 -0.081559469205637447 -0.081467852228881893 -0.084798557975637012 -0.080871273105294628 -0.081312024698234064
leaf_weight=115853.80724143796 202.66240973118693 1.3509839847683931 4951.8790873298422 95.870167165994644 76.944738867692649 203.74097122251987 4.7081925552338353 107915.80136461556 24734.148831143044 19.759107768535614 5222.1352803660557 331.25602820329368 511.91250770445913 4384.1025252258405
leaf_count=8887283 14985 25 381233 349 3317 710 100 571186 1209185 1001 259673 5148 39239 225197
internal_value=-0.00762806 0.0836395 -0.0789625 -0.0266339 0.0372503 0.0982412 0.098277 0.0982853 -0.0809746 -0.085165 -0.0808816 -0.0814147 -0.0824142 -0.0810671
internal_weight=264510 117857 9711.46 375.477 172.815 108145 108124 108120 146653 21.1101 121076 25577.3 843.169 9335.98
internal_count=11598631 1198103 625081 18651 3666 573022 571996 571896 10400528 1026 9146956 1253572 44387 606430
is_linear=0
shrinkage=0.1


Tree=54
num_leaves=15
num_cat=0
split_feature=0 2 2 3 3 0 3 3 5 4 4 3 3 0
split_gain=123640 57163.3 5560.74 1066.54 61.2755 2.88715 5.86569 579.736 526.781 0.1924 0.0499006 0.0387757 0.0231879 0.0158539
threshold=0.12500000372529033 2.3278195858001713 2.4528195858001713 65.562500000000014 66.062500000000014 0.075000001117587103 65.562500000000014 66.062500000000014 2.0587884187698369 4.9252834320068368 5.0209670066833505 104.18750000000001 65.562500000000014 0.17500000447034839
decision_type=2 2 2 2 2 2 2 2 2 2 2 2 2 2
left_child=5 -2 3 13 -5 9 -7 8 -8 11 -9 12 -1 -3
right_child=1 2 -4 4 -6 6 7 10 -10 -11 -12 -13 -14 -15
leaf_value=-0.080784071718765227 -0.081312960302596105 -0.081257444725312683 -0.080881342587912811 0.097999487254494311 -0.11637646053847744 -0.080785493532628705 0.16769480329777206 -0.080795677326983076 -0.08177591214279363 -0.081262661147878668 -0.0820577485244363 -0.08140311214158788 -0.080657639838378051 -0.084530287984604865
leaf_weight=46108.955656522419 22753.952995846979 15.552413783036171 1781.5812044618651 98380.800471007824 13.335015907883642 25615.951253075153 180.86988641321659 18422.293725274503 159.09674056340009 8311.3869185680524 318.70383663196117 905.39202667493373 21164.448892293498 306.27308005839586
leaf_count=3837965 1153398 826 139672 527721 74 2130403 1486 1519938 7942 454774 13873 46117 1759539 4903
internal_value=-0.00871158 0.0618108 0.0942159 0.097376 0.0979704 -0.0804353 -0.0797968 -0.0784695 0.0509481 -0.0808084 -0.0808171 -0.080753 -0.0807443 -0.0843721
internal_weight=244439 123251 100498 98716 98394.1 121187 44696.9 19081 339.967 76490.2 18741 68178.8 67273.4 321.825
internal_count=11598631 1826594 673196 533524 527795 9772037 3673642 1543239 9428 6098395 1533811 5643621 5597504 5729
is_linear=0
shrinkage=0.1


Tree=55
num_leaves=15
num_cat=0
split_feature=2 0 0 1 4 1 1 1 0 1 0 1 4 4
split_gain=156998 13136.2 114.031 127.139 14.3414 14.3343 5.77531 3.5036 0.978307 20.9526 0.396147 0.375101 0.18323 0.13841
threshold=1.0000000180025095e-35 0.075000001117587103 0.12500000372529033 16.500000000000004 7.5224084854125985 19.500000000000004 13.500000000000002 16.500000000000004 0.17500000447034839 12.500000000000002 0.12500000372529033 18.500000000000004 4.9252834320068368 -0.51500990986824025
decision_type=2 2 2 2 2 2 2 2 2 2 2 2 2 2
left_child=1 5 3 6 -5 7 -3 -1 9 -4 12 -9 -2 -7
right_child=10 2 8 4 -6 13 -8 11 -10 -11 -12 -13 -14 -15
leaf_value=-0.080321523899680142 -0.080724782511994331 -0.080769492543036073 -0.096943272081738446 0.085429001754353695 -0.084345002339019787 -0.061571388643879427 -0.026069635473313198 -0.073404364962565319 0.095033016766866957 0.095744683229196659 -0.081227958686147461 -0.076018412085231496 -0.081218781923281941 -0.080852885433880223
leaf_weight=1760.9773161681369 98028.348512342665 65.86478391289711 5.9494371861219397 166.52833771705627 5.1288683097809544 718.1406379789114 27.303451687097549 1431.5919308597222 94123.01565438509 109.65338771045208 22103.440843427554 890.32693670224398 8131.1448660921305 3.7423298992216578
leaf_count=159572 8862937 5584 33 3000 91 59504 1778 126307 565456 377 1260728 78875 474102 287
internal_value=-0.00775752 0.0866368 0.0948376 0.0293102 0.0803564 -0.0746611 -0.0647394 -0.0769578 0.0950217 0.0858281 -0.0808428 -0.0744067 -0.0807626 -0.0616713
internal_weight=227571 99308.2 94503.4 264.825 171.657 4804.78 93.1682 4082.9 94238.6 115.603 128263 2321.92 106159 721.883
internal_count=11598631 1000864 576319 10453 3091 424545 7362 364754 565866 410 10597767 205182 9337039 59791
is_linear=0
shrinkage=0.1


Tree=56
num_leaves=15
num_cat=0
split_feature=4 0 2 4 3 5 3 4 2 4 5 1 4 4
split_gain=117263 6821.15 1916.94 3179.72 1370.99 1232.09 664.218 586.211 467.22 418.108 917.079 361.676 344.746 339.867
threshold=3.2576558589935307 0.075000001117587103 2.8750000000000004 5.6497445106506357 102.93750000000001 3.00477147102356 130.31250000000003 -0.47400267422199244 2.8750000000000004 4.3785204887390146 2.4432649612426762 15.500000000000002 1.8497406840324404 6.2101769447326669
decision_type=2 2 2 2 2 2 2 2 2 2 2 2 2 2
left_child=4 2 3 6 -1 8 -2 -6 -3 10 -4 -5 -9 -10
right_child=1 5 9 11 7 -7 -8 12 13 -11 -12 -13 -14 -15
leaf_value=-0.080060494606049276 -0.0434627291453046 -0.0767735946468069 0.26224084376555357 -0.034447650907522304 0.12424807323178438 0.12217999231750164 0.0898937950621541 -0.076952151002257857 -0.05009784474501653 0.092067459440069777 0.10088202398157552 0.088250717256385391 0.023406693328188569 0.083875408730868933
leaf_weight=103687.31288529327 3218.3193948594853 3133.1680481084622 461.38641285244375 247.80915443971753 353.52163661271334 411.95179486088455 422.52786704152822 602.28927429486066 419.2053583972156 65183.882556930184 1488.7445828523487 7863.3328936211765 792.88725018966943 345.34390046447515
leaf_count=10727673 129695 219378 2687 2972 1757 2413 1896 23949 13759 392227 12089 49489 16890 1757
internal_value=-0.00854236 0.0802177 0.0869104 0.0496524 -0.0785796 -0.0422881 -0.0279864 0.00922732 -0.0596708 0.0934325 0.139058 0.0845021 -0.0199176 0.0104173
internal_weight=188632 83195.7 78886 11752 105436 4309.67 3640.85 1748.7 3897.72 67134 1950.13 8111.14 1395.18 764.549
internal_count=11598631 828362 591055 184052 10770269 237307 131591 42596 234894 407003 14776 52461 40839 15516
is_linear=0
shrinkage=0.1


Tree=57
num_leaves=15
num_cat=0
split_feature=0 4 2 3 4 2 0 0 2 2 3 3 5 4
split_gain=305051 126100 14537.5 4456.33 4377.41 2553.89 1418.54 1238.1 906.269 840.765 770.341 689.949 565.442 502.981
threshold=0.17500000447034839 4.7339162826538095 2.4528195858001713 102.93750000000001 6.0188097953796396 2.8750000000000004 0.075000001117587103 0.12500000372529033 2.8750000000000004 2.2028195858001713 130.31250000000003 65.562500000000014 2.9883444309234624 6.7296018600463876
decision_type=2 2 2 2 2 2 2 2 2 2 2 2 2 2
left_child=1 3 13 7 5 10 8 -1 -5 -6 -3 -9 -7 -2
right_child=2 4 -4 6 9 12 -8 11 -10 -11 -12 -13 -14 -15
leaf_value=0.08177277957237046 -0.090435437266631724 0.059205720771463716 0.082519811631798487 0.050305984227873329 0.084878549433128031 -0.034004921179901781 0.083027100902087064 0.071193802866161254 -0.039209196472415414 -0.086792761317138881 -0.0905816127822648 -0.024697945729466285 -0.097357150972952999 -0.063225914021702564
leaf_weight=371126.17195064947 208714.76383206248 3797.3507440462708 5024.359683137387 1495.6080166324973 286.87820805236697 4249.1331899315119 1825.4850285016 1345.3765386901796 4639.3732098154724 51378.675662152469 377.4772484973073 1696.4875940494239 2107.6715731918812 7022.3284895420074
leaf_count=9205557 1618065 48961 124820 15004 4342 22863 26437 18304 32432 401687 1867 15129 14152 49011
internal_value=0.0104471 0.0581843 -0.0856336 0.0796769 -0.0738619 -0.0151027 0.00563995 0.081252 -0.0173869 -0.0858395 0.0456623 0.0177137 -0.0550101 -0.0895498
internal_weight=665087 444326 220761 382129 62197.2 10531.6 7960.47 374168 6134.98 51665.6 4174.83 3041.86 6356.8 215737
internal_count=11598631 9806735 1791896 9312863 493872 87843 73873 9238990 47436 406029 50828 33433 37015 1667076
is_linear=0
shrinkage=0.1


Tree=58
num_leaves=15
num_cat=0
split_feature=5 0 5 3 3 3 3 0 0 2 4 4 2 3
split_gain=149568 23267.5 100.032 114.9 172.596 60.8592 14.7654 12.0188 0.423549 0.409215 0.143929 0.115959 0.296582 0.0390066
threshold=3.0012133121490483 0.12500000372529033 3.00477147102356 91.562500000000014 91.937500000000014 91.562500000000014 93.187500000000014 0.17500000447034839 0.12500000372529033 1.5243974924087527 4.9252834320068368 6.7296018600463876 2.4528195858001713 104.18750000000001
decision_type=2 2 2 2 2 2 2 2 2 2 2 2 2 2
left_child=8 2 3 -2 -5 9 7 -7 10 -3 13 -10 -13 -1
right_child=1 5 -4 4 -6 6 -8 -9 11 -11 -12 12 -14 -15
leaf_value=-0.080724199365487387 -0.080970639771275776 -0.14132626548111821 -0.080921490871391652 0.12819204646773394 -0.082896043883470161 0.12003425821923477 -0.090012526094794168 0.095134147022653159 -0.081194458841155712 -0.081429405859450354 -0.081304764100245716 -0.084729143813565971 -0.080747946527461381 -0.081316089669239311
leaf_weight=98083.707932005171 173.78635827824473 1.2203539479523922 8040.8511926536448 89.558808140456676 68.256701959297061 194.24182629585266 4.3052108576521269 95500.456034868956 21408.907519634813 17.459155151620507 4572.1848272308707 326.51214201794937 438.30226450879127 1126.194546662271
leaf_count=8827161 14985 25 606430 349 3317 710 100 571186 1209185 1001 259673 5148 39239 60122
internal_value=-0.00754035 0.0811581 -0.0787018 -0.0248764 0.0368944 0.0951411 0.0951764 0.0951847 -0.080841 -0.0853425 -0.0807562 -0.0812377 -0.0824476 -0.0807309
internal_weight=230046 104090 8372.45 331.602 157.816 95717.7 95699 95694.7 125956 18.6795 103782 22173.7 764.814 99209.9
internal_count=11598631 1198103 625081 18651 3666 573022 571996 571896 10400528 1026 9146956 1253572 44387 8887283
is_linear=0
shrinkage=0.1


Tree=59
num_leaves=15
num_cat=0
split_feature=0 2 2 3 3 0 3 3 2 4 4 3 3 0
split_gain=104379 47922.3 4612.73 1012.45 52.8168 3.24354 6.70561 586.551 483.702 0.145054 0.0462012 0.0223721 5.92756 0.0147865
threshold=0.12500000372529033 2.3278195858001713 2.4528195858001713 65.562500000000014 66.062500000000014 0.075000001117587103 65.562500000000014 66.062500000000014 2.4528195858001713 3.4490230083465581 5.0209670066833505 65.562500000000014 66.062500000000014 0.17500000447034839
decision_type=2 2 2 2 2 2 2 2 2 2 2 2 2 2
left_child=5 -2 3 13 -5 9 -7 8 -8 11 -9 -1 -13 -3
right_child=1 2 -4 4 -6 6 7 10 -10 -11 -12 12 -14 -15
leaf_value=-0.080668223225652369 -0.081135230524347721 -0.081123047102557244 -0.080762704907633043 0.09496485426334253 -0.11584613456505222 -0.080670415330077516 0.15973331946078789 -0.08068145491766654 -0.084710882677089205 -0.081064180250080123 -0.08194585046455849 -0.058567522158012308 -0.08068349470981985 -0.084470054413044934
leaf_weight=38949.414578661323 19700.311973139178 13.801737086847423 1531.7734997877851 86937.352653980255 11.886243000626562 21920.604252133518 187.17254406772554 15788.792446860112 142.6409620102495 8694.3523735296912 294.38122873101383 122.01767851877958 17850.420758198015 302.41322531923652
leaf_count=3793012 1153398 826 139672 527721 74 2130403 3240 1519938 6188 574534 13873 11546 1719303 4903
internal_value=-0.00864603 0.0599631 0.0912668 0.0942865 0.094936 -0.0802568 -0.079526 -0.0779975 0.0540137 -0.0806837 -0.0807046 -0.0806256 -0.0805333 -0.084324
internal_weight=212447 108498 88797.2 87265.5 86949.2 103950 38333.6 16413 329.814 65616.2 16083.2 56921.9 17972.4 316.215
internal_count=11598631 1826594 673196 533524 527795 9772037 3673642 1543239 9428 6098395 1533811 5523861 1730849 5729
is_linear=0
shrinkage=0.1


Tree=60
num_leaves=15
num_cat=0
split_feature=2 0 0 1 1 1 1 1 0 1 1 0 4 4
split_gain=132801 10841.3 85.0321 113.132 16.2935 12.8406 4.05578 2.32941 0.695623 14.3835 0.430384 0.282603 0.15478 0.136693
threshold=1.0000000180025095e-35 0.075000001117587103 0.12500000372529033 15.500000000000002 19.500000000000004 18.500000000000004 16.500000000000004 13.500000000000002 0.17500000447034839 13.500000000000002 18.500000000000004 0.12500000372529033 -0.51500990986824025 4.8159308433532724
decision_type=2 2 2 2 2 2 2 2 2 2 2 2 2 2
left_child=1 4 3 7 6 -5 -1 -3 9 -4 -8 13 -6 -2
right_child=11 2 8 5 12 -7 10 -9 -10 -11 -12 -13 -14 -15
leaf_value=-0.080149168215228619 -0.080619335585809887 -0.080656458526975214 -0.056596247961183704 0.05175171626405687 -0.058644622017832153 0.10519010365626838 -0.072122702844771569 -0.037586578616784661 0.092519065697538663 0.093603681406674091 -0.075141622031250299 -0.081078094440384454 -0.080724897587802838 -0.081073694447419492
leaf_weight=1506.9208100112155 83801.192421484739 56.347885295748711 6.7763179391622534 95.837038121186197 626.12317338585854 84.710029236972332 1233.5102768121287 16.158310580998659 82700.503726363182 107.83085006475449 765.15678745694458 19126.967222450767 3.1909042717888942 7189.4144549611956
leaf_count=159572 8853746 5584 38 2662 59504 1042 126307 1165 565456 372 78875 1260728 287 483293
internal_value=-0.00772377 0.0844648 0.0923314 0.0344522 -0.0735722 0.0768242 -0.0762319 -0.0710582 0.0925083 0.0847229 -0.0732784 -0.0807287 -0.0587566 -0.0806552
internal_weight=197321 87203.1 83068.2 253.053 4134.9 180.547 3505.59 72.5062 82815.1 114.607 1998.67 110118 629.314 90990.6
internal_count=11598631 1000864 576319 10453 424545 3704 364754 6749 565866 410 205182 10597767 59791 9337039
is_linear=0
shrinkage=0.1


Tree=61
num_leaves=15
num_cat=0
split_feature=4 1 2 4 3 5 3 4 5 4 2 4 5 3
split_gain=98550.7 5953.21 1727.37 2365.36 1298.26 1087.8 681.231 576.789 506.982 504.171 350.845 316.683 253.574 233.867
threshold=3.2576558589935307 15.500000000000002 2.8750000000000004 5.3626937866210946 101.93750000000001 3.00477147102356 78.437500000000014 -0.51500990986824025 3.00477147102356 8.2195315361022967 2.4528195858001713 1.8497406840324404 2.3581535816192631 105.93750000000001
decision_type=2 2 2 2 2 2 2 2 2 2 2 2 2 2
left_child=4 5 3 8 -1 9 -5 10 -3 -2 -6 -9 -13 -12
right_child=1 2 -4 6 7 -7 -8 11 -10 -11 13 12 -14 -15
leaf_value=-0.079910721216867237 -0.072781585707534138 -0.041911938229472839 0.0904052751083263 0.0018208816293894315 -0.2583477851942324 0.10525729583144834 0.08704906108197602 -0.076438252953916638 0.11302487559186368 0.070390957346716146 0.57252414413507169 0.19068479645975314 0.0013056849330460021 0.13447155556014928
leaf_weight=88856.65476696007 3204.8712922027335 2697.9378594839945 59655.735777012073 1086.540896825958 22.292377144098282 439.12056504096836 6852.5970270112157 595.90421780338511 229.13139152433723 266.40158840641379 12.703392480500041 78.109737441875041 745.65934349456802 300.1394035667181
leaf_count=10717738 210668 135898 410018 16461 84 3152 48807 30025 1376 1982 185 876 19753 1608
internal_value=-0.00819288 0.0770663 0.0837258 0.0470553 -0.0782286 -0.0430347 0.0753848 0.00694781 -0.0297835 -0.0617939 0.124947 -0.0209076 0.0192626 0.152259
internal_weight=165044 74432.3 70521.9 10866.2 90611.5 3910.39 7939.14 1754.81 2927.07 3471.27 335.135 1419.67 823.769 312.843
internal_count=11598631 828362 612560 202542 10770269 215802 65268 52531 137274 212650 1877 50654 20629 1793
is_linear=0
shrinkage=0.1


Tree=62
num_leaves=15
num_cat=0
split_feature=0 4 2 3 5 5 3 2 0 4 4 4 4 3
split_gain=255898 106193 12153.7 6862.06 1870.11 1618.74 1529.56 1261.23 1168.3 853.953 614.251 596.289 529.056 3106.57
threshold=0.17500000447034839 5.3626937866210946 2.4528195858001713 101.93750000000001 3.00477147102356 2.4432649612426762 78.187500000000014 2.8750000000000004 0.12500000372529033 3.4490230083465581 6.1144933700561532 -0.51500990986824025 6.7296018600463876 91.562500000000014
decision_type=2 2 2 2 2 2 2 2 2 2 2 2 2 2
left_child=1 3 12 8 5 -5 7 -3 9 -1 -8 -10 -2 -14
right_child=2 6 -4 4 -6 -7 10 -9 11 -11 -12 -13 13 -15
leaf_value=0.081765742551200477 -0.08868858462975393 0.044450809287069078 0.082067596155210365 -0.062202061129239844 -0.096610276404490492 0.039835694230785548 -0.047623516682255951 -0.087151505178343872 -0.019942554009406515 0.049354541084606622 -0.086696575614637214 0.074920108530233426 0.10128102129775383 -0.089767315142675191
leaf_weight=312486.25882029533 181546.28146626055 1777.2313417308033 4314.0033914335072 1994.887036062777 1713.7891123481095 7046.3809442557395 4444.1149613447487 1233.7665598541498 1740.7202805951238 8346.2477872297168 42498.101275410503 1069.8834446929395 1012.3807391524315 5343.5453087389469
leaf_count=9058908 1618065 17496 124820 13792 12479 75056 32064 10293 14922 170444 382685 18596 4926 44085
internal_value=0.0103202 0.057433 -0.0838857 0.0777489 -0.000832934 0.0173218 -0.0785657 -0.00947368 0.0803602 0.0809226 -0.0829974 0.0161678 -0.0876957 -0.0593369
internal_weight=576568 384351 192216 334398 10755.1 9041.27 49953.2 3011 323643 320833 46942.2 2810.6 187902 6355.93
internal_count=11598631 9806735 1791896 9364197 101327 88848 442538 27789 9262870 9229352 414749 33518 1667076 49011
is_linear=0
shrinkage=0.1


Tree=63
num_leaves=15
num_cat=0
split_feature=5 0 5 3 3 3 3 0 2 0 4 2 4 2
split_gain=126614 19435.4 93.9278 102.407 149.629 53.4175 12.759 8.82453 0.409805 0.300956 0.142447 0.276517 0.112702 0.0334781
threshold=3.0012133121490483 0.12500000372529033 3.00477147102356 91.562500000000014 91.937500000000014 91.562500000000014 93.187500000000014 0.17500000447034839 1.5243974924087527 0.12500000372529033 6.7296018600463876 2.4528195858001713 4.9252834320068368 2.4528195858001713
decision_type=2 2 2 2 2 2 2 2 2 2 2 2 2 2
left_child=9 2 3 -2 -5 8 7 -7 -3 12 -11 -12 -1 -8
right_child=1 5 -4 4 -6 6 13 -9 -10 10 11 -13 -14 -15
leaf_value=-0.080624753630162221 -0.080865718174257945 -0.14406318080812963 -0.080794731953714546 0.12450018527218153 -0.082831381183726807 0.11457414587154423 -0.10870509442346275 0.092625143103750293 -0.08130716240251229 -0.081032984290389534 -0.084645883385698659 -0.080648311722556265 -0.081168041252907094 -0.085004620690001143
leaf_weight=84921.168561929371 149.18380473461002 1.11429318971932 6916.7420890629292 83.022385865449905 59.938966826535761 183.57343938946724 0.73758338764309828 84030.049489334226 15.724973988719285 18491.973256755155 320.82199810491875 375.62296821642667 3998.0876684579998 3.104887274093926
leaf_count=8887283 14985 25 606430 349 3317 710 5 571186 1001 1209185 5148 39239 259673 95
internal_value=-0.00746756 0.0791422 -0.0784488 -0.0229077 0.0375729 0.0926291 0.0926647 0.092673 -0.0854599 -0.0807267 -0.0810859 -0.0824898 -0.0806492 -0.0895541
internal_weight=199551 91443.2 7208.89 292.145 142.961 84234.3 84217.5 84213.6 16.8393 108108 19188.4 696.445 88919.3 3.84247
internal_count=11598631 1198103 625081 18651 3666 573022 571996 571896 1026 10400528 1253572 44387 9146956 100
is_linear=0
shrinkage=0.1


Tree=64
num_leaves=15
num_cat=0
split_feature=0 2 2 3 3 0 3 3 5 4 4 3 3 0
split_gain=88252.1 40274.5 3871.21 963.558 48.5428 3.69345 7.74547 592.964 447.366 0.111276 0.044341 0.0283542 6.92238 0.0168494
threshold=0.12500000372529033 2.3278195858001713 2.4528195858001713 65.562500000000014 66.062500000000014 0.075000001117587103 65.562500000000014 66.062500000000014 2.0587884187698369 3.0389505624771123 5.0209670066833505 65.562500000000014 66.062500000000014 0.22500000149011615
decision_type=2 2 2 2 2 2 2 2 2 2 2 2 2 2
left_child=5 13 3 -3 -5 9 -7 8 -8 11 -9 -1 -13 -2
right_child=1 2 -4 4 -6 6 7 10 -10 -11 -12 12 -14 -15
leaf_value=-0.080570183177880741 -0.081655082640512397 -0.084264085287980725 -0.080670748209794127 0.092501650511350425 -0.11570130875971951 -0.080572459432299973 0.15693307405604473 -0.080581923282701473 -0.081680333614699729 -0.080922890749485041 -0.081876543097879617 -0.054744731508069966 -0.080583308184500879 -0.080965885913171942
leaf_weight=33221.093763185665 362.45322200329974 309.7341325962916 1324.5405638259836 76383.897021651268 11.199914790689943 18753.349718292709 186.82898633927107 13508.820207459386 135.60168384108692 7918.9690626603551 269.84250708948821 104.40586378611624 15028.550415808801 16649.426737590693
leaf_count=3782260 21436 5729 139672 527721 74 2130403 1486 1519938 7942 611337 13873 11319 1693479 1131962
internal_value=-0.00860018 0.0584352 0.0888305 0.0917575 0.0924711 -0.0800835 -0.079241 -0.0774704 0.0565816 -0.0805754 -0.0806073 -0.0805185 -0.080405 -0.0809806
internal_weight=184169 95041.3 78029.4 76704.8 76395.1 89127.5 32854.4 14101.1 322.431 56273 13778.7 48354.1 15133 17011.9
internal_count=11598631 1826594 673196 533524 527795 9772037 3673642 1543239 9428 6098395 1533811 5487058 1704798 1153398
is_linear=0
shrinkage=0.1


Tree=65
num_leaves=15
num_cat=0
split_feature=2 0 0 1 1 4 1 1 0 1 1 0 4 4
split_gain=112513 8972.57 63.4406 99.5958 18.4462 12.3747 4.69041 2.58809 1.89523 12.384 0.492883 0.186122 0.179496 0.101481
threshold=1.0000000180025095e-35 0.075000001117587103 0.12500000372529033 15.500000000000002 19.500000000000004 7.5224084854125985 16.500000000000004 13.500000000000002 0.17500000447034839 13.500000000000002 18.500000000000004 0.12500000372529033 -0.51500990986824025 4.8159308433532724
decision_type=2 2 2 2 2 2 2 2 2 2 2 2 2 2
left_child=1 4 3 7 6 -5 -1 -3 9 -4 -8 13 -6 -2
right_child=11 2 8 5 12 -7 10 -9 -10 -11 -12 -13 -14 -15
leaf_value=-0.079980362788885762 -0.080529946673162975 -0.080559799366303989 -0.055031689243401051 0.081249199715391004 -0.055368796865260528 -0.083899767467781161 -0.070670949349761938 -0.032269726055989982 0.090465897464096307 0.085778497313086399 -0.074153881482687228 -0.080933383749753729 -0.0806406672573724 -0.080949956355124031
leaf_weight=1288.5727994097397 71725.873905345332 48.166320413351059 6.6363969296216956 175.62240727897733 547.00350335240364 4.657459180802106 1063.2692225845531 14.421498671174048 72311.175571665168 106.13141256570816 657.59137164149433 16493.176851570606 2.8249844117090097 6254.2295544021763
leaf_count=159572 8853746 5584 38 3611 59504 93 126307 1165 565456 372 78875 1260728 287 483293
internal_value=-0.00770198 0.0826815 0.0902746 0.0392509 -0.072341 0.0769826 -0.0754181 -0.0694328 0.0904457 0.0774918 -0.0720019 -0.0806282 -0.0554986 -0.0805636
internal_weight=170699 76226.1 72666.8 242.868 3559.26 180.28 3009.43 62.5878 72423.9 112.768 1720.86 94473.3 549.828 77980.1
internal_count=11598631 1000864 576319 10453 424545 3704 364754 6749 565866 410 205182 10597767 59791 9337039
is_linear=0
shrinkage=0.1


Tree=66
num_leaves=15
num_cat=0
split_feature=4 0 2 4 3 5 3 4 3 1 1 2 2 4
split_gain=82978.1 5192.24 1601.77 2052.82 1141.97 931.984 519.227 505.931 404.695 326.29 312.391 307.197 287.712 269.773
threshold=3.2029795646667485 0.075000001117587103 2.8750000000000004 5.6497445106506357 101.93750000000001 3.00477147102356 90.437500000000014 -0.51500990986824025 104.18750000000001 15.500000000000002 12.500000000000002 2.8750000000000004 2.4528195858001713 1.7267190217971804
decision_type=2 2 2 2 2 2 2 2 2 2 2 2 2 2
left_child=4 2 3 6 -1 11 -2 8 -6 -5 -4 -3 -10 -9
right_child=1 5 10 9 7 -7 -8 13 12 -11 -12 -13 -14 -15
leaf_value=-0.079747784934918353 -0.063444390735915193 -0.076039520615116721 -0.081107555672229048 -0.041696393494119362 0.99615664558215278 0.11307460649919734 0.017286839134837442 -0.077869992983216951 -0.2316529471579008 0.079415036714924572 0.088043936280499724 -0.0013916136919396977 0.13199876309736855 0.015000886579661171
leaf_weight=76088.320461772382 1558.9283029902726 2525.817239085678 109.40636610332876 230.3533004745841 5.1732802698388687 345.40057259611785 1629.2737260707654 522.82950479770079 23.548126146197319 6484.0306369438767 52975.221786455251 705.21487317094579 285.93929056078196 778.53850984014571
leaf_count=10710205 106951 222269 2013 2972 152 2413 28811 28734 84 49489 405587 16578 1641 20732
internal_value=-0.00778826 0.0741526 0.0808078 0.0438859 -0.0779811 -0.0430561 -0.0221881 0.00520292 0.118992 0.07526 0.0876953 -0.0597466 0.104329 -0.0223103
internal_weight=144268 66563.6 62987.2 9902.59 77704.3 3576.43 3188.2 1616.03 314.661 6714.38 53084.6 3231.03 309.487 1301.37
internal_count=11598631 837083 595823 188223 10761548 241260 135762 51343 1877 52461 407600 238847 1725 49466
is_linear=0
shrinkage=0.1


Tree=67
num_leaves=15
num_cat=0
split_feature=0 4 2 3 4 5 0 2 0 1 2 3 4 4
split_gain=215070 89300.9 10209.4 3889.58 3717.78 1777.18 1148.61 1128.9 1124.53 776.752 688.358 539.649 472.444 464.261
threshold=0.17500000447034839 4.7339162826538095 2.4528195858001713 101.93750000000001 6.1144933700561532 3.00477147102356 0.075000001117587103 2.8750000000000004 0.12500000372529033 15.500000000000002 2.2028195858001713 65.562500000000014 3.2576558589935307 6.7296018600463876
decision_type=2 2 2 2 2 2 2 2 2 2 2 2 2 2
left_child=1 3 13 8 5 7 9 -3 12 -5 -6 -10 -1 -2
right_child=2 4 -4 6 10 -7 -8 -9 11 -11 -12 -13 -14 -15
leaf_value=0.081359389099411775 -0.087241547956024054 0.052184627818663058 0.081673599047350443 0.074970300008971993 0.08468005127850671 -0.094510889914627139 0.081487409044652959 -0.025644472007467389 0.068021286866651473 -0.027875837381488806 -0.083062593613550659 -0.024530787152730202 0.05308449547486345 -0.057809596904742022
leaf_weight=267425.58871424943 157411.6242550388 3449.9546515010297 3703.2998893652111 858.57677769474685 246.18742827326059 2070.4676295779645 1642.8666190691292 4053.2792219892144 1088.5377872772515 5075.6336960531771 38920.28759316355 1495.5685038380325 6042.999139636755 5548.4122918322682
leaf_count=9038215 1618065 50333 124820 13212 4285 17274 31411 25206 18304 40465 396774 15068 156188 49011
internal_value=0.0101993 0.0566866 -0.0825084 0.078174 -0.0683536 -0.0124917 0.00749011 0.010141 0.0801142 -0.0129958 -0.0820082 0.0144562 0.0807346 -0.0862395
internal_weight=499033 332370 166663 283630 48740.2 9573.7 7577.08 7503.23 276053 5934.21 39166.5 2584.11 273469 162960
internal_count=11598631 9806735 1791896 9312863 493872 92813 85088 75539 9227775 53677 401059 33372 9194403 1667076
is_linear=0
shrinkage=0.1


Tree=68
num_leaves=15
num_cat=0
split_feature=5 0 5 3 3 3 3 0 2 0 4 2 4 3
split_gain=107245 16287.1 88.1826 90.8097 131.76 46.3764 11.0633 6.62194 0.403371 0.19804 0.0911791 0.191406 0.0877114 0.0281515
threshold=3.0012133121490483 0.12500000372529033 3.00477147102356 91.562500000000014 91.937500000000014 91.562500000000014 93.187500000000014 0.17500000447034839 1.5243974924087527 0.12500000372529033 6.6749253273010263 2.4528195858001713 4.9252834320068368 104.18750000000001
decision_type=2 2 2 2 2 2 2 2 2 2 2 2 2 2
left_child=9 2 3 -2 -5 8 7 -7 -3 12 -11 -12 13 -1
right_child=1 5 -4 4 -6 6 -8 -9 -10 10 11 -13 -14 -15
leaf_value=-0.080527400348777811 -0.080763394862510607 -0.14622623856162095 -0.080685644227526651 0.12191962913555508 -0.082809095967640176 0.11015827153886491 -0.088500415014797967 0.090554137321454856 -0.081212085631648612 -0.080892699889011696 -0.0840432607637982 -0.080555645610925 -0.081047144235808721 -0.081085145718914786
leaf_weight=71766.160704647191 127.90501435287297 1.0246282797306747 5942.3409320833161 76.629214689135551 53.302402528934181 172.70671354234219 3.4491367638111106 73494.562834918499 13.905008491128683 15908.989965819754 284.33398016449064 352.3844924448058 3497.1992086838 916.51892227819189
leaf_count=8827161 14985 25 606430 349 3317 710 100 571186 1001 1205285 5210 43077 259673 60122
internal_value=-0.0074635 0.0774582 -0.0782015 -0.0209488 0.0379329 0.090556 0.0905917 0.0906001 -0.085674 -0.0806261 -0.0809397 -0.0821131 -0.080558 -0.0805344
internal_weight=172611 79885.8 6200.18 257.837 129.932 73685.6 73670.7 73667.3 14.9296 92725.6 16545.7 636.718 76179.9 72682.7
internal_count=11598631 1198103 625081 18651 3666 573022 571996 571896 1026 10400528 1253572 48287 9146956 8887283
is_linear=0
shrinkage=0.1


Tree=69
num_leaves=15
num_cat=0
split_feature=0 2 2 3 3 0 3 3 2 4 4 3 3 0
split_gain=74777.6 33982.5 3249.16 816.52 42.3806 4.17913 8.8425 596.949 417.315 0.0882183 0.0391149 0.0339642 7.91271 0.0209693
threshold=0.12500000372529033 2.3278195858001713 2.4528195858001713 65.562500000000014 66.062500000000014 0.075000001117587103 65.562500000000014 66.062500000000014 2.4528195858001713 2.98427426815033 5.130319595336915 65.562500000000014 66.062500000000014 0.22500000149011615
decision_type=2 2 2 2 2 2 2 2 2 2 2 2 2 2
left_child=5 13 3 -3 -5 9 -7 8 -8 11 -9 -1 -13 -2
right_child=1 2 -4 4 -6 6 7 10 -10 -11 -12 12 -14 -15
leaf_value=-0.080486299790041987 -0.081635233045224062 -0.083698853286542238 -0.080583130786141585 0.090494303206545501 -0.11638791962368872 -0.080488708390663716 0.15156454102334607 -0.080500058434844396 -0.084726965674412721 -0.080810454372653134 -0.081828151047712253 -0.050954404386956732 -0.080499481911032136 -0.080829280667125844
leaf_weight=28381.944426910952 330.25844157161191 270.27817237377167 1138.7367858649231 66798.887331008911 9.9034221321344358 16037.283518497832 191.19757465831935 11593.901310178451 122.71333582838997 6939.4764524730854 226.08566759433597 91.292367381043732 12828.148854538798 14340.220738781616
leaf_count=3780778 21436 5729 139672 527721 74 2130403 3240 1521503 6188 616806 12308 11289 1689522 1131962
internal_value=-0.00855735 0.0572253 0.0869184 0.0897619 0.0904636 -0.0799154 -0.0789476 -0.0769108 0.059194 -0.0804805 -0.0805255 -0.0804251 -0.0802907 -0.0808474
internal_weight=159300 82888.3 68217.8 67079.1 66808.8 76412 28171.2 12133.9 313.911 48240.9 11820 41301.4 12919.4 14670.5
internal_count=11598631 1826594 673196 533524 527795 9772037 3673642 1543239 9428 6098395 1533811 5481589 1700811 1153398
is_linear=0
shrinkage=0.1


Tree=70
num_leaves=15
num_cat=0
split_feature=2 0 0 1 1 1 1 1 0 1 1 4 0 3
split_gain=95491.7 7443.55 47.2461 87.2164 20.7891 10.8305 5.41532 2.85647 1.58964 10.412 0.562749 0.198834 0.135215 0.114299
threshold=1.0000000180025095e-35 0.075000001117587103 0.12500000372529033 15.500000000000002 19.500000000000004 17.500000000000004 16.500000000000004 13.500000000000002 0.17500000447034839 13.500000000000002 18.500000000000004 -0.51500990986824025 0.12500000372529033 52.312500000000007
decision_type=2 2 2 2 2 2 2 2 2 2 2 2 2 2
left_child=1 4 3 7 6 -5 -1 -3 9 -4 -8 -6 -2 -14
right_child=12 2 8 5 11 -7 10 -9 -10 -11 -12 -13 13 -15
leaf_value=-0.079811343020494085 -0.080485222237646994 -0.080477393656925633 -0.04951399698167612 0.030083664335308208 -0.051728215147059324 0.08997325050555266 -0.069025888336136917 -0.026602572078767844 0.088777257224355685 0.084212202998772315 -0.07303659120843109 -0.080544453984524325 -0.081882540517094898 -0.080748777664604865
leaf_weight=1101.6106692771427 66803.206924377009 41.159593872725964 6.1618724316358557 38.376071322709322 479.26623857021332 141.65393988788128 917.47208148986101 12.934006765484808 62972.949321717024 105.68741796910763 565.46033538226038 2.4065267117694011 953.00566178699955 13280.890076199081
leaf_count=159572 9337039 5584 38 1514 59504 2190 126307 1165 565456 372 78875 287 83791 1176937
internal_value=-0.00770069 0.081221 0.0885897 0.0437507 -0.0709458 0.0772069 -0.0745005 -0.0675957 0.0887561 0.0768451 -0.0705552 -0.0518722 -0.0805448 -0.0808247
internal_weight=147422 66385.1 63318.9 234.124 3066.22 180.03 2584.54 54.0936 63084.8 111.849 1482.93 481.673 81037.1 14233.9
internal_count=11598631 1000864 576319 10453 424545 3704 364754 6749 565866 410 205182 59791 10597767 1260728
is_linear=0
shrinkage=0.1


Tree=71
num_leaves=15
num_cat=0
split_feature=4 1 2 4 3 5 3 4 3 4 2 0 4 5
split_gain=69720.4 4635.83 1617.31 1606.19 936 838.99 589.144 452.3 404.779 359.328 268.472 216.897 239.711 215.575
threshold=3.0936268568038945 15.500000000000002 2.8750000000000004 5.3626937866210946 101.93750000000001 3.00477147102356 79.062500000000014 -0.51500990986824025 90.437500000000014 8.2195315361022967 2.4528195858001713 0.075000001117587103 6.1144933700561532 3.00477147102356
decision_type=2 2 2 2 2 2 2 2 2 2 2 2 2 2
left_child=4 5 3 8 -1 9 -5 10 -3 -2 -6 -4 -13 -9
right_child=1 2 11 6 7 -7 -8 13 -10 -11 -12 12 -14 -15
leaf_value=-0.079612145181616564 -0.072190370613556626 -0.064742084568385538 0.086235379454167066 -0.0020443314302777678 -0.20504068228807953 0.099703047584416518 0.079020822368474464 -0.040311157393853159 0.013094669108077188 0.061030038270251996 0.1386461753070222 -0.026057474694906282 0.081446540732554557 0.11645762091970693
leaf_weight=65069.042414885014 2703.8290638760664 1333.5752005525865 46197.474250879604 1067.6718074325472 24.749607011675835 359.36038055550307 5592.088113641832 1033.1259777019732 1338.8762132818811 218.85245361551642 278.34429238736629 364.3828056640923 481.48513914644718 95.854398192837834
leaf_count=10693234 221601 120374 399547 16635 84 3159 48633 46623 31670 1982 1793 9421 3367 508
internal_value=-0.00744124 0.0710467 0.0777727 0.0397443 -0.0778521 -0.0444859 0.0660247 0.00211802 -0.0257465 -0.0622147 0.110582 0.0853166 0.035136 -0.0270009
internal_weight=126159 59657.6 56375.6 9332.21 66501.1 3282.04 6659.76 1432.07 2672.45 2922.68 303.094 47043.3 845.868 1128.98
internal_count=11598631 856389 629647 217312 10742242 226742 65268 49008 152044 223583 1877 412335 12788 47131
is_linear=0
shrinkage=0.1


Tree=72
num_leaves=15
num_cat=0
split_feature=0 4 2 3 3 2 3 5 0 4 4 3 1 4
split_gain=180857 75150.5 8584.68 5590.08 1479.74 1378.94 1219.29 1217.19 1047.38 974.297 488.194 2497.54 472.914 464.932
threshold=0.17500000447034839 5.3626937866210946 2.4528195858001713 101.93750000000001 130.31250000000003 2.8750000000000004 79.062500000000014 2.0556275844573979 0.12500000372529033 3.4490230083465581 6.7296018600463876 91.562500000000014 15.500000000000002 -0.51500990986824025
decision_type=2 2 2 2 2 2 2 2 2 2 2 2 2 2
left_child=1 3 10 8 7 6 -3 -5 9 -1 -2 -12 -8 -10
right_child=2 5 -4 4 -6 -7 12 -9 13 -11 11 -13 -14 -15
leaf_value=0.080917517644292558 -0.086033885371043256 0.042534638504643063 0.081324604879274273 -0.1554303735858677 -0.075681710499353766 -0.082241144413505218 0.070209174034946184 0.030346139318095895 -0.019619937208900626 0.042631242582200399 0.097366239137837943 -0.087097507676959715 -0.064205533814433779 0.072453306123732825
leaf_weight=229797.83163894154 136126.33029866219 1643.7208824697882 3176.6903757695109 370.56310953944921 1974.7704799175262 32069.362115450203 277.11845249310136 7306.3676446005702 1535.7280867099762 6844.6601784005761 892.88293288648129 4124.6326002702117 4720.2002716362476 853.07964210398495
leaf_count=9058908 1618065 17803 124820 1667 14717 375824 2404 84943 14922 170444 4926 44085 46507 18596
internal_value=0.0100906 0.0559571 -0.0812458 0.0761323 0.00151986 -0.0736524 -0.0321774 0.0213788 0.079145 0.0798101 -0.0849048 -0.0542716 -0.0567518 0.0132608
internal_weight=431714 287393 144321 248683 9651.7 38710.4 6641.04 7676.93 239031 236642 141144 5017.52 4997.32 2388.81
internal_count=11598631 9806735 1791896 9364197 101327 442538 66714 86610 9262870 9229352 1667076 49011 48911 33518
is_linear=0
shrinkage=0.1


Tree=73
num_leaves=15
num_cat=0
split_feature=5 0 5 3 3 3 3 0 2 0 4 2 4 3
split_gain=91074.5 13699.3 83.1625 81.3556 116.536 41.1986 9.51195 4.90847 0.389729 0.142965 0.10579 0.174787 0.0688865 0.0228227
threshold=3.0012133121490483 0.12500000372529033 3.00477147102356 91.562500000000014 91.937500000000014 91.562500000000014 93.187500000000014 0.17500000447034839 1.5243974924087527 0.12500000372529033 6.6749253273010263 2.4528195858001713 4.9252834320068368 104.18750000000001
decision_type=2 2 2 2 2 2 2 2 2 2 2 2 2 2
left_child=9 2 3 -2 -5 8 7 -7 -3 12 -11 -12 13 -1
right_child=1 5 -4 4 -6 6 -8 -9 -10 10 11 -13 -14 -15
leaf_value=-0.080450182165688555 -0.080685563733410681 -0.14745414545432681 -0.080591622392503559 0.12043306762098283 -0.082752587113320758 0.10633179033558518 -0.087835089628973809 0.088869180264082137 -0.081122571371098406 -0.080773279524330888 -0.083959526420706324 -0.080485533871588577 -0.080943595024198234 -0.080980940043958144
leaf_weight=61363.92887066165 109.76284055504948 0.95305531192570647 5103.3315521557815 70.460278138518333 47.094640892464668 161.36894680559635 3.0449523013085118 64109.837319545448 12.547092511784285 13698.886675155256 278.32310050912201 301.94891817495227 3054.6610081833787 821.00410208571702
leaf_count=8827161 14985 25 606430 349 3317 710 100 571186 1001 1205285 5210 43077 259673 60122
internal_value=-0.00742328 0.0760944 -0.0779555 -0.0187743 0.0390332 0.088868 0.0889047 0.088913 -0.0858053 -0.0805427 -0.0808293 -0.0821518 -0.08048 -0.0804572
internal_weight=149137 69618.4 5330.65 227.318 117.555 64287.8 64274.3 64271.2 13.5001 79518.8 14279.2 580.272 65239.6 62184.9
internal_count=11598631 1198103 625081 18651 3666 573022 571996 571896 1026 10400528 1253572 48287 9146956 8887283
is_linear=0
shrinkage=0.1


Tree=74
num_leaves=15
num_cat=0
split_feature=0 2 2 3 5 0 3 3 5 4 3 3 4 0
split_gain=63373 28686.2 2752.88 780.937 39.9863 4.77462 10.1731 599.768 382.383 0.0705266 0.0400478 8.9902 0.0361865 0.0240113
threshold=0.12500000372529033 2.3278195858001713 2.4528195858001713 65.562500000000014 2.1383123397827153 0.075000001117587103 65.562500000000014 66.062500000000014 2.0587884187698369 2.98427426815033 65.562500000000014 66.062500000000014 5.130319595336915 0.22500000149011615
decision_type=2 2 2 2 2 2 2 2 2 2 2 2 2 2
left_child=5 13 3 -3 -5 9 -7 8 -8 10 -1 -12 -9 -2
right_child=1 2 -4 4 -6 6 7 12 -10 -11 11 -13 -14 -15
leaf_value=-0.080414764040183342 -0.0816234575803024 -0.083635175084764132 -0.080517357751255458 0.088835429124738602 -0.13364214534025737 -0.080417480014544462 0.14819355158358671 -0.080427452392532739 -0.081596250551428912 -0.080712737277241473 -0.046852038155745242 -0.080428959705813444 -0.081758836799314297 -0.080711576444178271
leaf_weight=24250.024205361027 295.68536055274308 263.81863871309906 985.4193973694928 58189.971720717847 8.0797801762819272 13711.354602636304 191.34882614016533 9915.795564878732 116.50978221045807 6035.3580368985422 80.325346536468714 10982.740230188705 208.43680511601269 12330.817231033929
leaf_count=3780778 21436 5729 139672 527735 60 2130403 1486 1521503 7942 616806 11289 1689522 12308 1131962
internal_value=-0.0085424 0.0561573 0.0852325 0.0880264 0.0888045 -0.0797444 -0.078627 -0.0762737 0.0612291 -0.0803968 -0.0803428 -0.0801852 -0.0804549 -0.0807329
internal_weight=137566 72073.8 59447.3 58461.9 58198.1 65491.9 24143.4 10432.1 307.859 41348.4 35313.1 11063.1 10124.2 12626.5
internal_count=11598631 1826594 673196 533524 527795 9772037 3673642 1543239 9428 6098395 5481589 1700811 1533811 1153398
is_linear=0
shrinkage=0.1


Tree=75
num_leaves=15
num_cat=0
split_feature=2 0 0 1 1 4 1 1 0 1 1 4 1 0
split_gain=81125.6 6183.95 35.3051 75.7932 23.2895 11.0495 6.23818 3.12929 3.12348 9.01775 0.640141 0.227955 0.105575 0.0898906
threshold=1.0000000180025095e-35 0.075000001117587103 0.12500000372529033 15.500000000000002 19.500000000000004 7.5224084854125985 16.500000000000004 13.500000000000002 0.17500000447034839 13.500000000000002 18.500000000000004 -0.51500990986824025 14.500000000000002 0.12500000372529033
decision_type=2 2 2 2 2 2 2 2 2 2 2 2 2 2
left_child=1 4 3 7 6 -5 12 -3 9 -4 -8 -6 -1 -2
right_child=13 2 8 5 11 -7 10 -9 -10 -11 -12 -13 -14 -15
leaf_value=-0.080021039299395968 -0.080418338356421037 -0.080407160787643164 -0.048172402582860686 0.081126670180234617 -0.047706610728557378 -0.083477645700791317 -0.067161793001670508 -0.020633380933923105 0.087380381869883728 0.077416421209576564 -0.071769106196264781 -0.08048199682138224 -0.076711242065884033 -0.080716868312955964
leaf_weight=832.72924986016005 57235.191632978618 35.165928356349468 6.0514116138219824 175.68042681179941 421.35101849585772 4.1750403046607962 792.81062127137557 11.663198753260074 54657.506904497743 103.57470436394215 486.68793158838525 2.1327838781289747 108.98703092569485 12244.227372314781
leaf_count=141108 9337039 5584 38 3611 59504 93 126307 1165 565456 372 78875 287 18464 1260728
internal_value=-0.00770909 0.0800005 0.0871836 0.0478003 -0.0693633 0.0773057 -0.0734608 -0.06552 0.0873466 0.0704839 -0.0689143 -0.0478717 -0.079638 -0.0804709
internal_weight=127118 57638.5 54993.8 226.685 2644.7 179.855 2221.21 46.8291 54767.1 109.626 1279.5 423.484 941.716 69479.4
internal_count=11598631 1000864 576319 10453 424545 3704 364754 6749 565866 410 205182 59791 159572 10597767
is_linear=0
shrinkage=0.1


Tree=76
num_leaves=15
num_cat=0
split_feature=4 0 2 4 3 5 5 4 1 3 2 2 5 5
split_gain=58724.8 4174.45 1507.95 1500.31 771.988 725.15 535.007 414.019 280.095 261.355 245.238 244.957 198.768 197.697
threshold=2.98427426815033 0.075000001117587103 2.8750000000000004 6.1144933700561532 101.93750000000001 3.00477147102356 3.00477147102356 -0.51500990986824025 14.500000000000002 132.68750000000003 2.4528195858001713 2.3278195858001713 2.4432649612426762 2.9737362861633305
decision_type=2 2 2 2 2 2 2 2 2 2 2 2 2 2
left_child=4 2 3 6 -1 9 -2 10 13 -3 -6 -5 -10 -4
right_child=1 5 8 11 7 -7 -8 -9 12 -11 -12 -13 -14 -15
leaf_value=-0.079499108578801936 -0.02576607244434917 -0.065625822299777245 -0.037219177279333167 -0.078205044611724409 -0.19014508458847723 0.10676027728083742 0.10107824270816768 -0.031100620047454772 0.096174047487899983 0.10153918046777384 0.13598207390798164 0.07548463219361301 0.079958816569400085 0.12455612218728829
leaf_weight=55619.339686363703 3195.0604914510623 2714.4182405518368 316.58864326775074 105.93858916126192 25.327259749174118 287.93039644882083 371.14604873536155 950.44739024527371 9961.1895788819529 96.865213692188263 257.30428642779589 4919.1184912081808 31356.019553720951 99.212653134018183
leaf_count=10674557 157713 257814 4781 2842 84 2420 2920 44484 93214 673 1793 43405 311351 580
internal_value=-0.00702456 0.0682553 0.0751923 0.0370404 -0.0777641 -0.0443857 -0.012565 0.000497465 0.0830463 -0.059866 0.106757 0.0722445 0.0838682 0.00138137
internal_weight=110276 53423.5 50324.3 8591.26 56852.4 3099.21 3566.21 1233.08 41733 2811.28 282.632 5025.06 41317.2 415.801
internal_count=11598631 877713 616806 206880 10720918 260907 160633 46361 409926 258487 1877 46247 404565 5361
is_linear=0
shrinkage=0.1


Tree=77
num_leaves=15
num_cat=0
split_feature=0 4 2 2 4 3 2 3 0 4 4 3 3 4
split_gain=152293 63155.3 7242.29 5318.13 4183.16 2029.34 1345.11 1046.56 1027.32 979.844 427.516 2114.8 415.766 364.941
threshold=0.17500000447034839 5.3626937866210946 2.4528195858001713 2.8750000000000004 1.8497406840324404 98.437500000000014 2.8750000000000004 102.93750000000001 0.12500000372529033 -0.51500990986824025 6.7296018600463876 91.562500000000014 65.562500000000014 6.1144933700561532
decision_type=2 2 2 2 2 2 2 2 2 2 2 2 2 2
left_child=1 3 10 8 9 -6 7 -3 -1 -5 -2 -12 -10 -8
right_child=2 6 -4 4 5 -7 13 -9 12 -11 11 -13 -14 -15
leaf_value=0.080192429203546869 -0.08501854932244228 0.014032820091757931 0.081011186161744964 -0.060960084088317969 -0.1943110892360114 -0.020537319357081626 -0.04452159458376434 -0.068427445767820547 0.064553279811142839 0.081221235416657531 0.094565683778211673 -0.085978212399399054 -0.024722100327170954 -0.084233085267221328
leaf_weight=198423.10552192107 117461.55128759891 2948.8518499936908 2723.304382590577 524.43695650063455 753.78769953548908 6195.7082056347281 2546.5768690854311 3219.5273469015956 870.41292449459434 6396.6837201397866 793.11952456831932 3565.2089703753591 1301.93623223342 25353.94336501509
leaf_count=8984908 1618065 30284 124820 15841 4208 53657 24843 36430 17901 272841 4926 44085 14841 350981
internal_value=0.00998352 0.0552114 -0.0802719 0.0753028 0.0154185 -0.039386 -0.0712656 -0.0290065 0.0794436 0.0704477 -0.0838774 -0.0531232 0.0110486 -0.0806085
internal_weight=373078 248535 124543 214466 13870.6 6949.5 34068.9 6168.38 200595 6921.12 121820 4358.33 2172.35 27900.5
internal_count=11598631 9806735 1791896 9364197 346547 57865 442538 66714 9017650 288682 1667076 49011 32742 375824
is_linear=0
shrinkage=0.1


Tree=78
num_leaves=15
num_cat=0
split_feature=5 0 5 4 4 3 3 0 1 2 4 2 0 0
split_gain=77339.8 11543.6 79.3361 76.6793 54.9203 36.1456 8.35326 3.72083 0.565506 0.370483 0.0964218 0.110228 0.0756683 0.0513126
threshold=3.0012133121490483 0.12500000372529033 3.00477147102356 -0.46033358573913569 5.8137736320495614 91.562500000000014 93.187500000000014 0.17500000447034839 15.500000000000002 1.5243974924087527 5.0209670066833505 2.4528195858001713 0.12500000372529033 0.17500000447034839
decision_type=2 2 2 2 2 2 2 2 2 2 2 2 2 2
left_child=10 2 3 8 -5 9 7 -7 -2 -3 12 13 -1 -12
right_child=1 5 -4 4 -6 6 -8 -9 -10 -11 11 -13 -14 -15
leaf_value=-0.080391814917952789 0.17880441513230527 -0.14800947679974527 -0.080510072052380047 -0.080482752863418633 0.034269442348136885 0.10319082597738796 -0.08710453652394104 0.087457681386855751 0.14609603083157463 -0.081056075335888919 -0.080686797319860198 -0.080804260647315385 -0.080673050539054908 -0.08348395829153793
leaf_weight=53270.514478627127 8.6486960910260677 0.89285935368388614 4378.776846007444 112.80216211359948 66.17439357098192 150.72428013384342 2.7400930300354949 55659.70326371491 13.594719123095274 11.113649774342775 89.910113738384098 2899.5309172417037 11661.200011123205 242.38189810141921
leaf_count=8894032 34 25 606430 17426 1138 710 100 571186 53 1001 10664 305504 1185315 5013
internal_value=-0.00745676 0.0749329 -0.0776887 -0.0162922 -0.0380545 0.0874543 0.0874916 0.0875002 0.158814 -0.086035 -0.0804689 -0.081002 -0.0804423 -0.0827271
internal_weight=128569 60405.2 4580 201.22 178.977 55825.2 55813.2 55810.4 22.2434 12.0065 68163.5 3231.82 64931.7 332.292
internal_count=11598631 1198103 625081 18651 18564 573022 571996 571896 87 1026 10400528 321181 10079347 15677
is_linear=0
shrinkage=0.1


Tree=79
num_leaves=15
num_cat=0
split_feature=0 2 2 3 3 0 3 3 2 4 3 3 4 0
split_gain=53803.1 24294.3 2327.98 666.032 35.5441 5.41832 11.5804 600.949 362.947 0.0577433 0.049312 10.4384 0.0325605 0.0278921
threshold=0.12500000372529033 2.3278195858001713 2.4528195858001713 65.562500000000014 66.062500000000014 0.075000001117587103 65.562500000000014 66.062500000000014 2.4528195858001713 2.7108926773071294 65.562500000000014 66.062500000000014 5.130319595336915 0.22500000149011615
decision_type=2 2 2 2 2 2 2 2 2 2 2 2 2 2
left_child=5 13 3 -3 -5 9 -7 8 -8 10 -1 -12 -9 -2
right_child=1 2 -4 4 -6 6 7 12 -10 -11 11 -13 -14 -15
leaf_value=-0.080353788552220751 -0.08163816388327183 -0.083172449235734802 -0.080452225066526842 0.087472314381488447 -0.11789237435803682 -0.080356582780677213 0.14491864684223535 -0.080366913663432252 -0.084726625430342262 -0.080620659236148112 -0.041371707100410417 -0.080365926485579331 -0.0816829270821368 -0.080609737265090048
leaf_weight=20632.511130075436 270.45010007661767 229.85533773992211 847.46990855364129 50529.467766553164 8.429245784878729 11721.997358285356 193.92515052109957 8493.6264562914148 106.68299683649093 5477.541103672469 69.162150863558054 9254.949682475999 192.26141691207886 10588.666237065569
leaf_count=3765470 21436 5729 139672 527721 74 2130403 3240 1521503 6188 654104 11006 1667815 12308 1131962
internal_value=-0.00852597 0.0553189 0.0839217 0.0866656 0.0874381 -0.0795711 -0.0782861 -0.0755852 0.0634197 -0.0803221 -0.0802675 -0.0800767 -0.080396 -0.0806354
internal_weight=118617 62474.3 51615.2 50767.8 50537.9 56142.7 20708.5 8986.5 300.608 35434.2 29956.6 9324.11 8685.89 10859.1
internal_count=11598631 1826594 673196 533524 527795 9772037 3673642 1543239 9428 6098395 5444291 1678821 1533811 1153398
is_linear=0
shrinkage=0.1


Tree=80
num_leaves=15
num_cat=0
split_feature=2 0 0 1 1 4 1 1 1 4 1 4 0 2
split_gain=68995.9 5144.13 26.9365 70.8633 25.9086 15.8193 7.6387 7.16476 0.728083 0.266501 0.122885 0.0630337 0.0486059 0.0504543
threshold=1.0000000180025095e-35 0.075000001117587103 0.17500000447034839 15.500000000000002 19.500000000000004 7.5224084854125985 12.500000000000002 16.500000000000004 17.500000000000004 -0.51500990986824025 14.500000000000002 4.9252834320068368 0.12500000372529033 2.2028195858001713
decision_type=2 2 2 2 2 2 2 2 2 2 2 2 2 2
left_child=1 4 3 6 7 -5 -3 10 -9 -6 -1 12 -2 -14
right_child=11 2 -4 5 9 -7 -8 8 -10 -11 -12 -13 13 -15
leaf_value=-0.079904015635385447 -0.080332751384697754 -0.081873837124477988 0.086219346496479665 0.081202105168173749 -0.04330549381182483 -0.094647988699145147 -0.0055842267288242825 -0.061752024118595608 -0.068297648676444334 -0.080439027567869359 -0.076047534112017409 -0.080741817122121168 -0.082104254163451962 -0.080547439500309806
leaf_weight=711.8111969884485 44979.741804547841 29.686143513768911 47307.987188257277 270.97953179106116 371.98121976852417 5.214104712009429 23.52574030123651 209.68987826583907 896.28666857769713 1.9427989739924658 93.476380758453161 5156.4997622850351 212.99453320726752 9196.0190898866858
leaf_count=141108 8862937 4745 565456 3955 59504 98 2065 38581 166601 287 18464 610518 15243 1109069
internal_value=-0.00771456 0.0789903 0.0860209 0.057524 -0.0675714 0.0778823 -0.0481451 -0.0722811 -0.0670566 -0.0434984 -0.0794564 -0.0804077 -0.080376 -0.0805827
internal_weight=109468 49922.6 47637.4 329.406 2285.19 276.194 53.2119 1911.26 1105.98 373.924 805.288 59545.3 54388.8 9409.01
internal_count=11598631 1000864 576319 10863 424545 4053 6810 364754 205182 59791 159572 10597767 9987249 1124312
is_linear=0
shrinkage=0.1


Tree=81
num_leaves=15
num_cat=0
split_feature=4 1 4 5 5 2 4 5 3 5 4 3 2 5
split_gain=49344.9 3578.37 1401.98 1258.77 2275.9 760.845 1322.43 740.217 3075.18 636.589 502.094 883.171 349.837 302.101
threshold=2.98427426815033 15.500000000000002 6.1144933700561532 2.7235324382781987 2.5466194152832036 2.8750000000000004 -0.51500990986824025 1.397464454174042 57.187500000000007 3.00477147102356 1.6720426678657534 84.687500000000014 2.3278195858001713 1.9445382952690127
decision_type=2 2 2 2 2 2 2 2 2 2 2 2 2 2
left_child=5 9 3 4 -3 -1 7 8 -7 -2 -8 -12 -4 -9
right_child=1 2 12 -5 -6 6 10 13 -10 -11 11 -13 -14 -15
leaf_value=-0.080049098332342819 -0.062009631593056148 0.058605365543091308 -0.078420124466623803 0.08533855874614743 -0.058592120480734346 0.38574387956170697 -0.079020562867008495 0.7400960805367115 20.507100940427609 0.094273081910183673 2.5384086054545829 0.034320976353309517 0.083386472903470399 0.15678594253609091
leaf_weight=46643.961767152185 2445.8616554941982 4647.0227181138471 134.15774399717338 4263.628544327803 2575.2168818083592 0.42914640996605058 1411.5609717571642 9.1783948540687543 0.092289464082568884 291.72482760669664 1.412889050785451 449.77257428551093 33364.833483663388 271.99229822261259
leaf_count=10371898 231873 166491 6386 46210 30486 93 302555 408 20 3186 269 30333 393081 15342
internal_value=-0.00665247 0.0656462 0.0724013 0.0422524 0.0168165 -0.0773715 -0.0191302 0.182808 3.94704 -0.0453557 -0.0496682 0.0421625 0.0827385 0.175827
internal_weight=96510.8 47722.4 44984.9 11485.9 7222.24 48788.4 2144.44 281.692 0.521436 2737.59 1862.75 451.185 33499 281.171
internal_count=11598631 877713 642654 243187 196977 10720918 349020 15863 113 235059 333157 30602 399467 15750
is_linear=0
shrinkage=0.1


Tree=82
num_leaves=15
num_cat=0
split_feature=0 4 2 4 2 5 3 0 3 3 2 0 4 3
split_gain=128317 53224.8 6123.42 5367.15 2548.61 1078.22 1052.26 969.492 653.71 605.719 383.789 377.686 373.393 1794.55
threshold=0.17500000447034839 3.8590953350067143 2.4528195858001713 6.1144933700561532 2.8750000000000004 2.4432649612426762 102.93750000000001 0.12500000372529033 132.68750000000003 58.812500000000007 2.4528195858001713 0.075000001117587103 6.7296018600463876 91.562500000000014
decision_type=2 2 2 2 2 2 2 2 2 2 2 2 2 2
left_child=1 6 12 4 8 -6 7 -1 -3 -5 -9 -8 -2 -14
right_child=2 3 -4 9 5 -7 11 10 -10 -11 -12 -13 13 -15
leaf_value=0.079969089477196303 -0.08415846927148414 0.057424751267737079 0.080725969667846439 0.02629543133173607 -0.10325688529945683 -0.015327323105179303 0.007224684345831245 -0.016171586166626239 -0.084436260463908105 -0.078886427066958129 0.082857889805559484 0.082144931281421293 0.092264288592604105 -0.085044816547485858
leaf_weight=169928.85617480241 101172.09519771114 5700.9147015064955 2334.9794176332653 559.41101856343448 1910.9275555424392 5160.8347021974623 2806.0371062122285 1476.0265358611941 344.45894607156515 25729.294216394424 532.54540036432445 885.11716645024717 700.92863847315311 3074.9649212881923
leaf_count=9104211 1618065 152824 124820 6247 13406 44928 32680 19454 2378 394812 13516 22279 4926 44085
internal_value=0.00988574 0.0544526 -0.0794426 -0.0505791 0.00166733 -0.0390876 0.0780186 0.0791527 0.0493417 -0.0766482 0.0100847 0.0251901 -0.0830061 -0.0521305
internal_weight=322317 215034 107283 39405.8 13117.1 7071.76 175629 171937 6045.37 26288.7 2008.57 3691.15 104948 3775.89
internal_count=11598631 9806735 1791896 614595 213536 58334 9192140 9137181 155202 401059 32970 54959 1667076 49011
is_linear=0
shrinkage=0.1


Tree=83
num_leaves=15
num_cat=0
split_feature=5 0 5 2 2 3 3 0 2 4 2 0 0 0
split_gain=65715 9758.51 81.6691 68.9612 84.2207 32.4262 7.49014 2.77842 0.346702 0.0720053 0.0702169 0.0517469 0.0338716 0.0238602
threshold=3.0012133121490483 0.12500000372529033 3.00477147102356 2.3278195858001713 2.2028195858001713 91.562500000000014 93.187500000000014 0.17500000447034839 1.5243974924087527 5.0209670066833505 2.4528195858001713 0.12500000372529033 0.17500000447034839 0.22500000149011615
decision_type=2 2 2 2 2 2 2 2 2 2 2 2 2 2
left_child=9 2 3 4 -2 8 7 -7 -3 11 12 -1 -11 -13
right_child=1 5 -4 -5 -6 6 -8 -9 -10 10 -12 13 -14 -15
leaf_value=-0.08033537840065505 -0.080601518814222048 -0.14767864155056862 -0.080440853050877087 -0.081135252296520854 0.1088268658787436 0.10039205020716034 -0.086953185104666986 0.0862845712591091 -0.080993034504260819 -0.080629424797735244 -0.080729475567203723 -0.081231954416092877 -0.083038237399871997 -0.080549481520247129
leaf_weight=45566.331536180573 36.221698863431811 0.84515391569584508 3762.6561598717235 81.172049016226083 66.674228609539568 140.01002413034439 2.4947218517772844 48187.36928961426 10.057214166969059 80.80014246632345 2520.9040580312721 541.5382179140579 210.33539616689086 9480.0151586853899
leaf_count=8894032 6966 25 606430 11078 607 710 100 571186 1001 10664 305504 52224 5013 1133091
internal_value=-0.00749747 0.0739336 -0.0772592 -0.012221 0.0421438 0.0862776 0.0863165 0.0863254 -0.0861625 -0.0804056 -0.0808993 -0.0803806 -0.0823697 -0.0805864
internal_weight=110687 52287.5 3946.72 184.068 102.896 48340.8 48329.9 48327.4 10.9024 58399.9 2812.04 55587.9 291.136 10021.6
internal_count=11598631 1198103 625081 18651 7573 573022 571996 571896 1026 10400528 321181 10079347 15677 1185315
is_linear=0
shrinkage=0.1


Tree=84
num_leaves=15
num_cat=0
split_feature=0 2 2 3 5 0 3 3 5 4 3 3 0 0
split_gain=45694.2 20589.1 1987.85 568.903 34.0625 6.18954 13.2335 602.331 329.9 0.0482527 0.0598177 11.8543 0.0309654 0.0450075
threshold=0.12500000372529033 2.3278195858001713 2.4528195858001713 65.562500000000014 2.1383123397827153 0.075000001117587103 65.562500000000014 66.062500000000014 2.0587884187698369 2.4238419532775883 65.562500000000014 66.062500000000014 0.22500000149011615 0.17500000447034839
decision_type=2 2 2 2 2 2 2 2 2 2 2 2 2 2
left_child=5 12 3 -3 -5 9 -7 8 -8 10 -1 -12 13 -2
right_child=1 2 -4 4 -6 6 7 -9 -10 -11 11 -13 -14 -15
leaf_value=-0.080301907560790128 -0.080755146751696469 -0.082789404467655064 -0.08040377278298716 0.08632864231987053 -0.13750138456495334 -0.080304550268133434 0.14156113669785397 -0.080346222411746243 -0.081510574217518672 -0.080542243090442722 -0.036014058869183768 -0.080312033367184621 -0.080522123282953828 -0.083696866980653636
leaf_weight=17570.279065954499 168.17511465749703 199.90142652299255 734.05867969244719 43760.874888449907 6.7999838367104521 10017.516404305585 194.14837101101875 7453.2872963729315 100.67481598351151 4885.7817377438769 60.87936718063429 7837.0304708422627 9082.1072881370783 75.294944420456886
leaf_count=3752810 16205 5729 139672 527735 60 2130403 1486 1533811 7942 681213 10908 1653464 1131962 5231
internal_value=-0.00851656 0.0546043 0.0828004 0.0855251 0.0862939 -0.0793867 -0.0779042 -0.0748009 0.0653877 -0.0802544 -0.0801992 -0.0799706 -0.080552 -0.0816649
internal_weight=102147 54027.2 44701.6 43967.6 43767.7 48119.6 17765.6 7748.11 294.823 30354 25468.2 7897.91 9325.58 243.47
internal_count=11598631 1826594 673196 533524 527795 9772037 3673642 1543239 9428 6098395 5417182 1664372 1153398 21436
is_linear=0
shrinkage=0.1


Tree=85
num_leaves=15
num_cat=0
split_feature=3 0 1 0 1 1 1 1 1 4 1 4 0 2
split_gain=58724.8 4278.16 28.6202 23.9168 59.9589 15.2851 8.20524 1.02162 0.82956 0.30528 0.142984 0.0461071 0.0339649 0.0547238
threshold=1.0000000180025095e-35 0.075000001117587103 19.500000000000004 0.17500000447034839 13.500000000000002 17.500000000000004 16.500000000000004 12.500000000000002 18.500000000000004 -0.51500990986824025 14.500000000000002 4.9252834320068368 0.12500000372529033 2.2028195858001713
decision_type=2 2 2 2 2 2 2 2 2 2 2 2 2 2
left_child=1 2 6 4 7 -6 10 -3 -8 -4 -1 12 -2 -14
right_child=11 3 9 -5 5 -7 8 -9 -10 -11 -12 -13 13 -15
leaf_value=-0.079784714852095706 -0.080285262544720112 -0.081872310701141676 -0.03850919618053425 0.085250277693727353 0.037745658886430257 0.087405149501944876 -0.062650007863768911 -0.034835535372559796 -0.068717730423685314 -0.08039524582195659 -0.075292748525208841 -0.080660733513846852 -0.082133979165727136 -0.080469060444349011
leaf_weight=608.36225857587124 38476.551789175122 25.752773560583595 329.75963072478771 40849.765421405435 89.673901570029557 200.71237105503678 594.77657163701952 5.6264198310673228 362.73136442992836 1.7492724717594672 80.204618893098086 4467.1637776985299 202.49348246259615 7878.4782856528182
leaf_count=141108 8862937 4745 59504 565456 2819 2422 126307 877 78875 287 18464 610518 15243 1109069
internal_value=-0.00773631 0.0781354 -0.0655371 0.0850364 0.0578796 0.0720699 -0.0709358 -0.0734384 -0.0649486 -0.0387302 -0.0792615 -0.0803539 -0.0803244 -0.0805108
internal_weight=94173.8 43149.1 1977.58 41171.5 321.765 290.386 1646.07 31.3792 957.508 331.509 688.567 51024.7 46557.5 8080.97
internal_count=11598631 1000864 424545 576319 10863 5241 364754 5622 205182 59791 159572 10597767 9987249 1124312
is_linear=0
shrinkage=0.1


Tree=86
num_leaves=15
num_cat=0
split_feature=4 0 4 5 5 2 4 5 4 5 0 3 3 2
split_gain=41414 3231.41 1477.28 1246.29 1943.24 747.937 1091.3 553.245 455.969 387.221 316.302 1121.67 284.228 243.097
threshold=2.98427426815033 0.075000001117587103 5.9367952346801767 2.7235324382781987 2.5466194152832036 2.8750000000000004 -0.51500990986824025 3.00477147102356 1.6720426678657534 2.0400025844573979 0.075000001117587103 102.93750000000001 124.68750000000001 2.3278195858001713
decision_type=2 2 2 2 2 2 2 2 2 2 2 2 2 2
left_child=5 2 3 4 -2 -1 10 -3 -8 -10 11 -7 -5 -4
right_child=1 7 13 12 -6 6 8 -9 9 -11 -12 -13 -14 -15
leaf_value=-0.079947921266168773 0.052518931149105136 -0.05942312049928733 -0.07707055505481604 0.1194364049395895 -0.059585305284138662 0.73363624200453348 -0.078695749460786751 0.10065405111222343 0.56556190368856452 0.022084882943184485 -0.080993443662509726 0.12131888999845004 0.061969909700978092 0.08164920311777038
leaf_weight=39922.373695744194 4233.5825867878739 2375.3415449247696 96.811200676020235 1416.5439829826355 2435.959092204459 35.367930264898632 1219.2126310502692 237.48933743312955 13.504700629040597 448.35619177110493 42.604471163824201 194.09278164245188 2193.274444992654 29809.159338692203
leaf_count=10371898 148874 258487 2953 21036 24895 6315 302555 2420 102 30500 8031 1517 19736 399312
internal_value=-0.00628989 0.0628879 0.0698945 0.037191 0.0115744 -0.0769919 -0.01657 -0.0448731 -0.0466412 0.037976 0.169238 0.215698 0.0845206 0.0811354
internal_weight=84673.7 42798.2 40185.3 10279.4 6669.54 41875.5 1953.14 2612.83 1681.07 461.861 272.065 229.461 3609.82 29906
internal_count=11598631 877713 616806 214541 173769 10720918 349020 260907 333157 30602 15863 7832 40772 402265
is_linear=0
shrinkage=0.1


Tree=87
num_leaves=15
num_cat=0
split_feature=0 4 2 2 3 4 5 3 0 4 4 5 5 4
split_gain=108110 44977.4 5212.86 4933.04 2012.64 1114.1 1004.78 912.722 912.932 483.494 350.514 416.618 335.368 326.411
threshold=0.17500000447034839 3.7634117603302006 2.4528195858001713 2.8750000000000004 101.18750000000001 6.1144933700561532 2.4432649612426762 101.93750000000001 0.12500000372529033 6.2921915054321298 -0.51500990986824025 3.00477147102356 3.00477147102356 6.7296018600463876
decision_type=2 2 2 2 2 2 2 2 2 2 2 2 2 2
left_child=1 7 13 4 9 6 -5 8 -1 -3 -9 -12 -6 -2
right_child=2 3 -4 5 12 -7 -8 10 -10 -11 11 -13 -14 -15
leaf_value=0.07968625038779456 -0.083424069890110517 0.065134717576433368 0.080469786197922069 -0.099079721541923141 -0.021486842431540421 -0.082406186829949518 -0.012892985942219534 -0.091685529287914 0.008944704238406629 0.0006804816972982978 0.044263840468954485 -0.10991166232372288 -0.083900260409513205 -0.051217901358439816
leaf_weight=145190.47957853111 87010.956362515688 4540.0145335830748 2012.4284826200455 1838.1387961581349 2262.6525662895292 19050.380941487849 5121.6090986188501 232.81658712215722 1847.4832436200231 1565.0178757030517 3037.7204203438014 186.00173740833998 1389.6987899392843 3265.0153502523899
leaf_count=9086824 1618065 151746 124820 13670 25065 350981 46250 1875 32882 14803 60097 1605 20937 49011
internal_value=0.00979473 0.0536471 -0.0787108 -0.0471506 0.0134836 -0.0698968 -0.0356558 0.0776034 0.0787974 0.048612 0.0268105 0.0353683 -0.0452348 -0.0822593
internal_weight=278550 186262 92288.4 35767.5 9757.38 26010.1 6959.75 150495 147038 6105.03 3456.54 3223.72 3652.35 90276
internal_count=11598631 9806735 1791896 623452 212551 410901 59920 9183283 9119706 166549 63577 61702 46002 1667076
is_linear=0
shrinkage=0.1


Tree=88
num_leaves=15
num_cat=0
split_feature=5 0 5 4 4 3 3 0 1 2 4 2 0 0
split_gain=55902.4 8251.51 77.6578 66.2215 42.1747 28.4875 6.49877 2.12939 0.433124 0.313664 0.0542618 0.0453963 0.0359862 0.0266232
threshold=3.0012133121490483 0.12500000372529033 3.00477147102356 -0.46033358573913569 5.8137736320495614 91.562500000000014 93.187500000000014 0.17500000447034839 15.500000000000002 1.5243974924087527 5.0209670066833505 2.4528195858001713 0.12500000372529033 0.22500000149011615
decision_type=2 2 2 2 2 2 2 2 2 2 2 2 2 2
left_child=10 2 3 8 -5 9 7 -7 -2 -3 12 -12 -1 -14
right_child=1 5 -4 4 -6 6 -8 -9 -10 -11 11 -13 13 -15
leaf_value=-0.080287469871335851 0.16858717565315479 -0.14558823851463518 -0.080380061118668467 -0.080370472256731329 0.030792889383866724 0.098129404159681938 -0.086310377979148895 0.085305755892747637 0.13991816605499488 -0.080946811453129291 -0.082073556317892926 -0.08066412139315203 -0.081233237406435579 -0.080470429900780238
leaf_weight=38978.626074512838 8.6511478684842587 0.82034735102206369 3224.6043890046421 83.45892251143232 57.742267621681094 129.8931230828166 2.2056478327140203 41620.220527492464 13.482164870947599 8.836527244653551 255.05754736065865 2196.6594223286957 484.85804540268146 8121.2958325403742
leaf_count=8894032 34 25 606430 17426 1138 710 100 571186 53 1001 15677 305504 52224 1133091
internal_value=-0.00755511 0.0731206 -0.0769726 -0.00970223 -0.0349118 0.0852969 0.0853366 0.0853457 0.151124 -0.0864381 -0.080352 -0.0808107 -0.0803283 -0.0805134
internal_weight=95186.4 45149.9 3387.94 163.335 141.201 41762 41752.3 41750.1 22.1333 9.65687 50036.5 2451.72 47584.8 8606.15
internal_count=11598631 1198103 625081 18651 18564 573022 571996 571896 87 1026 10400528 321181 10079347 1185315
is_linear=0
shrinkage=0.1


Tree=89
num_leaves=15
num_cat=0
split_feature=0 2 2 3 3 0 3 3 2 2 2 3 0 0
split_gain=38831.4 17490.7 1678.85 488.215 31.5951 7.04863 15.0602 601.496 316.881 0.0463512 1.42112 10.6618 0.0342187 0.0496517
threshold=0.12500000372529033 2.3278195858001713 2.4528195858001713 65.562500000000014 66.062500000000014 0.075000001117587103 65.562500000000014 66.062500000000014 2.4528195858001713 2.4528195858001713 2.3278195858001713 65.562500000000014 0.22500000149011615 0.17500000447034839
decision_type=2 2 2 2 2 2 2 2 2 2 2 2 2 2
left_child=5 12 3 -3 -5 9 -7 8 -8 10 -1 -12 13 -2
right_child=1 2 -4 4 -6 6 7 -9 -10 -11 11 -13 -14 -15
leaf_value=-0.080258761144013063 -0.080709747004072852 -0.082471427989237706 -0.080348226799295305 0.085380975662917497 -0.11901523287554612 -0.08026018668373959 0.13969108717720538 -0.080302311329197587 -0.084647265442466313 -0.080342187355690861 -0.08026735387588263 -0.034956582166237045 -0.080446892343071494 -0.083915833449115074
leaf_weight=13955.14885275929 157.75471602100879 174.16562983207405 627.45559753919952 37815.535525396466 7.5641599372029296 8561.7716893921606 195.333580436185 6384.7153823387343 92.913152046967298 11570.642272848852 427.23981521185488 59.116526244673878 7782.2891801535152 69.622172777540982
leaf_count=3483800 16205 5729 139672 527721 74 2130403 3240 1533811 6188 2499396 103977 11222 1131962 5231
internal_value=-0.0085119 0.0540033 0.0818918 0.0845709 0.0853401 -0.0791926 -0.0774845 -0.0739231 0.0673781 -0.0801931 -0.0800736 -0.0747598 -0.0804822 -0.0816914
internal_weight=87881.3 46634.4 38624.7 37997.3 37823.1 41246.9 15234.7 6672.96 288.247 26012.1 14441.5 486.356 8009.67 227.377
internal_count=11598631 1826594 673196 533524 527795 9772037 3673642 1543239 9428 6098395 3598999 115199 1153398 21436
is_linear=0
shrinkage=0.1


Tree=90
num_leaves=15
num_cat=0
split_feature=2 0 1 0 1 4 1 1 1 4 1 4 0 2
split_gain=50038.2 3556.15 31.354 20.7867 51.3897 14.8833 9.36372 1.11921 0.928873 0.354781 0.166246 0.0383664 0.0245432 0.05825
threshold=1.0000000180025095e-35 0.075000001117587103 19.500000000000004 0.17500000447034839 13.500000000000002 7.5224084854125985 16.500000000000004 12.500000000000002 18.500000000000004 -0.51500990986824025 14.500000000000002 4.8159308433532724 0.12500000372529033 2.2028195858001713
decision_type=2 2 2 2 2 2 2 2 2 2 2 2 2 2
left_child=1 2 6 4 7 -6 10 -3 -8 -4 -1 12 -2 -14
right_child=11 3 9 -5 5 -7 8 -9 -10 -11 -12 -13 13 -15
leaf_value=-0.079660232812632889 -0.080244334329251377 -0.081810298352606767 -0.033331283013382534 0.084439005570421111 0.074232122475977907 -0.094628271303565922 -0.059959949452838696 -0.030070162545118226 -0.066858605800412654 -0.080364656735658846 -0.074431571563702892 -0.080607592845801837 -0.082182952257489478 -0.080402823298126702
leaf_weight=519.93981911848823 32859.564197822823 22.295469101518396 293.69746607542038 35204.514044817537 282.57290508784354 5.317903470247983 517.14292445732281 5.1456907354295245 313.4924397924915 1.6125975069589902 68.863163855858147 3939.0949424542487 188.96458689961582 6751.9482479032595
leaf_count=141108 8853746 4745 59504 565456 5141 100 126307 877 78875 287 18464 619736 15243 1109042
internal_value=-0.00778054 0.0774199 -0.0632341 0.0842101 0.0586494 0.0711129 -0.0694019 -0.0721081 -0.0625636 -0.0335881 -0.0790487 -0.0803099 -0.0802804 -0.0804513
internal_weight=80974.2 37234.6 1714.75 35519.8 315.332 287.891 1419.44 27.4412 830.635 295.31 588.803 43739.6 39800.5 6940.91
internal_count=11598631 1000864 424545 576319 10863 5241 364754 5622 205182 59791 159572 10597767 9978031 1124285
is_linear=0
shrinkage=0.1


Tree=91
num_leaves=15
num_cat=0
split_feature=4 2 3 2 4 4 5 5 1 4 5 4 5 4
split_gain=34709.4 2872.1 1595.82 738.976 841.556 616.756 934.044 2629.35 497.693 428.603 335.567 318.268 381.319 241.588
threshold=2.98427426815033 2.8750000000000004 99.062500000000014 2.8750000000000004 -0.51500990986824025 6.1144933700561532 2.4432649612426762 2.710699319839478 17.500000000000004 1.6720426678657534 2.0400025844573979 6.3878748416900644 2.0556275844573979 4.8159308433532724
decision_type=2 2 2 2 2 2 2 2 2 2 2 2 2 2
left_child=3 2 8 -1 -5 6 13 -8 -2 -6 -11 12 -4 -3
right_child=1 5 11 4 9 -7 7 -9 -10 10 -12 -13 -14 -15
leaf_value=-0.079853848255473481 -0.071527098015720061 0.14449181981118486 0.19900427762866868 0.14534437144325466 -0.078345794317616541 0.083402688851928211 -0.043051556760287116 0.092457589878566726 -0.0036336820472979941 0.53479881663732942 0.023390630402773085 0.075915334345424246 0.0074617873774141313 0.075952672788752104
leaf_weight=34167.281081398265 1892.378325244179 978.32769019482657 111.17835062509403 280.12523694665333 1052.0340038540303 21984.212256323546 2654.4758399173152 3108.9480985980481 2514.2046441135462 13.221204115077851 434.19240480475128 2510.598696233239 1595.1021212057676 1084.2247157562524
leaf_count=10371898 270805 13935 599 15863 302555 350991 28122 30032 114939 102 30500 33649 24780 9861
internal_value=-0.00594676 0.0601178 0.00929187 -0.0765817 -0.0137567 0.0748207 0.0507127 0.0300458 -0.0327901 -0.0434798 0.0385029 0.0532669 0.0199424 0.108463
internal_weight=74380.5 38433.7 8623.46 35946.9 1779.57 29810.2 7825.98 5763.42 4406.58 1499.45 447.414 4216.88 1706.28 2062.55
internal_count=11598631 877713 444772 10720918 349020 432941 81950 58154 385744 333157 30602 59028 25379 23796
is_linear=0
shrinkage=0.1


Tree=92
num_leaves=15
num_cat=0
split_feature=0 4 2 2 3 4 5 0 3 4 4 4 3 2
split_gain=90999.1 38043.6 4788.41 4432.03 1742.79 1161.92 1021.24 844.39 645.789 420.577 353.301 343.048 1455.52 309.56
threshold=0.17500000447034839 3.5173683166503911 2.8750000000000004 2.4528195858001713 101.18750000000001 6.1144933700561532 2.7186124324798588 0.12500000372529033 102.93750000000001 6.2101769447326669 6.8389544486999521 6.7296018600463876 91.562500000000014 2.4528195858001713
decision_type=2 2 2 2 2 2 2 2 2 2 2 2 2 2
left_child=1 7 4 11 9 6 -4 8 -1 -3 -6 -2 -13 -9
right_child=3 2 5 -5 10 -7 -8 13 -10 -11 -12 12 -14 -15
leaf_value=0.079416973832216756 -0.082791157557761619 0.064667573650007151 -0.0043156407087803 0.080223733156380039 -0.0075911925306118488 -0.081591393363599829 -0.083112698285573633 -0.015949430670274576 0.028308440892139925 0.0045452393640328095 -0.071365245535441629 0.09012926510545588 -0.083729261429856358 0.082232556933599821
leaf_weight=124104.02646195586 74738.911760471761 4516.5821714811027 4492.8276476897299 1732.9783769529313 1731.2169235479087 16458.63658188656 2594.6747676935047 1308.6302552446723 2522.5667084585875 1567.2621830180287 1743.5209828168154 605.95953231304884 2345.0860016085207 425.56100049614906
leaf_count=9075823 1618065 172012 35533 124820 16812 350981 28542 19429 48057 15262 30627 4926 44085 13657
internal_value=0.00969235 0.0527989 -0.0427822 -0.0779426 0.0169095 -0.0670141 -0.0331626 0.0774497 0.0783988 0.0491794 -0.0395911 -0.0814707 -0.0480296 0.00814389
internal_weight=240888 161466 33104.7 79422.9 9558.58 23546.1 7087.5 128361 126627 6083.84 3474.74 77690 2951.05 1734.19
internal_count=11598631 9806735 649769 1791896 234713 415056 64075 9156966 9123880 187274 47439 1667076 49011 33086
is_linear=0
shrinkage=0.1


Tree=93
num_leaves=15
num_cat=0
split_feature=5 0 5 2 2 3 3 0 2 4 2 0 0 0
split_gain=47659.5 6988.91 79.6948 62.4741 64.6701 25.8483 5.67041 1.7713 0.285107 0.047455 0.0452121 0.0257848 0.0294826 0.0300599
threshold=3.0012133121490483 0.12500000372529033 3.00477147102356 2.3278195858001713 2.2028195858001713 91.562500000000014 93.187500000000014 0.17500000447034839 1.5243974924087527 5.0209670066833505 2.4528195858001713 0.12500000372529033 0.22500000149011615 0.17500000447034839
decision_type=2 2 2 2 2 2 2 2 2 2 2 2 2 2
left_child=9 2 3 4 -2 8 7 -7 -3 11 -11 -1 13 -13
right_child=1 5 -4 -5 -6 6 -8 -9 -10 10 -12 12 -14 -15
leaf_value=-0.080246473674091393 -0.080579638534503742 -0.14374216790087094 -0.080328590247753878 -0.081149641325520938 0.10647584187672661 0.096550505369529582 -0.08569787285609487 0.084497715144683294 -0.080916380507287625 -0.082051891740479888 -0.08060239190346713 -0.080635565802070333 -0.080402733485721189 -0.082366307118753701
leaf_weight=33340.648718151788 26.60980533901602 0.79363602725788851 2765.1154534798115 63.372783761005849 60.514895175117999 122.34693644195795 1.9567394889891137 35944.863116238266 8.038893149700014 242.4950210407842 1910.9532596447971 283.72079318296164 6951.769188876031 155.26989611028694
leaf_count=8894032 6966 25 606430 11078 607 710 100 571186 1001 15677 305504 32528 1133091 19696
internal_value=-0.00755784 0.0724523 -0.0764715 -0.00560483 0.049345 0.0844875 0.0845294 0.0845386 -0.0865615 -0.0803081 -0.0807656 -0.0802839 -0.0804529 -0.0812477
internal_weight=81878.5 38993.6 2915.61 150.497 87.1247 36078 36069.2 36067.2 8.83253 42884.9 2153.45 40731.4 7390.76 438.991
internal_count=11598631 1198103 625081 18651 7573 573022 571996 571896 1026 10400528 321181 10079347 1185315 52224
is_linear=0
shrinkage=0.1


Tree=94
num_leaves=15
num_cat=0
split_feature=0 2 2 3 5 0 3 3 5 2 2 3 0 0
split_gain=32989.4 14850.9 1438.84 469.627 29.8682 8.0491 17.1415 599.807 286.095 0.0474172 1.65183 11.689 0.0368735 0.0544849
threshold=0.12500000372529033 2.3278195858001713 2.4528195858001713 65.562500000000014 2.1383123397827153 0.075000001117587103 65.562500000000014 66.062500000000014 2.0587884187698369 2.4528195858001713 2.3278195858001713 65.562500000000014 0.22500000149011615 0.17500000447034839
decision_type=2 2 2 2 2 2 2 2 2 2 2 2 2 2
left_child=5 12 3 -3 -5 9 -7 8 -8 10 -1 -12 13 -2
right_child=1 2 -4 4 -6 6 7 -9 -10 -11 11 -13 -14 -15
leaf_value=-0.080221119356572876 -0.080650959427006258 -0.082423510566968075 -0.080312167312381139 0.084593201280557417 -0.14151404561254152 -0.080222382261665462 0.13616095970416883 -0.080266189531522827 -0.081419360247439829 -0.080297693602512127 -0.080228852053305599 -0.030223594445307273 -0.080382674399647719 -0.084141726690046187
leaf_weight=11923.18591550179 144.55727531318553 169.31322871660814 543.81295730685815 32628.189481135458 5.8432962596416465 7316.5900559707079 195.74807282537222 5477.6491577227134 87.422019961290061 9938.4927701534598 365.53636035230011 53.600948082981631 6663.1329668448307 64.736766988877207
leaf_count=3483800 16205 5729 139672 527735 60 2130403 1486 1533811 7942 2499396 103977 11222 1131962 5231
internal_value=-0.00851579 0.0534307 0.0810164 0.0836909 0.0845527 -0.0789792 -0.0770098 -0.0729297 0.0689882 -0.0801351 -0.0800042 -0.073834 -0.0804237 -0.0817307
internal_weight=75577.8 40219.6 33347.2 32803.3 32634 35358.2 13077.4 5760.82 283.17 22280.8 12342.3 419.137 6872.43 209.294
internal_count=11598631 1826594 673196 533524 527795 9772037 3673642 1543239 9428 6098395 3598999 115199 1153398 21436
is_linear=0
shrinkage=0.1


Tree=95
num_leaves=15
num_cat=0
split_feature=3 0 1 0 1 4 1 1 1 4 1 4 0 2
split_gain=42655.4 2952.35 34.0418 18.8765 44.7801 13.2967 10.6428 6.78582 1.05062 0.406166 0.193112 0.0280392 0.0182128 0.0616426
threshold=1.0000000180025095e-35 0.075000001117587103 19.500000000000004 0.17500000447034839 15.500000000000002 7.5224084854125985 16.500000000000004 12.500000000000002 17.500000000000004 -0.51500990986824025 14.500000000000002 4.8159308433532724 0.12500000372529033 2.2028195858001713
decision_type=2 2 2 2 2 2 2 2 2 2 2 2 2 2
left_child=1 2 6 4 7 -6 10 -3 -8 -4 -1 12 -2 -14
right_child=11 3 9 -5 5 -7 8 -9 -10 -11 -12 -13 13 -15
leaf_value=-0.079527485679223742 -0.080209715640103124 -0.081814986730441269 -0.027796369435222176 0.083757962906642502 0.076685564136056386 -0.09313339147936478 -0.052037107763684948 0.00011583175685262087 -0.061729583462507356 -0.080334911889299865 -0.073446246587464431 -0.08054415146416484 -0.082225639012569601 -0.080345460692694617
leaf_weight=444.38594368611666 28109.002628477705 19.389150401577353 262.91511284559965 30290.006935980171 263.17317468952388 4.6929549695923916 138.3285685912706 21.120833395980299 583.90627443022095 1.4797388655133534 59.171645684400573 3409.596068440238 179.80231224838644 5776.3148798763286
leaf_count=141108 8853746 4745 59504 565456 3955 98 38581 2065 166601 287 18464 619736 15243 1109042
internal_value=-0.00781 0.0768134 -0.0606342 0.0835074 0.0588912 0.0737104 -0.0676537 -0.0390984 -0.0598732 -0.0280904 -0.0788129 -0.0802707 -0.0802434 -0.0804022
internal_weight=69563.3 32088.6 1490.19 30598.4 308.376 267.866 1225.79 40.51 722.235 264.395 503.558 37474.7 34065.1 5956.12
internal_count=11598631 1000864 424545 576319 10863 4053 364754 6810 205182 59791 159572 10597767 9978031 1124285
is_linear=0
shrinkage=0.1


Tree=96
num_leaves=15
num_cat=0
split_feature=4 1 4 5 5 2 4 5 4 3 5 5 3 5
split_gain=29081.1 2541.44 1293.01 1042.18 927.616 760.138 734.389 436.145 404.526 308.075 305.109 233.763 10177.2 409.063
threshold=2.98427426815033 15.500000000000002 6.1144933700561532 3.00477147102356 2.4959522485733037 2.8750000000000004 -0.51500990986824025 3.00477147102356 1.6720426678657534 58.812500000000007 2.0400025844573979 2.0587884187698369 97.812500000000014 2.0556275844573979
decision_type=2 2 2 2 2 2 2 2 2 2 2 2 2 2
left_child=5 7 3 4 -3 -1 11 -2 -8 -4 -10 13 -13 -7
right_child=1 2 9 -5 -6 6 8 -9 10 -11 -12 12 -14 -15
leaf_value=-0.079737019572660439 -0.063407149839673591 0.055582208876853091 -0.0068658759295606407 0.10142932047100511 -0.012308940446264089 0.46863306662593029 -0.077918516821305961 0.088523401746131269 0.52726126619184577 0.07959835063054968 0.024647631918496817 7.5252065976789311 0.12911505038993587 -0.080291976069024107
leaf_weight=29240.966386070715 1912.0162259967765 3741.4423985064495 419.98407415859401 1895.9278635936789 4355.1950750772376 16.363081913056931 910.6044542228326 209.66676751384512 12.428683198057113 21902.94768405566 427.75443341606297 1.8801270485855628 177.98351728217676 79.697318820282817
leaf_count=10371898 231873 161517 8140 23078 58592 570 302555 3186 102 391327 30500 185 3725 11383
internal_value=-0.0055511 0.0576276 0.0645884 0.034691 0.0190634 -0.0760357 -0.00950306 -0.0483932 -0.0398706 0.0779716 0.0388391 0.139161 0.206427 0.0132128
internal_weight=65304.9 34437.2 32315.5 9992.57 8096.64 30867.7 1626.71 2121.68 1350.79 22322.9 440.183 275.924 179.864 96.0604
internal_count=11598631 877713 642654 243187 220109 10720918 349020 235059 333157 399467 30602 15863 3910 11953
is_linear=0
shrinkage=0.1


Tree=97
num_leaves=15
num_cat=0
split_feature=0 4 4 2 5 2 0 2 3 3 4 3 4 3
split_gain=76668.2 32218.1 4116.23 3787.47 1988.02 1153.17 786.237 640.091 591.541 392.89 300.085 1302.33 282.257 277.009
threshold=0.17500000447034839 3.4490230083465581 6.2101769447326669 2.4528195858001713 3.00477147102356 2.8750000000000004 0.12500000372529033 2.8750000000000004 101.93750000000001 95.937500000000014 6.6749253273010263 91.562500000000014 -0.51500990986824025 65.562500000000014
decision_type=2 2 2 2 2 2 2 2 2 2 2 2 2 2
left_child=1 6 4 10 5 -3 8 9 -1 -4 -2 -12 -10 -8
right_child=3 2 7 -5 -6 -7 13 -9 12 -11 11 -13 -14 -15
leaf_value=0.079123877222125286 -0.082292497467867612 0.051874128794321565 0.0090686996885006102 0.079988108916784706 -0.098211587117707944 -0.012890678347414607 0.05988747701730221 -0.081012977688193794 -0.081650618846986864 -0.060806285032633134 0.089544829309992344 -0.083128474123646337 0.039571227260587385 -0.025699808074146586
leaf_weight=106005.03231017396 63959.918375622481 5384.5000406475738 1361.7151267006993 1495.8309581950307 1672.5465382598341 5617.4688497167081 615.5853111166507 13987.667437952012 210.52075066417456 1967.1495549157262 546.93889593333006 2168.8071954473853 2192.8055381840095 980.47087032347918
leaf_count=9058908 1614121 189839 13201 124820 24971 47388 18019 347144 1875 35721 4987 47968 54644 15025
internal_value=0.0095879 0.0519372 -0.0399389 -0.0773797 0.00336422 0.018806 0.0769858 -0.0716338 0.0780116 -0.032223 -0.0809101 -0.0483529 0.0289527 0.00731048
internal_weight=208167 139995 29991 68171.5 12674.5 11002 110004 17316.5 108408 3328.86 66675.7 2715.75 2403.33 1596.06
internal_count=11598631 9806735 658264 1791896 262198 237227 9148471 396066 9115427 48922 1667076 52955 56519 33044
is_linear=0
shrinkage=0.1


Tree=98
num_leaves=15
num_cat=0
split_feature=5 5 2 2 3 0 4 2 0 0 0 0 4 3
split_gain=40593.4 5921.16 152.384 65.4751 10.3107 0.346527 0.0355658 0.0293882 0.0190589 0.0321942 0.0354056 0.0152497 0.0245598 0.00753816
threshold=3.0012133121490483 3.00477147102356 2.3278195858001713 2.2028195858001713 94.187500000000014 0.17500000447034839 4.9252834320068368 2.4528195858001713 0.12500000372529033 0.22500000149011615 0.17500000447034839 0.17500000447034839 6.7296018600463876 104.18750000000001
decision_type=2 2 2 2 2 2 2 2 2 2 2 2 2 2
left_child=6 2 3 5 -5 -2 8 11 13 10 -10 -8 -13 -1
right_child=1 -3 -4 4 -6 -7 7 -9 9 -11 -12 12 -14 -15
leaf_value=-0.080204381356024507 -0.080538118162503738 -0.080286087610415224 -0.081113886653015055 0.083903642649098928 -0.10283458719537984 -0.15602918863864676 -0.080466758653460826 -0.080549006915867472 -0.08058029055655519 -0.080344852799600852 -0.082564717174764324 -0.087529408864335884 -0.08201450862083326 -0.080599996711304855
leaf_weight=27993.993211477267 23.035345919197429 2376.5649231802672 56.159275399986655 31100.772126015276 2.9570786026306441 0.62454450130462547 62.326063273241743 1696.1714116525836 255.80045117298141 5946.6332927090116 138.63652144023217 8.5496972128748876 145.48154296912253 490.06781909405254
leaf_count=8827161 6997 607486 11113 572245 260 2 11721 311222 32503 1133091 19695 87 4926 60122
internal_value=-0.00763964 0.0718666 0.0834625 0.0837594 0.0838859 -0.0825308 -0.0802692 -0.080689 -0.0802461 -0.0804029 -0.0812778 -0.0817866 -0.0823206 -0.0802112
internal_weight=70297.8 33560.1 31183.5 31127.4 31103.7 23.6599 36737.7 1912.53 34825.1 6341.07 394.437 216.357 154.031 28484.1
internal_count=11598631 1198103 590617 579504 572505 6999 10400528 327956 10072572 1185289 52198 16734 5013 8887283
is_linear=0
shrinkage=0.1


Tree=99
num_leaves=15
num_cat=0
split_feature=0 2 2 3 3 0 3 3 2 2 2 3 0 0
split_gain=28048.8 12641.4 1219.16 404.81 27.7821 9.15525 19.3974 596.78 277.719 0.0499404 1.91526 12.6914 0.0395082 0.0590605
threshold=0.12500000372529033 2.3278195858001713 2.4528195858001713 65.562500000000014 66.062500000000014 0.075000001117587103 65.562500000000014 66.062500000000014 2.4528195858001713 2.4528195858001713 2.3278195858001713 65.562500000000014 0.22500000149011615 0.17500000447034839
decision_type=2 2 2 2 2 2 2 2 2 2 2 2 2 2
left_child=5 12 3 -3 -5 9 -7 8 -8 10 -1 -12 13 -2
right_child=1 2 -4 4 -6 6 7 -9 -10 -11 11 -13 -14 -15
leaf_value=-0.080188978297734928 -0.080611595316877116 -0.082180028474616029 -0.080269866628024447 0.083927168479766306 -0.12108422065457247 -0.080190092282517555 0.1352502766728734 -0.080234518121685583 -0.084538188993571628 -0.080260323693377697 -0.080196102627674293 -0.025456548052622111 -0.080327415535759894 -0.084368990976592173
leaf_weight=10186.626696392887 135.55473191291094 147.57095562200993 464.80652881483547 28102.335259195417 6.6116729229688636 6252.3339348549489 195.8827259875834 4699.4689429756254 81.372795751085505 8539.2437397062822 312.87286921567284 48.987002712208778 5700.8405735339038 60.506158012896776
leaf_count=3483800 16205 5729 139672 527721 74 2130403 3240 1533811 6188 2499396 103977 11222 1131962 5231
internal_value=-0.00851668 0.0529879 0.0803693 0.0830117 0.0838789 -0.0787477 -0.076482 -0.0718235 0.0707437 -0.0800805 -0.079935 -0.0727857 -0.0803754 -0.0817712
internal_weight=64935 34618.2 28721.3 28256.5 28108.9 30316.8 11229.1 4976.72 277.256 19087.7 10548.5 361.86 5896.9 196.061
internal_count=11598631 1826594 673196 533524 527795 9772037 3673642 1543239 9428 6098395 3598999 115199 1153398 21436
is_linear=0
shrinkage=0.1


Tree=100
num_leaves=15
num_cat=0
split_feature=2 0 1 0 1 1 1 1 1 4 1 4 0 2
split_gain=36399.6 2447.45 36.5935 15.1909 38.1688 14.1391 12.0404 1.27703 1.16794 0.457978 0.224048 0.0201896 0.0140291 0.0652668
threshold=1.0000000180025095e-35 0.075000001117587103 19.500000000000004 0.17500000447034839 13.500000000000002 17.500000000000004 16.500000000000004 12.500000000000002 18.500000000000004 -0.51500990986824025 14.500000000000002 4.8159308433532724 0.12500000372529033 2.2028195858001713
decision_type=2 2 2 2 2 2 2 2 2 2 2 2 2 2
left_child=1 2 6 4 7 -6 10 -3 -8 -4 -1 12 -2 -14
right_child=11 3 9 -5 5 -7 8 -9 -10 -11 -12 -13 13 -15
leaf_value=-0.079383261639551519 -0.080180174425298928 -0.081629630493453953 -0.021945547776900665 0.083184812792178972 0.036767117814753211 0.085283271281810277 -0.053515101125109057 -0.021366199251986753 -0.062410679936597484 -0.08030635072250232 -0.072317783857863319 -0.080486446599873751 -0.082318758156667657 -0.080297328221067277
leaf_weight=379.85740085131692 24051.588822051657 16.683519722893838 236.6635214984417 26025.224212896079 86.687994089908898 195.61823590472341 393.47433160338551 4.455416588112711 236.19412275427021 1.3523103864863504 50.893772803945467 2955.2280310932547 165.05732853710651 4944.9051005595829
leaf_count=141108 8853746 4745 59504 565456 2819 2422 126307 877 78875 287 18464 619736 15243 1109042
internal_value=-0.00784323 0.0763157 -0.0577118 0.0829254 0.0606804 0.0703854 -0.0656652 -0.068928 -0.0568519 -0.0222771 -0.0785485 -0.0802374 -0.0802121 -0.0803626
internal_weight=59743.9 27627.1 1298.44 26328.7 303.445 282.306 1060.42 21.1389 629.668 238.016 430.751 32116.8 29161.6 5109.96
internal_count=11598631 1000864 424545 576319 10863 5241 364754 5622 205182 59791 159572 10597767 9978031 1124285
is_linear=0
shrinkage=0.1


Tree=101
num_leaves=15
num_cat=0
split_feature=4 0 4 5 5 5 3 4 2 2 2 3 3 1
split_gain=24618 2583.6 1400.95 966.87 861.161 381.186 366.302 352.157 237.495 185.229 164.616 156.722 153.941 79.2141
threshold=2.3828347921371464 0.075000001117587103 6.1144933700561532 3.00477147102356 2.4959522485733037 3.00477147102356 98.437500000000014 -0.51500990986824025 2.3278195858001713 2.3278195858001713 2.8750000000000004 132.68750000000003 105.93750000000001 17.500000000000004
decision_type=2 2 2 2 2 2 2 2 2 2 2 2 2 2
left_child=6 2 3 4 -2 11 -1 9 -4 -8 -10 13 -5 -3
right_child=1 5 8 12 -6 -7 7 -9 10 -11 -12 -13 -14 -15
leaf_value=-0.079714499066505573 0.052329186930994157 -0.079464418535595466 -0.080872303054087255 0.16882681974138253 -0.012044106555694982 0.090790029840779204 -0.15410019957782045 -0.054027501404157213 0.057142908243458627 0.13044665844503006 0.082221559725445093 0.079400849249519762 0.086969958201709788 -0.035670500265219764
leaf_weight=25185.378796624427 3833.1864755391143 1421.5512222598772 94.372375431004912 273.89261223631911 4538.8094128039666 178.7463213969022 25.89552266150713 500.04066306864843 3124.2156357578933 196.26775096915662 16133.518862791359 76.170736877247691 1425.311881147325 582.16976869269274
leaf_count=10502823 190411 266913 2842 4384 76246 2838 84 88085 43405 4369 347489 683 21366 46693
internal_value=-0.00539955 0.0537242 0.0616361 0.0313886 0.0174297 -0.0493451 -0.077701 -0.00748262 0.0773775 0.0972797 0.078153 -0.0613883 0.100164 -0.0667403
internal_weight=57589.5 31681.9 29423.3 10071.2 8372 2258.64 25907.6 722.204 19352.1 222.163 19257.7 2079.89 1699.2 2003.72
internal_count=11598631 1003270 686143 292407 266657 317127 10595361 92538 393736 4453 390894 314289 25750 313606
is_linear=0
shrinkage=0.1


Tree=102
num_leaves=15
num_cat=0
split_feature=0 4 2 2 3 4 5 0 3 4 5 4 3 2
split_gain=64679.8 27426.4 3780.93 3234.75 1227.85 1213.84 1020.95 740.392 441.112 355.678 328.426 261.076 1110.49 244.626
threshold=0.17500000447034839 3.2576558589935307 2.8750000000000004 2.4528195858001713 101.18750000000001 6.1144933700561532 2.4021030664443974 0.12500000372529033 101.93750000000001 5.6497445106506357 3.00477147102356 6.6749253273010263 91.562500000000014 2.4528195858001713
decision_type=2 2 2 2 2 2 2 2 2 2 2 2 2 2
left_child=1 7 4 11 9 6 -4 8 -1 -3 -6 -2 -13 -9
right_child=3 2 5 -5 10 -7 -8 13 -10 -11 -12 12 -14 -15
leaf_value=0.079026893020105196 -0.081814512735453038 0.064998173177832352 -0.09615445816889677 0.079751654260381111 -0.0099611194738387972 -0.080036489111157974 -0.0055873042823715788 -0.015765422566949818 0.030741551915372235 0.012200712979587143 -0.079987890832950895 0.088156162792953519 -0.082652224066045415 0.081758605000390852
leaf_weight=90532.990416508837 54830.351233430207 3619.5614444548264 1638.9310349039733 1289.3218989111483 2118.5462534902617 12237.216378852725 5174.4826448010281 1132.750827698037 1932.3726730961353 1970.6093494417146 979.35236002132297 478.56455467641354 1859.8727804757655 332.76333633810282
leaf_count=9038215 1614121 192534 13682 124820 28258 350981 55156 19400 52237 21728 21028 4987 47968 13516
internal_value=0.00956326 0.0510993 -0.0362691 -0.0768863 0.0184009 -0.0612014 -0.0273728 0.0769001 0.0780178 0.0463864 -0.032099 -0.0804189 -0.047696 0.00637863
internal_weight=180128 121670 27738.7 58458.1 8688.07 19050.6 6813.41 93930.9 92465.4 5590.17 3097.9 57168.8 2338.44 1465.51
internal_count=11598631 9806735 683367 1791896 263548 419819 68838 9123368 9090452 214262 49286 1667076 52955 32916
is_linear=0
shrinkage=0.1


Tree=103
num_leaves=15
num_cat=0
split_feature=5 5 2 2 3 0 4 2 0 0 0 0 4 3
split_gain=34602.3 5035.81 131.751 56.004 9.3012 0.296759 0.0261791 0.0183566 0.0145594 0.0347939 0.0412354 0.0100348 0.0197202 0.00589393
threshold=3.0012133121490483 3.00477147102356 2.3278195858001713 2.2028195858001713 94.187500000000014 0.17500000447034839 4.9252834320068368 2.4528195858001713 0.12500000372529033 0.22500000149011615 0.17500000447034839 0.17500000447034839 6.7296018600463876 104.18750000000001
decision_type=2 2 2 2 2 2 2 2 2 2 2 2 2 2
left_child=6 2 3 5 -5 -2 8 11 13 10 -10 -8 -13 -1
right_child=1 -3 -4 4 -6 -7 7 -9 9 -11 -12 12 -14 -15
leaf_value=-0.080174678342697092 -0.080499441422047457 -0.080247963308521852 -0.081048189286757416 0.083331258879862077 -0.10313545618785883 -0.15062399827962253 -0.080425674916086959 -0.080502961882848167 -0.080528486197575272 -0.080295447358028252 -0.082787131185334664 -0.086871048016546715 -0.081717170464859087 -0.080543072073044147
leaf_weight=23930.275100234561 19.727128568105403 2035.9248715519061 48.934687745757401 26740.779769029468 2.6753445114009073 0.62252399325370689 55.82449264684692 1481.5815829166677 230.93609621026553 5083.9615896849427 124.35668008751236 7.8935114964842787 124.83343705534935 442.31800841662334
leaf_count=8827161 6997 607486 11113 572245 260 2 11721 311222 32503 1133091 19695 87 4926 60122
internal_value=-0.00773979 0.0713738 0.0828867 0.0831864 0.0833126 -0.0826446 -0.080236 -0.0806212 -0.0802144 -0.0803623 -0.081319 -0.0815506 -0.0820237 -0.0801814
internal_weight=60330.6 28848.7 26812.7 26763.8 26743.5 20.3497 31482 1670.13 29811.8 5439.25 355.293 188.551 132.727 24372.6
internal_count=11598631 1198103 590617 579504 572505 6999 10400528 327956 10072572 1185289 52198 16734 5013 8887283
is_linear=0
shrinkage=0.1


Tree=104
num_leaves=15
num_cat=0
split_feature=0 2 2 3 5 0 3 3 5 2 2 3 0 0
split_gain=23852 10754.6 1050.16 346.754 26.7316 10.4437 21.9708 591.819 248.965 0.0536466 2.21432 13.6862 0.0420172 0.0631029
threshold=0.12500000372529033 2.3278195858001713 2.4528195858001713 65.562500000000014 2.1383123397827153 0.075000001117587103 65.562500000000014 66.062500000000014 2.0587884187698369 2.4528195858001713 2.3278195858001713 65.562500000000014 0.22500000149011615 0.17500000447034839
decision_type=2 2 2 2 2 2 2 2 2 2 2 2 2 2
left_child=5 12 3 -3 -5 9 -7 8 -8 10 -1 -12 13 -2
right_child=1 2 -4 4 -6 6 7 -9 -10 -11 11 -13 -14 -15
leaf_value=-0.080161614313110446 -0.08055548165549295 -0.081939946066046362 -0.080243890994422223 0.083354276419385642 -0.14558633232550081 -0.080162603296694168 0.13149279220203816 -0.080207120782354507 -0.081326594775660205 -0.080228375669287505 -0.080168485083433716 -0.020591125578121615 -0.080280169300801341 -0.084592693436467928
leaf_weight=8703.6142103343846 121.35211871203501 127.65759273199365 403.3880893655587 24173.238208461553 5.1011875458061686 5344.3479341713246 196.53656775504351 4032.8538402681879 76.312230449635535 7344.2511093167814 268.23095398116857 45.03187265782617 4874.3989939829335 56.854046778287739
leaf_count=3483800 16205 5729 139672 527735 60 2130403 1486 1533811 7942 2499396 103977 11222 1131962 5231
internal_value=-0.00853672 0.0525996 0.0797823 0.0824381 0.083306 -0.0784889 -0.0758798 -0.0705638 0.07197 -0.0800277 -0.0798643 -0.0716042 -0.0803353 -0.0818435
internal_weight=55773.2 29762 24709.4 24306 24178.3 26011.2 9650.05 4305.7 272.849 16361.1 9016.88 313.263 5052.61 178.206
internal_count=11598631 1826594 673196 533524 527795 9772037 3673642 1543239 9428 6098395 3598999 115199 1153398 21436
is_linear=0
shrinkage=0.1


Tree=105
num_leaves=15
num_cat=0
split_feature=2 0 1 4 1 0 1 1 4 1 0 4 0 2
split_gain=31074.5 2023.37 38.9157 14.8447 13.5519 10.9307 34.0106 1.28856 0.509665 0.259607 0.115758 0.0147392 0.0112756 0.068103
threshold=1.0000000180025095e-35 0.075000001117587103 19.500000000000004 7.5224084854125985 16.500000000000004 0.17500000447034839 13.500000000000002 17.500000000000004 -0.51500990986824025 14.500000000000002 0.12500000372529033 4.8159308433532724 0.12500000372529033 2.2028195858001713
decision_type=2 2 2 2 2 2 2 2 2 2 2 2 2 2
left_child=1 2 4 5 9 6 -3 -6 -4 -1 -5 12 -2 -14
right_child=11 3 8 10 7 -7 -8 -9 -10 -11 -12 -13 13 -15
leaf_value=-0.079223859155581111 -0.080155083610219835 -0.067273115705337505 -0.015820897299868422 -0.082699420605663973 -0.043600236871993575 0.082701605906756195 0.072152974833868885 -0.055842722109856427 -0.080279755439644968 -0.071023627485719595 -0.11608504680588934 -0.080437989351667072 -0.082375057377801209 -0.080255689245834982
leaf_weight=324.69391067698234 20580.472326765102 18.689253544434905 214.24953096359968 3.2944458089768878 106.62291323812678 22335.311770513654 273.91071718372405 443.9198835818097 1.2337112766690541 43.816671411274001 1.5167011767625806 2561.3672388166888 157.26093546720222 4226.0683447242482
leaf_count=141108 8853746 5622 59504 94 38581 565456 5141 166601 287 18464 6 619736 15243 1109042
internal_value=-0.00788264 0.0758801 -0.0544387 0.0824127 -0.0634065 0.08245 0.0632474 -0.0534717 -0.0161899 -0.0782488 -0.0932241 -0.0802095 -0.0801861 -0.0803317
internal_weight=51292.4 23767.3 1134.54 22632.7 919.053 22627.9 292.6 550.543 215.483 368.511 4.81115 27525.2 24963.8 4383.33
internal_count=11598631 1000864 424545 576319 364754 576219 10763 205182 59791 159572 100 10597767 9978031 1124285
is_linear=0
shrinkage=0.1


Tree=106
num_leaves=15
num_cat=0
split_feature=4 2 1 4 5 5 3 3 5 3 4 2 4 5
split_gain=20615.4 2280.4 1061.67 750.6 840.611 2150.17 748.24 671.64 436.067 349.997 322.984 164.057 141.766 121.771
threshold=2.3281584978103642 2.8750000000000004 16.500000000000004 6.1144933700561532 2.7186124324798588 2.4959522485733037 79.062500000000014 124.68750000000001 1.9286803603172304 98.437500000000014 -0.51500990986824025 2.3278195858001713 5.6497445106506357 3.0405635833740239
decision_type=2 2 2 2 2 2 2 2 2 2 2 2 2 2
left_child=9 2 13 4 5 -3 12 -6 -8 -1 11 -11 -4 -2
right_child=1 3 6 -5 7 -7 8 -9 -10 10 -12 -13 -14 -15
leaf_value=-0.079615798986721054 -0.075432673003979545 0.088825836454696494 -0.066590823614421119 0.0809131623635123 0.15754989417575019 -0.04717423127795229 0.15883914776181554 0.049202997905407449 0.035622232193234314 -0.14252448437669632 -0.053982924329062522 0.12763997629302873 -0.0065782232851035408 0.058484070589715609
leaf_weight=21520.582877370281 1511.0238092786167 2176.1781999014784 774.15552481287159 14141.808887772262 893.45516133890487 2495.6781887458637 309.52127425500657 1590.9178332565352 3986.0620857769391 25.526458375155926 449.25184627785347 188.15033768978901 800.8115580547601 71.095215201261453
leaf_count=10493270 300190 38454 131289 350991 9016 30285 6438 21585 113072 84 87041 4369 10248 2299
internal_value=-0.00498426 0.050899 0.00328933 0.0675588 0.0411684 0.0161754 0.0228832 0.0881678 0.0445007 -0.0774112 -0.00584462 0.0953653 -0.0360767 -0.0694149
internal_weight=50934.2 28750.7 7452.67 21298 7156.23 4671.86 5870.55 2484.37 4295.58 22183.5 662.929 213.677 1574.97 1582.12
internal_count=11598631 1013867 563536 450331 99340 68739 261047 30601 119510 10584764 91494 4453 141537 302489
is_linear=0
shrinkage=0.1


Tree=107
num_leaves=15
num_cat=0
split_feature=0 4 4 2 5 3 0 2 3 3 2 2 4 3
split_gain=54456.5 23267.9 3240.28 2742.29 1591.32 1036.26 684.742 638.094 459.561 318.441 236.637 521.933 224.696 943.913
threshold=0.17500000447034839 3.2576558589935307 6.2921915054321298 2.4528195858001713 3.00477147102356 132.68750000000003 0.12500000372529033 2.8750000000000004 101.93750000000001 95.937500000000014 2.2028195858001713 2.4528195858001713 6.6749253273010263 91.562500000000014
decision_type=2 2 2 2 2 2 2 2 2 2 2 2 2 2
left_child=1 6 4 12 5 -3 8 9 -1 -4 -8 -12 -2 -14
right_child=3 2 7 -5 -6 -7 10 -9 -10 -11 11 -13 13 -15
leaf_value=0.078659615274991004 -0.08138868847745348 0.026222489714285264 0.011620929673370974 0.079496623973894995 -0.096562340932600993 -0.084050578675534671 0.057915408667138173 -0.079695310332938071 0.027599485400500858 -0.055769928304598787 -0.08595714787164549 0.081497152499883485 0.086942218006560545 -0.082250373895247197
leaf_weight=77519.57473200353 46972.087047867477 9812.7743070907891 1249.3305363599211 1102.4066806752235 1403.8632745407522 933.22562604956329 527.75492474623024 10281.506507463753 1803.7188975317404 1598.0926714725792 536.82069373317063 284.9245152361691 415.77195903658867 1593.5151873920113
leaf_count=9038215 1614121 254593 12822 124820 26892 10024 15214 343801 52237 35235 4186 13516 4987 47968
internal_value=0.00944739 0.0500644 -0.0336518 -0.0764774 0.00356522 0.0166459 0.0762969 -0.0680935 0.0774986 -0.0262016 0.00566291 -0.0278956 -0.0799879 -0.0472402
internal_weight=156035 105952 25278.8 50083.8 12149.9 10746 80672.8 13128.9 79323.3 2847.42 1349.5 821.745 48981.4 2009.29
internal_count=11598631 9806735 683367 1791896 291509 264617 9123368 391858 9090452 48057 32916 17702 1667076 52955
is_linear=0
shrinkage=0.1


Tree=108
num_leaves=15
num_cat=0
split_feature=5 5 2 2 3 0 4 0 0 0 2 0 4 3
split_gain=29506.9 4284.99 114.577 48.055 8.35689 0.255966 0.0195741 0.0115935 0.0375463 0.0472453 0.0115111 0.00668601 0.0161912 0.00486307
threshold=3.0012133121490483 3.00477147102356 2.3278195858001713 2.2028195858001713 94.187500000000014 0.17500000447034839 4.9252834320068368 0.12500000372529033 0.22500000149011615 0.17500000447034839 2.4528195858001713 0.17500000447034839 6.7296018600463876 104.18750000000001
decision_type=2 2 2 2 2 2 2 2 2 2 2 2 2 2
left_child=6 2 3 5 -5 -2 7 13 9 -9 11 -8 -13 -1
right_child=1 -3 -4 4 -6 -7 10 8 -10 -11 -12 12 -14 -15
leaf_value=-0.080149266452998039 -0.080472890928838997 -0.080215143764032146 -0.080986271942818266 0.082850757147497789 -0.10242799295371262 -0.14593708075816469 -0.080387845262947788 -0.080484874139317028 -0.080253356997491587 -0.083030162655777062 -0.080464501698991914 -0.086334547906487424 -0.081464194503815118 -0.08049941497433194
leaf_weight=20450.914854132672 16.914291501976553 1743.0930644748296 42.840787578141317 22961.470188334584 2.4346668482758096 0.61913886666297813 49.941592518473044 208.64737138571218 4344.4025959353894 112.11172152147628 1294.4269940883387 7.2907806113362303 107.04252783767879 404.49388023710344
leaf_count=8827161 6997 607486 11113 572245 260 2 11721 32503 1133091 19695 311222 87 4926 60122
internal_value=-0.00785711 0.0709555 0.0824002 0.0827048 0.0828311 -0.0827846 -0.0802083 -0.0801879 -0.0803304 -0.0813745 -0.0805646 -0.0813531 -0.0817748 -0.0801561
internal_weight=51746.6 24767.4 23024.3 22981.4 22963.9 17.5334 26979.3 25520.6 4665.16 320.759 1458.7 164.275 114.333 20855.4
internal_count=11598631 1198103 590617 579504 572505 6999 10400528 10072572 1185289 52198 327956 16734 5013 8887283
is_linear=0
shrinkage=0.1


Tree=109
num_leaves=15
num_cat=0
split_feature=0 2 2 3 3 0 3 3 5 2 2 3 0 0
split_gain=20285.1 9169.22 892.288 298.348 25.0257 11.854 24.7048 586.115 246.42 0.0585124 2.5585 14.6545 0.0441817 0.0670402
threshold=0.12500000372529033 2.3278195858001713 2.4528195858001713 65.562500000000014 66.062500000000014 0.075000001117587103 65.562500000000014 66.062500000000014 2.0556275844573979 2.4528195858001713 2.3278195858001713 65.562500000000014 0.22500000149011615 0.17500000447034839
decision_type=2 2 2 2 2 2 2 2 2 2 2 2 2 2
left_child=5 12 3 -3 -5 9 -7 8 -8 10 -1 -12 13 -2
right_child=1 2 -4 4 -6 6 7 -9 -10 -11 11 -13 -14 -15
leaf_value=-0.080138314351900761 -0.080521755806925097 -0.081743103134822526 -0.080211807968553386 0.082881921847091061 -0.12271804888145366 -0.080139090318162812 -0.090711304658931624 -0.080185106839680859 0.12953317133616421 -0.080200853041114281 -0.080144567477288403 -0.015650242543429831 -0.080239834681681971 -0.084808416480153734
leaf_weight=7435.7001902423881 113.7712731549982 110.75126625178382 344.91801669890992 20772.63312394172 5.9219480529427519 4566.7871612331364 68.165234044194221 3464.3084070889163 199.41211893595755 6316.1306323521922 229.67721863184124 41.614604874281213 4165.6811485930812 53.705588260898367
leaf_count=3483800 16205 5729 139672 527721 74 2130403 989 1533811 8439 2499396 103977 11222 1131962 5231
internal_value=-0.00854805 0.0522642 0.0793167 0.0819508 0.0828233 -0.0782025 -0.0752068 -0.0691711 0.073426 -0.0799752 -0.0797903 -0.0702515 -0.0803039 -0.0818964
internal_weight=47889.2 25567.4 21234.2 20889.3 20778.6 22321.8 8298.67 3731.89 267.577 14023.1 7706.99 271.292 4333.16 167.477
internal_count=11598631 1826594 673196 533524 527795 9772037 3673642 1543239 9428 6098395 3598999 115199 1153398 21436
is_linear=0
shrinkage=0.1


Tree=110
num_leaves=15
num_cat=0
split_feature=2 0 1 1 4 0 1 1 4 1 0 0 2 0
split_gain=26558 1668.81 40.8911 15.1603 13.49 8.88554 30.1304 1.4285 0.559844 0.300255 0.0851176 0.0106146 0.0694788 0.138421
threshold=1.0000000180025095e-35 0.075000001117587103 19.500000000000004 16.500000000000004 7.5224084854125985 0.17500000447034839 16.500000000000004 18.500000000000004 -0.51500990986824025 14.500000000000002 0.12500000372529033 0.12500000372529033 2.2028195858001713 0.17500000447034839
decision_type=2 2 2 2 2 2 2 2 2 2 2 2 2 2
left_child=1 2 3 9 5 6 -3 -5 -4 -1 -6 -2 13 -13
right_child=11 4 8 7 10 -7 -8 -9 -10 -11 -12 12 -14 -15
leaf_value=-0.079045729786872576 -0.080154467291286169 -0.0088234638541015934 -0.009506594090982895 -0.045534058692604004 -0.082458963330834995 0.082293562237503171 0.078826283191940877 -0.056783976984432473 -0.080255352352072928 -0.069543473388663513 -0.1120247360303061 -0.080486704789065444 -0.080252638191094211 -0.087246078216962134
leaf_weight=277.62609342810902 19393.620662214802 46.80498970951885 195.17869317904115 303.28993892366998 3.0174351427704087 19150.403417240828 242.00056942179799 179.77485146862455 1.1249300728086371 37.77848308510147 1.4376783668994901 103.10194148565643 4062.0565933693433 42.903272973373532
leaf_count=141108 9337039 7445 59504 126307 94 565456 3318 78875 287 18464 6 15063 1245116 549
internal_value=-0.0079211 0.0755279 -0.0508021 -0.0608549 0.0819911 0.082031 0.0646214 -0.0497208 -0.00991202 -0.0779076 -0.0919999 -0.0801857 -0.0803297 -0.0824729
internal_weight=44040.1 20438.4 994.773 798.469 19443.7 19439.2 288.806 483.065 196.304 315.405 4.45511 23601.7 4208.06 146.005
internal_count=11598631 1000864 424545 364754 576319 576219 10763 205182 59791 159572 100 10597767 1260728 15612
is_linear=0
shrinkage=0.1


Tree=111
num_leaves=15
num_cat=0
split_feature=4 2 1 4 5 5 3 4 5 3 4 2 4 5
split_gain=17312.8 2003.8 903.13 739.678 838.948 1198.7 603.476 551.846 411.478 351.028 303.048 147.727 132.473 103.246
threshold=2.3281584978103642 2.8750000000000004 16.500000000000004 6.1144933700561532 2.0556275844573979 2.710699319839478 79.062500000000014 3.5857137441635136 1.9286803603172304 97.812500000000014 -0.51500990986824025 2.3278195858001713 5.6497445106506357 3.0405635833740239
decision_type=2 2 2 2 2 2 2 2 2 2 2 2 2 2
left_child=9 2 13 4 7 -6 12 -3 -8 -1 11 -11 -4 -2
right_child=1 3 6 -5 5 -7 8 -9 -10 10 -12 -13 -14 -15
leaf_value=-0.079532782361142695 -0.074007533423983404 0.53651655755688732 -0.064974167754961842 0.080136443060731782 -0.0069654357902889756 0.084280267229972325 0.15561013193140957 0.12324893094312678 0.032073336835289838 -0.13343992037416272 -0.051806958161989242 0.12633382018233427 -0.0054129848265600947 0.053530032287359058
leaf_weight=18383.892560453925 1362.2341367228655 33.986899131909013 702.590534101706 12179.679848529398 3836.0410680335481 2304.7672218319494 290.08112633088604 655.41366299055517 3822.6681860324461 24.874910697340965 433.50559487962164 182.50789158931002 797.05182671337388 66.576293218531646
leaf_count=10480645 300190 298 131289 350991 62471 30901 6438 5670 113072 84 99098 4937 10248 2299
internal_value=-0.00447552 0.0484857 0.00291553 0.0653647 0.0390237 0.0272809 0.0209858 0.143623 0.0407867 -0.0769966 -0.00424566 0.0951748 -0.0333177 -0.0680648
internal_weight=45075.9 26051.1 7041.2 19009.9 6830.21 6140.81 5612.39 689.401 4112.75 19024.8 640.888 207.383 1499.64 1428.81
internal_count=11598631 1013867 563536 450331 99340 93372 261047 5968 119510 10584764 104119 5021 141537 302489
is_linear=0
shrinkage=0.1


Tree=112
num_leaves=15
num_cat=0
split_feature=0 4 2 2 4 3 5 0 1 3 1 4 3 4
split_gain=45814.2 19796.7 2949.78 2346.48 1121.79 921.618 913.671 608.693 476.154 366.723 196.503 193.23 803.354 173.611
threshold=0.17500000447034839 3.0936268568038945 2.8750000000000004 2.4528195858001713 6.2101769447326669 97.187500000000014 3.00477147102356 0.12500000372529033 17.500000000000004 102.93750000000001 12.500000000000002 6.6749253273010263 91.562500000000014 -0.47400267422199244
decision_type=2 2 2 2 2 2 2 2 2 2 2 2 2 2
left_child=1 7 6 11 5 -4 8 9 -3 -1 -9 -2 -13 -11
right_child=3 2 4 -5 -6 -7 -8 10 -10 13 -12 12 -14 -15
leaf_value=0.078298781616185337 -0.08100273381365207 0.069355529162465929 -0.13229637343439507 0.079246407198515181 -0.078849657238270698 -0.011417501631121357 -0.071032380378352453 0.070091359559956476 0.013626292676398012 -0.069384658986893832 -0.020223331113034985 0.085919977222190178 -0.081910584321832125 0.039418559592803895
leaf_weight=66334.298875124892 40218.364805489779 2290.48867973499 706.76414192095399 951.0759120201692 8936.7788863144815 5863.6807687059045 981.63100718241185 335.07528668735176 4636.7230302817188 166.68895505042747 857.2284164596349 360.60402006655931 1364.1410100851208 1220.1414411989972
leaf_count=9027875 1614121 128978 5790 124820 347144 69571 23700 14178 131727 1756 18619 4987 47968 37397
internal_value=0.00932227 0.048996 -0.0304407 -0.0760752 -0.0557877 -0.0244201 0.0192584 0.0759877 0.0320532 0.0772348 0.00515797 -0.0795971 -0.0468211 0.026341
internal_weight=135224 92329.5 23416.1 42894.2 15507.2 6570.44 7908.84 68913.4 6927.21 67721.1 1192.3 41943.1 1724.75 1386.83
internal_count=11598631 9806735 706910 1791896 422505 75361 284405 9099825 260705 9067028 32797 1667076 52955 39153
is_linear=0
shrinkage=0.1


Tree=113
num_leaves=15
num_cat=0
split_feature=5 5 2 2 3 0 4 0 0 0 0 2 5 3
split_gain=25165 3658.27 99.8817 41.2924 7.59735 0.222203 0.0143378 0.0095142 0.0400541 0.0535389 0.00743989 0.00441617 0.00783742 0.00750968
threshold=3.0012133121490483 3.00477147102356 2.3278195858001713 2.2028195858001713 94.187500000000014 0.17500000447034839 4.9252834320068368 0.12500000372529033 0.22500000149011615 0.17500000447034839 0.075000001117587103 2.4528195858001713 0.99445411562919628 77.437500000000014
decision_type=2 2 2 2 2 2 2 2 2 2 2 2 2 2
left_child=6 2 3 5 -5 -2 7 -1 9 -9 -8 12 -12 -13
right_child=1 -3 -4 4 -6 -7 10 8 -10 -11 11 13 -14 -15
leaf_value=-0.080134340511721511 -0.080446400598137083 -0.080187948873991444 -0.080939483729555423 0.082443505194960534 -0.10207593255374517 -0.14183192746024517 -0.080358039342305676 -0.080422944633157661 -0.080217579973602626 -0.083289447604536299 -0.084386806258668068 -0.080229545924309364 -0.081179873765624466 -0.081354598475103609
leaf_weight=17860.219478140534 14.496932604466561 1496.3543028402055 37.556447955896147 19694.912428602576 2.2316565033979705 0.61468422412872392 910.80637445789762 181.62040915142279 3710.9271974567091 101.611206069123 8.2237457789015007 154.96602768159937 103.91977184207644 96.137286050361581
leaf_count=8887283 6997 607486 11113 572245 260 2 242160 32503 1133091 19695 669 68429 7994 8704
internal_value=-0.00800764 0.0705636 0.0819854 0.0822958 0.0824226 -0.0829433 -0.0801846 -0.0801655 -0.0803051 -0.0814513 -0.0805106 -0.0808933 -0.081415 -0.0806603
internal_weight=44374.6 21246.2 19749.8 19712.3 19697.1 15.1116 23128.4 21854.4 3994.16 283.232 1274.05 363.247 112.144 251.103
internal_count=11598631 1198103 590617 579504 572505 6999 10400528 10072572 1185289 52198 327956 85796 8663 77133
is_linear=0
shrinkage=0.1


Tree=114
num_leaves=15
num_cat=0
split_feature=0 2 2 3 5 0 3 3 5 3 3 5 0 0
split_gain=17243.6 7805.94 758.511 257.76 24.5983 13.5491 27.9232 577.225 224.586 0.0669586 24.1479 155.009 0.0464769 0.0699936
threshold=0.12500000372529033 2.3278195858001713 2.4528195858001713 65.562500000000014 2.1383123397827153 0.075000001117587103 65.562500000000014 66.062500000000014 2.0587884187698369 65.562500000000014 66.062500000000014 2.0587884187698369 0.22500000149011615 0.17500000447034839
decision_type=2 2 2 2 2 2 2 2 2 2 2 2 2 2
left_child=5 12 3 -3 -5 9 -7 8 -8 -1 11 -11 13 -2
right_child=1 2 -4 4 -6 6 7 -9 -10 10 -12 -13 -14 -15
leaf_value=-0.080119653412476011 -0.080455956899544573 -0.081583729027944862 -0.080183956302034301 0.082440363869325656 -0.14878896340205069 -0.080119179709532667 0.12835880046320344 -0.080164247383574069 -0.081205911196016778 0.5839938081828121 -0.080184476546247552 -0.080155588801598621 -0.080205454150373903 -0.085012302469846188
leaf_weight=7068.9298172549079 99.524335595662706 96.395985185867175 294.93407421011943 17818.563403755426 4.6018440015614024 3906.1454617036507 196.23564961180091 2976.5893110068573 69.161398077383637 4.06463072029874 4933.9161393456616 25.950458663719473 3558.4812548116315 50.988003810634837
leaf_count=3850731 16205 5729 139672 527735 60 2130403 1486 1533811 7942 1135 2235166 11363 1131962 5231
internal_value=-0.00862854 0.0519543 0.0788806 0.0814986 0.0823807 -0.0778735 -0.0744252 -0.0675647 0.0737471 -0.079922 -0.0796405 0.00978324 -0.0802783 -0.0819995
internal_weight=41104.5 21923.5 18214.5 17919.6 17823.2 19181 7148.13 3241.99 265.397 12032.9 4963.93 30.0151 3708.99 150.512
internal_count=11598631 1826594 673196 533524 527795 9772037 3673642 1543239 9428 6098395 2247664 12498 1153398 21436
is_linear=0
shrinkage=0.1


Tree=115
num_leaves=15
num_cat=0
split_feature=2 0 1 1 4 0 1 1 4 1 0 0 2 0
split_gain=22707.2 1371.57 42.4145 16.8439 12.067 8.56868 26.2337 1.5298 0.605947 0.34659 0.0578393 0.0089114 0.0720161 0.142556
threshold=-1.0000000180025095e-35 0.075000001117587103 19.500000000000004 16.500000000000004 7.5224084854125985 0.17500000447034839 13.500000000000002 18.500000000000004 -0.51500990986824025 14.500000000000002 0.12500000372529033 0.12500000372529033 2.0778195858001713 0.17500000447034839
decision_type=2 2 2 2 2 2 2 2 2 2 2 2 2 2
left_child=1 2 3 9 5 6 -3 -5 -4 -1 -6 -2 13 -13
right_child=11 4 8 7 10 -7 -8 -9 -10 -11 -12 12 -14 -15
leaf_value=-0.078844648647100876 -0.080134997557246485 -0.063458485111652363 -0.0030824153212502341 -0.040996903217440282 -0.082238203759845502 0.081948527846910688 0.071649497192544528 -0.053419031483064573 -0.08023266004606594 -0.067852001049260521 -0.10768469670030074 -0.080441449818584254 -0.080221226156225789 -0.087595723927617136
leaf_weight=237.46418267023182 16633.692147047313 15.185419676825402 178.962780687958 268.27035152888857 2.7494255220517507 16406.77142968215 268.07386578526348 157.24970884923823 1.023853588849305 32.622393167344853 1.3230831772089002 92.361147810239345 3476.5904798021074 39.87688054330647
leaf_count=141108 9337039 5622 59504 126307 94 565456 5141 78875 287 18464 6 14918 1245404 406
internal_value=-0.00796945 0.07521 -0.0467893 -0.0579849 0.0816088 0.0816508 0.0644064 -0.0455875 -0.00352128 -0.0775169 -0.0905053 -0.0801659 -0.0803083 -0.0825988
internal_weight=37812.2 17569.7 875.593 695.607 16694.1 16690 283.259 425.52 179.987 270.087 4.07251 20242.5 3608.83 132.238
internal_count=11598631 1000864 424545 364754 576319 576219 10763 205182 59791 159572 100 10597767 1260728 15324
is_linear=0
shrinkage=0.1


Tree=116
num_leaves=15
num_cat=0
split_feature=4 0 4 5 5 3 3 4 2 2 2 5 3 5
split_gain=14499.3 1778.68 1227.81 793.082 755.273 333.273 262.187 251.235 224.406 154.572 137.55 110.691 77.2277 66.6355
threshold=2.3281584978103642 0.075000001117587103 6.2921915054321298 3.00477147102356 2.5291771888732915 97.812500000000014 132.68750000000003 -0.51500990986824025 2.3278195858001713 2.8750000000000004 2.3278195858001713 3.0405635833740239 105.93750000000001 3.00477147102356
decision_type=2 2 2 2 2 2 2 2 2 2 2 2 2 2
left_child=5 2 3 4 -2 -1 11 10 -4 -10 -7 -3 -5 -9
right_child=1 6 8 12 -6 7 -8 13 9 -11 -12 -13 -14 -15
leaf_value=-0.079387705183748714 0.046418437035476323 -0.066773697007102575 -0.083476805600936274 0.14658939670043075 -0.015116213365063306 -0.13019884301507864 0.084404107528521982 -0.058182648258150449 0.052760736109083384 0.080564063768587185 0.12326265723251398 0.065753811980450369 0.085045732445498123 0.12113069051511938
leaf_weight=15731.184329065225 3792.7807331385557 1576.0138118179166 89.961981574073434 248.70209934795275 4207.2565100732027 24.539048485457897 133.20258127339184 374.84393166168593 2496.8079568278044 10040.578587060794 167.96459987724666 65.648192368564196 1131.7177279870957 21.937190802069381
leaf_count=10480645 202732 317792 2761 4798 75598 84 1822 98992 41777 340365 4937 1657 24565 106
internal_value=-0.00403677 0.0457736 0.0535399 0.0261354 0.0140571 -0.0766219 -0.050526 -0.0027887 0.0738978 0.0750271 0.0909531 -0.0614741 0.0961337 -0.0482688
internal_weight=40103.1 23782.7 22007.8 9380.46 8000.04 16320.5 1774.86 589.285 12627.3 12537.4 192.504 1641.66 1380.42 396.781
internal_count=11598631 1013867 692596 307693 278330 10584764 321271 104119 384903 382142 5021 319449 29363 99098
is_linear=0
shrinkage=0.1


Tree=117
num_leaves=15
num_cat=0
split_feature=0 4 4 2 5 3 2 0 3 0 4 2 2 4
split_gain=38509.2 16868.1 2592.81 1999.92 1315.26 903.062 588.211 561.342 305.599 257.62 183.525 178.811 390.773 165.858
threshold=0.17500000447034839 2.98427426815033 6.2921915054321298 2.4528195858001713 3.00477147102356 132.68750000000003 2.8750000000000004 0.12500000372529033 101.18750000000001 0.075000001117587103 -0.51500990986824025 2.2028195858001713 2.4528195858001713 6.6749253273010263
decision_type=2 2 2 2 2 2 2 2 2 2 2 2 2 2
left_child=1 7 4 13 5 -3 9 8 -1 -4 -10 -9 -13 -2
right_child=3 2 6 -5 -6 -7 -8 11 10 -11 -12 12 -14 -15
leaf_value=0.078026090113425983 -0.080646439594071931 0.025291373341060325 -0.03570548018495899 0.078972030789535796 -0.095593827129412445 -0.081583301269933323 -0.078216978168629755 0.054497997286473213 -0.066421232979672895 0.055877140489827642 0.043937695670996896 -0.082267577744079876 0.081162535257623597 -0.046448042244563031
leaf_weight=56545.622682836663 34422.018519839272 9497.2426064363681 2271.2108737248927 817.18692600401118 1166.8657848201692 862.41430160962045 7599.0744990613312 433.72366527467966 173.12386445654556 355.18660406582057 1162.8144724583253 441.7836685385555 218.74855090864003 1479.0974722839892
leaf_count=8992623 1614121 295520 44538 124820 27225 10151 343801 15196 2459 3519 54199 4161 13343 52955
internal_value=0.00918858 0.0478069 -0.0274609 -0.0757164 0.00505743 0.0163943 -0.0641168 0.0755678 0.0769092 -0.0233201 0.0296363 0.00461207 -0.0281444 -0.0792375
internal_weight=117446 80727.8 21752 36718.3 11526.5 10359.7 10225.5 58975.8 57881.6 2626.4 1335.94 1094.26 660.532 35901.1
internal_count=11598631 9806735 724754 1791896 332896 305671 391858 9081981 9049281 48057 56658 32700 17504 1667076
is_linear=0
shrinkage=0.1


Tree=118
num_leaves=15
num_cat=0
split_feature=5 5 2 2 3 0 4 0 0 0 0 1 3 1
split_gain=21477.3 3126.77 86.529 35.5319 6.74942 0.194266 0.0104223 0.00829139 0.0428741 0.0598144 0.00544672 0.00312201 0.00289195 0.00288445
threshold=3.0012133121490483 3.00477147102356 2.3278195858001713 2.2028195858001713 94.187500000000014 0.17500000447034839 4.9252834320068368 0.12500000372529033 0.22500000149011615 0.17500000447034839 0.075000001117587103 3.5000000000000004 104.18750000000001 14.500000000000002
decision_type=2 2 2 2 2 2 2 2 2 2 2 2 2 2
left_child=6 2 3 5 -5 -2 7 12 9 -9 13 -10 -1 -8
right_child=1 -3 -4 4 -6 -7 10 8 11 -11 -12 -13 -14 -15
leaf_value=-0.080109359825773163 -0.080404429981948064 -0.080165093498974382 -0.080862391878427572 0.082107295271488245 -0.10077376495676681 -0.13823194523990559 -0.081015619857918428 -0.080383651926855482 -0.08521263608816769 -0.083562497704239069 -0.080812583242990829 -0.080185297864962868 -0.080408906708053118 -0.080270133845288097
leaf_weight=14965.818088780507 12.421102546853941 1284.8647515158373 32.702671321108937 16884.559989342466 2.0182762374170116 0.60943794250488359 55.825218572979793 163.97363211924676 1.2357429632684205 92.631409545079805 317.42823794088326 3167.592574513983 329.39398776876624 738.52584543311968
leaf_count=8827161 6997 607486 11113 572245 260 2 8325 32503 156 19695 85796 1132935 60122 233835
internal_value=-0.00815915 0.0702312 0.0816436 0.0819581 0.0820854 -0.083109 -0.080165 -0.0801473 -0.0802879 -0.0815312 -0.0804624 -0.0801873 -0.0801158 -0.0803225
internal_weight=38049.6 18217.2 16932.3 16899.6 16886.6 13.0305 19832.4 18720.6 3425.43 256.605 1111.78 3168.83 15295.2 794.351
internal_count=11598631 1198103 590617 579504 572505 6999 10400528 10072572 1185289 52198 327956 1133091 8887283 242160
is_linear=0
shrinkage=0.1


Tree=119
num_leaves=15
num_cat=0
split_feature=0 2 2 3 3 0 3 3 5 3 3 4 0 0
split_gain=14665.5 6656.09 653.695 222.054 23.0008 15.3448 31.2499 568.742 225.635 0.0812427 24.8984 100.024 0.0488284 0.0724597
threshold=0.12500000372529033 2.3278195858001713 2.4528195858001713 65.562500000000014 66.062500000000014 0.075000001117587103 65.562500000000014 66.062500000000014 2.0556275844573979 65.562500000000014 66.062500000000014 -0.51500990986824025 0.22500000149011615 0.17500000447034839
decision_type=2 2 2 2 2 2 2 2 2 2 2 2 2 2
left_child=5 12 3 -3 -5 9 -7 8 -8 -1 11 -11 13 -2
right_child=1 2 -4 4 -6 6 7 -9 -10 10 -12 -13 -14 -15
leaf_value=-0.080102556837560124 -0.080413002535255226 -0.081465195070900762 -0.08016537835662714 0.082104936144991689 -0.12361562970969797 -0.080102071688442356 -0.090247096898573534 -0.080146236670396262 0.1273596389346662 0.89498575964462102 -0.080163543886656696 -0.026295887377354166 -0.080176210794926595 -0.085204359338799662
leaf_weight=6046.1651134193089 89.851068888790905 83.522743817651644 255.39438254362904 15288.255073571578 5.4367736242711535 3340.2567680043867 62.771332681179047 2556.7322243400267 197.79978226940148 1.2306077857210791 4252.3107063665811 27.819333050982095 3038.6936665351968 48.654599599074572
leaf_count=3850731 16205 5729 139672 527721 74 2130403 989 1533811 8439 622 2235166 11876 1131962 5231
internal_value=-0.00865512 0.0516906 0.0785084 0.0811438 0.0820318 -0.0775107 -0.0735595 -0.0658025 0.0749384 -0.0798665 -0.0795332 0.0127313 -0.0802599 -0.0820961
internal_weight=35294.9 18809.8 15632.6 15377.2 15293.7 16485.1 6157.56 2817.3 260.571 10327.5 4281.36 29.0499 3177.2 138.506
internal_count=11598631 1826594 673196 533524 527795 9772037 3673642 1543239 9428 6098395 2247664 12498 1153398 21436
is_linear=0
shrinkage=0.1


Tree=120
num_leaves=15
num_cat=0
split_feature=2 0 1 1 4 0 1 1 4 1 0 0 2 0
split_gain=19442.3 1123.64 43.3724 18.5706 10.5571 7.10987 24.5097 1.67589 0.679142 0.398993 0.0384833 0.00833652 0.0748541 0.136531
threshold=1.0000000180025095e-35 0.075000001117587103 19.500000000000004 16.500000000000004 7.5224084854125985 0.17500000447034839 17.500000000000004 17.500000000000004 -0.51500990986824025 14.500000000000002 0.12500000372529033 0.12500000372529033 2.0778195858001713 0.17500000447034839
decision_type=2 2 2 2 2 2 2 2 2 2 2 2 2 2
left_child=1 2 3 9 5 6 -3 -5 -4 -1 -6 -2 13 -13
right_child=11 4 8 7 10 -7 -8 -9 -10 -11 -12 12 -14 -15
leaf_value=-0.078615823118150976 -0.080118371291632587 0.024115227923324774 0.0033715720079560622 -0.027612260189927351 -0.081952682480500291 0.081656427304637361 0.086691281318597602 -0.044378480765218491 -0.080222730166495504 -0.065927823027538371 -0.10377913304610159 -0.080386666088890293 -0.080200404664182934 -0.087547719592357603
leaf_weight=203.17655004676999 14278.591424170783 94.507675038650632 165.17053513973951 74.269523316761479 2.4143665363080791 14047.248948153108 185.34979984164238 302.19729797972832 0.97762032132595678 28.227806105744094 1.2139787971973421 80.971771817421541 2979.1082614018815 39.667146224528551
leaf_count=141108 9337039 8422 59504 38581 94 565456 2341 166601 287 18464 6 14918 1245404 406
internal_value=-0.00802358 0.0749601 -0.0423985 -0.0547743 0.0812988 0.081342 0.0655594 -0.0410708 0.0028797 -0.0770681 -0.0892554 -0.0801506 -0.0802993 -0.0827413
internal_weight=32483.1 15104.8 774.019 607.871 14330.7 14327.1 279.857 376.467 166.148 231.404 3.62835 17378.3 3099.75 120.639
internal_count=11598631 1000864 424545 364754 576319 576219 10763 205182 59791 159572 100 10597767 1260728 15324
is_linear=0
shrinkage=0.1


Tree=121
num_leaves=15
num_cat=0
split_feature=4 1 2 3 4 5 5 3 5 4 2 4 5 4
split_gain=12142 1635.2 1000.02 534.617 503.243 835.615 416.43 313.106 214.255 203.409 125.347 123.062 121.499 64.4017
threshold=2.3281584978103642 15.500000000000002 2.8750000000000004 79.062500000000014 6.1144933700561532 2.4021030664443974 1.8844705224037173 97.812500000000014 3.00477147102356 -0.51500990986824025 2.3278195858001713 9.1080212593078631 1.5365180373191836 1.5353519320487978
decision_type=2 2 2 2 2 2 2 2 2 2 2 2 2 2
left_child=7 8 3 12 5 -4 -5 -1 11 10 -9 -2 -3 -11
right_child=1 2 4 6 -6 -7 -8 9 -10 13 -12 -13 -14 -15
leaf_value=-0.079214907020907777 -0.073490915505007415 0.016808944220295451 0.1075526665315249 0.16608322391424135 0.079348430969352124 0.020098565258811422 0.02579301786690897 -0.12718060195527472 0.067546880719250635 -0.075021044675249435 0.11747325770194615 0.064971923840866655 -0.050824480328006322 0.014773369472817694
leaf_weight=13461.787023185614 1357.0690924085211 341.64629793877248 1449.2964573933277 224.23506812297273 8853.9800832271576 4438.7196015256923 3750.9623339974787 24.16651076823473 129.20092892076354 239.93031907686964 156.92692477162927 67.37536606262438 1193.508151251066 119.73120610974729
leaf_count=10480645 285037 43954 16227 4409 346880 57796 129122 84 4351 77494 4937 1247 124844 21604
internal_value=-0.00355114 0.0431112 0.0506959 0.01435 0.0642815 0.0416248 0.0337066 -0.0762179 -0.0557577 -0.00160846 0.0848248 -0.0669417 -0.0357728 -0.0451285
internal_weight=35808.5 21806 20252.3 5510.35 14742 5888.02 3975.2 14002.5 1553.65 540.755 181.093 1424.44 1535.15 359.662
internal_count=11598631 1013867 723232 302329 420903 74023 133531 10584764 290635 104119 5021 286284 168798 99098
is_linear=0
shrinkage=0.1


Tree=122
num_leaves=15
num_cat=0
split_feature=0 4 2 2 4 3 3 0 3 4 5 4 3 4
split_gain=32297.4 14407.3 2230.54 1696.49 1002.63 881.407 709.823 492.342 304.264 257.17 251.337 172.164 649.338 155.886
threshold=0.17500000447034839 2.98427426815033 2.8750000000000004 2.4528195858001713 6.2101769447326669 96.312500000000014 101.18750000000001 0.12500000372529033 101.18750000000001 5.130319595336915 3.00477147102356 6.6749253273010263 91.562500000000014 10.051187992095949
decision_type=2 2 2 2 2 2 2 2 2 2 2 2 2 2
left_child=1 7 6 11 5 -4 9 8 -1 -3 -8 -2 -13 -5
right_child=3 2 4 13 -6 -7 10 -9 -10 -11 -12 12 -14 -15
leaf_value=0.077566743442666175 -0.080309767144970498 0.06506110629398841 -0.13890638027153029 0.079950047186639991 -0.077293097024253077 -0.009275540444120536 -0.0042897199884675812 0.0043581929554143452 0.027098312674467065 0.017964131557155701 -0.075242685471277604 0.084906439699269781 -0.081428613218638035 -1.6582742936016512
leaf_weight=48465.171104302193 29452.303371978924 2431.1185005493462 578.38403319148347 699.95240936009213 6616.5719144195318 5631.8938131229952 1939.523962885607 969.21133832912892 1224.7553970762528 2216.4083096459508 672.3002621550113 303.76971700042486 1032.1121714450419 0.51631632680073281
leaf_count=8992623 1614121 210257 5353 124807 347144 71949 30617 32700 56658 38376 21058 4987 47968 13
internal_value=0.00903154 0.0465301 -0.0251374 -0.0752161 -0.0502068 -0.0213485 0.0191589 0.074946 0.0763228 0.0426005 -0.0225535 -0.0787172 -0.0436052 0.0786688
internal_weight=102234 70745.3 20086.2 31488.7 12826.8 6210.28 7259.35 50659.1 49689.9 4647.53 2611.82 30788.2 1335.88 700.469
internal_count=11598631 9806735 724754 1791896 424446 77302 300308 9081981 9049281 248633 51675 1667076 52955 124820
is_linear=0
shrinkage=0.1


Tree=123
num_leaves=15
num_cat=0
split_feature=5 5 2 2 3 0 4 0 0 0 0 1 2 5
split_gain=18375 2669.84 75.4958 30.6795 6.06787 0.170549 0.00870389 0.00749107 0.046109 0.0655206 0.00502639 0.00327111 0.00272368 0.00710955
threshold=3.0012133121490483 3.00477147102356 2.3278195858001713 2.2028195858001713 94.187500000000014 0.17500000447034839 4.9252834320068368 0.12500000372529033 0.22500000149011615 0.17500000447034839 0.075000001117587103 3.5000000000000004 2.4528195858001713 0.99445411562919628
decision_type=2 2 2 2 2 2 2 2 2 2 2 2 2 2
left_child=6 2 3 5 -5 -2 7 -1 9 -9 -8 -10 13 -12
right_child=1 -3 -4 4 -6 -7 10 8 11 -11 12 -13 -14 -15
leaf_value=-0.080099919441082995 -0.080384604553050576 -0.080145022858354037 -0.080800620412379467 0.081827594728025532 -0.099380995418062612 -0.13502669742254475 -0.080293242583191177 -0.080336017831083573 -0.085449777938482074 -0.08384250230493534 -0.084250911718786903 -0.080159328433050583 -0.080577749520811148 -0.080981815678142069
leaf_weight=13107.873319836643 10.65799478802364 1101.1302898047725 28.654692807351239 14498.081665052101 1.8481359183788288 0.6035552918910988 695.94464747770689 143.01529101398773 1.1692252242937673 84.936608040472493 7.2123199630295849 2704.0014541060664 195.12058890482876 85.710895207594149
leaf_count=8887283 6997 607486 11113 572245 260 2 242160 32503 156 19695 669 1132935 77133 7994
internal_value=-0.0082623 0.0699864 0.0813562 0.0816764 0.0818045 -0.0833131 -0.08015 -0.0801322 -0.0802767 -0.0816426 -0.0804386 -0.0801616 -0.08079 -0.0812355
internal_weight=32666 15641 14539.8 14511.2 14499.9 11.2616 17025 16041 2933.12 227.952 983.988 2705.17 288.044 92.9232
internal_count=11598631 1198103 590617 579504 572505 6999 10400528 10072572 1185289 52198 327956 1133091 85796 8663
is_linear=0
shrinkage=0.1


Tree=124
num_leaves=15
num_cat=0
split_feature=0 2 2 3 5 0 3 3 5 3 3 5 0 0
split_gain=12451.9 5667.11 555.891 214.509 22.3719 17.4474 35.0062 557.087 202.028 0.0975699 25.7365 88.9453 0.0515858 0.0737496
threshold=0.12500000372529033 2.3278195858001713 2.4528195858001713 65.562500000000014 2.1383123397827153 0.075000001117587103 65.562500000000014 66.062500000000014 2.0587884187698369 65.562500000000014 66.062500000000014 2.0587884187698369 0.22500000149011615 0.17500000447034839
decision_type=2 2 2 2 2 2 2 2 2 2 2 2 2 2
left_child=5 12 3 -3 -5 9 -7 8 -8 -1 11 -11 13 -2
right_child=1 2 -4 4 -6 6 7 -9 -10 10 -12 -13 -14 -15
leaf_value=-0.080088074155412262 -0.080361939517874473 -0.081442978324261811 -0.080143502568083919 0.081777246289666428 -0.1511852579400631 -0.080087522340763717 0.12513756892022007 -0.080130751670996522 -0.081099822985017223 0.34564023655816511 -0.080145465517915696 -0.080142156000309994 -0.080151534120896095 -0.085379266544974922
leaf_weight=5174.77119224936 78.76550312852487 81.090001441072673 218.43339390435722 13096.595784278587 4.1235103514045468 2858.4111730777659 195.69509252533317 2199.4442906519107 62.721740353037603 6.3366210605017868 3667.3017068695863 21.734476151352283 2594.2036563428119 46.64628208684735
leaf_count=3850731 16205 5729 139672 527735 60 2130403 1486 1533811 7942 1135 2235166 11363 1131962 5231
internal_value=-0.00876527 0.051367 0.0780784 0.0807003 0.0817039 -0.0770928 -0.0725629 -0.063812 0.0750806 -0.0798078 -0.0794153 0.0159717 -0.0802473 -0.0822281
internal_weight=30306.3 16119.9 13400.2 13181.8 13100.7 14186.4 5316.27 2457.86 258.417 8870.14 3695.37 28.0711 2719.62 125.412
internal_count=11598631 1826594 673196 533524 527795 9772037 3673642 1543239 9428 6098395 2247664 12498 1153398 21436
is_linear=0
shrinkage=0.1


Tree=125
num_leaves=15
num_cat=0
split_feature=3 0 1 1 4 0 1 1 4 1 0 0 2 0
split_gain=16653.1 916.373 43.7263 20.3026 9.55122 6.86912 22.1116 1.76898 0.712754 0.462035 0.028257 0.00757557 0.0766778 0.131638
threshold=1.0000000180025095e-35 0.075000001117587103 19.500000000000004 16.500000000000004 7.5224084854125985 0.17500000447034839 12.500000000000002 18.500000000000004 -0.51500990986824025 13.500000000000002 0.12500000372529033 0.12500000372529033 2.0778195858001713 0.17500000447034839
decision_type=2 2 2 2 2 2 2 2 2 2 2 2 2 2
left_child=1 2 3 9 5 6 -3 -5 -4 -1 -6 -2 13 -13
right_child=11 4 8 7 10 -7 -8 -9 -10 -11 -12 12 -14 -15
leaf_value=-0.079399524418434286 -0.080104586739827552 -0.081362247502008489 0.0097495168572085955 -0.030661879563211415 -0.081768310113013373 0.081408901141098902 0.07091087972231834 -0.045759575173514373 -0.080202036435990554 -0.068374533156741954 -0.10121750250649147 -0.080355721424876736 -0.080177182647347633 -0.08749974654490468
leaf_weight=147.163314994541 12260.115583725899 9.8903762744739634 153.47780619934201 212.35196939029265 2.1956583396531633 12020.898671859875 266.27088048681617 122.30592758615967 0.88597630825824936 51.249381038593128 1.132200747728348 74.51729768468067 2547.2921252024826 39.445834875106812
leaf_count=119391 9337039 4745 59504 126307 94 565456 6018 78875 287 40181 6 14918 1245404 406
internal_value=-0.00807068 0.0747253 -0.0376346 -0.0512064 0.0810048 0.0810507 0.0654574 -0.0361796 0.00923324 -0.0765518 -0.0883853 -0.0801378 -0.0802907 -0.0828285
internal_weight=27909.2 12987.8 687.434 533.071 12300.4 12297.1 276.161 334.658 154.364 198.413 3.32786 14921.4 2661.26 113.963
internal_count=11598631 1000864 424545 364754 576319 576219 10763 205182 59791 159572 100 10597767 1260728 15324
is_linear=0
shrinkage=0.1


Tree=126
num_leaves=15
num_cat=0
split_feature=4 5 1 0 4 3 4 4 2 3 2 5 4 3
split_gain=10115.5 1433.17 1180.33 669.9 607.813 312.434 188.425 169.785 147.139 118.328 111.561 82.4864 77.6736 161.53
threshold=2.3281584978103642 3.00477147102356 16.500000000000004 0.075000001117587103 6.3878748416900644 97.187500000000014 -0.51500990986824025 8.8756470680236834 2.0778195858001713 132.68750000000003 2.3278195858001713 1.7118502259254458 4.7202472686767587 104.18750000000001
decision_type=2 2 2 2 2 2 2 2 2 2 2 2 2 2
left_child=5 2 7 4 -4 -1 10 9 -3 -2 -7 -12 13 -10
right_child=1 8 3 -5 -6 6 -8 -9 12 -11 11 -13 -14 -15
leaf_value=-0.079067490068084167 -0.067275693119789287 -0.10430769706685078 0.02145912052675036 -0.050096931260847605 0.067734629601427884 -0.12090084281669378 -0.043006754311873813 0.04769784152281184 0.25037536252071302 0.040034772080039603 1.1645555504924765 0.10933069565756665 0.080896728270592674 0.093252519262083264
leaf_weight=11515.538049319235 1584.0370540074655 41.776526103611104 6797.2407848123694 871.68714374233969 4873.3569419300184 23.172057792544365 346.92569042643299 159.20732558355667 83.64894391503185 109.88279185444117 0.74437758966814627 153.50236357585527 5282.0390682518482 300.40109641849995
leaf_count=10466246 328894 517 174705 97601 182173 84 112725 4359 2782 1460 18 5691 215711 5665
internal_value=-0.00314105 0.0402727 0.0234599 0.0344665 0.0407826 -0.0756301 -0.000137848 -0.0510349 0.0826752 -0.0603146 0.0836882 0.114423 0.0840538 0.127475
internal_weight=32143.2 20103.3 14395.4 12542.3 11670.6 12039.9 524.344 1853.13 5707.87 1693.92 177.419 154.247 5666.09 384.05
internal_count=11598631 1013867 789192 454479 356878 10584764 118518 334713 224675 330354 5793 5709 224158 8447
is_linear=0
shrinkage=0.1


Tree=127
num_leaves=15
num_cat=0
split_feature=0 4 5 2 4 1 2 0 3 2 4 3 4 2
split_gain=27089.8 12260.1 1966.65 1445.9 1192.38 794.626 473.491 456.313 312.487 177.325 147.715 553.825 144.314 135.984
threshold=0.17500000447034839 2.98427426815033 3.00477147102356 2.4528195858001713 6.3878748416900644 19.500000000000004 2.8750000000000004 0.12500000372529033 100.43750000000001 2.0778195858001713 6.6749253273010263 91.562500000000014 -0.51500990986824025 2.2028195858001713
decision_type=2 2 2 2 2 2 2 2 2 2 2 2 2 2
left_child=1 7 4 10 5 -3 -6 8 -1 -4 -2 -12 -10 -9
right_child=3 2 9 -5 6 -7 -8 13 12 -11 11 -13 -14 -15
leaf_value=0.077097009126803923 -0.079984061812251012 0.038382798202223518 0.10829127426686647 0.078410467125006975 -0.0061586353122837882 -0.020055311095529799 -0.072642399256641774 0.051007285495069291 -0.061782685217665001 -0.083486208629345249 0.084198357353880066 -0.081214470065949632 0.039250674112927868 -0.028002204425933902
leaf_weight=41492.762795527335 25195.661672734655 5822.3870711922646 48.756435249000788 601.53703181026503 1738.7599816340953 3875.7799873081967 2790.2647440806031 365.18633890897036 163.25819834833965 4336.130607591942 262.69520595297217 882.03120243176818 1054.8380760275759 539.87615951150656
leaf_count=8979354 1614121 233653 374 124820 26984 74864 167675 15196 3007 221204 4987 47968 66920 17504
internal_value=0.00887986 0.0451471 -0.0228012 -0.074887 -0.00475501 0.0150286 -0.0471183 0.0741425 0.0756315 -0.0813538 -0.0783879 -0.043255 0.0257094 0.00387757
internal_weight=89169.9 62228 18612.1 26941.9 14227.2 9698.17 4529.02 43615.9 42710.9 4384.89 26340.4 1144.73 1218.1 905.062
internal_count=11598631 9806735 724754 1791896 503176 308517 194659 9081981 9049281 221578 1667076 52955 69927 32700
is_linear=0
shrinkage=0.1


Tree=128
num_leaves=15
num_cat=0
split_feature=5 5 2 2 3 0 0 0 0 2 4 4 5 1
split_gain=15694.5 2292.12 66.3539 26.5511 5.46853 0.150347 0.00796943 0.0472453 0.0704266 0.0967029 0.00486951 0.00378993 0.00574409 0.00340089
threshold=3.0012133121490483 3.00477147102356 2.3278195858001713 2.2028195858001713 94.187500000000014 0.17500000447034839 0.12500000372529033 0.22500000149011615 0.17500000447034839 2.3278195858001713 4.8159308433532724 6.4972276687622079 0.96926295757293712 3.5000000000000004
decision_type=2 2 2 2 2 2 2 2 2 2 2 2 2 2
left_child=6 2 3 5 -5 -2 10 8 -8 -10 -1 13 -13 -9
right_child=1 -3 -4 4 -6 -7 7 11 9 -11 -12 12 -14 -15
leaf_value=-0.08008612798236972 -0.080363889449168446 -0.080129018273938715 -0.080766540466635367 0.081594729603226585 -0.098247178005218816 -0.13215136225822763 -0.080326268409604051 -0.085669238155065053 -0.087565356648746762 -0.080611813159875145 -0.080352019415079842 -0.083420115093863323 -0.080535218532825276 -0.080137210188326341
leaf_weight=11209.268546858875 9.1503218649886513 948.80130171586643 25.270147597417235 12417.396723527461 1.6910170788178209 0.59717717766761858 135.94729559391271 1.1118132155388583 39.738285230472684 40.264613005216233 733.8675613461528 7.3282392588444045 118.59624091535807 2326.0200079387287
leaf_count=8879012 6997 607486 11113 572245 260 2 33199 156 733 19574 267944 2203 49567 1148140
internal_value=-0.00845376 0.0696973 0.0811116 0.0814408 0.0815702 -0.0835366 -0.0801374 -0.0802936 -0.0817116 -0.0840657 -0.0801025 -0.0801688 -0.0807031 -0.0801399
internal_weight=28015 13402.9 12454.1 12428.8 12419.1 9.7475 14612.1 2669.01 215.95 80.0029 11943.1 2453.06 125.924 2327.13
internal_count=11598631 1198103 590617 579504 572505 6999 10400528 1253572 53506 20307 9146956 1200066 51770 1148296
is_linear=0
shrinkage=0.1


Tree=129
num_leaves=15
num_cat=0
split_feature=0 2 2 3 3 0 3 3 5 3 3 2 0 0
split_gain=10587.4 4840.32 481.439 185.546 21.4092 19.6859 38.8371 546.654 206.254 0.115307 26.7085 91.7609 0.0536456 0.0750448
threshold=0.12500000372529033 2.3278195858001713 2.4528195858001713 65.562500000000014 66.062500000000014 0.075000001117587103 65.562500000000014 66.062500000000014 2.0556275844573979 65.562500000000014 66.062500000000014 2.4528195858001713 0.22500000149011615 0.17500000447034839
decision_type=2 2 2 2 2 2 2 2 2 2 2 2 2 2
left_child=5 12 3 -3 -5 9 -7 8 -8 -1 11 -11 13 -2
right_child=1 2 -4 4 -6 6 7 -9 -10 10 -12 -13 -14 -15
leaf_value=-0.080075571884373073 -0.080333148479020927 -0.081363105005488032 -0.080130837426466511 0.081545431163066673 -0.12373611672312759 -0.080075014433014943 -0.089870699177454841 -0.080118276670136324 0.12510343338774979 0.35961193766113042 -0.080131137206252936 -0.080280534000392326 -0.080130497727963393 -0.085536859491691986
leaf_weight=4426.6612953480617 72.404745055711828 70.432474558008835 189.86725084879436 11230.42338803038 5.0827234880998722 2444.8575727306306 57.785627901554108 1893.3001139093831 196.04104989860207 6.1381996059785733 3168.0748099200614 20.848186468647327 2214.0213867600542 44.899422916583717
leaf_count=3850731 16205 5729 139672 527721 74 2130403 989 1533811 8439 2778 2235166 9720 1131962 5231
internal_value=-0.00878523 0.0511421 0.0777863 0.0804383 0.0814526 -0.0766289 -0.0714566 -0.0616432 0.0761629 -0.0797451 -0.0792873 0.0197754 -0.0802409 -0.0823249
internal_weight=26040.8 13827.1 11495.8 11305.9 11235.5 12213.7 4591.98 2147.13 253.827 7621.72 3195.06 26.9864 2331.33 117.304
internal_count=11598631 1826594 673196 533524 527795 9772037 3673642 1543239 9428 6098395 2247664 12498 1153398 21436
is_linear=0
shrinkage=0.1


Tree=130
num_leaves=15
num_cat=0
split_feature=2 0 1 1 4 0 1 1 4 1 1 0 1 0
split_gain=14282.4 744.445 44.4541 20.9264 8.83927 5.86263 20.4764 1.85648 0.754857 0.531696 0.1161 0.0221516 0.0106408 0.00719945
threshold=1.0000000180025095e-35 0.075000001117587103 16.500000000000004 19.500000000000004 7.5224084854125985 0.17500000447034839 17.500000000000004 17.500000000000004 -0.51500990986824025 13.500000000000002 14.500000000000002 0.12500000372529033 12.500000000000002 0.12500000372529033
decision_type=2 2 2 2 2 2 2 2 2 2 2 2 2 2
left_child=1 2 9 7 5 6 -3 -4 -5 12 -11 -6 -1 -2
right_child=13 4 3 8 11 -7 -8 -9 -10 10 -12 -13 -14 -15
leaf_value=-0.080067615481998505 -0.080092288321574112 0.027375882793375463 -0.015235603693165371 0.015961259273453848 -0.081640643188713002 0.081198971619293209 0.085586680201957296 -0.034894259878847388 -0.080187566162023646 -0.071433966177294458 -0.061190350838619761 -0.099407222531143452 -0.078209437328876585 -0.080288114616649975
leaf_weight=72.11313786905157 10537.368285144064 90.242660933174193 60.125295093050227 143.57608509808779 2.043102655094116 10282.681597851217 182.91318587213755 238.94805857515894 0.8212090062443157 23.163076512282714 21.182621518149972 1.0689387768507006 53.816152354935184 2284.4064343480277
leaf_count=68369 9337039 8422 38581 59504 94 565456 2341 166601 287 21717 18464 6 51022 1260728
internal_value=-0.00810766 0.0745419 -0.0325246 -0.0158481 0.0807652 0.0808149 0.0663555 -0.0309421 0.0154144 -0.0759575 -0.0665409 -0.0877432 -0.0792735 -0.0801272
internal_weight=23994.5 11172.7 613.746 443.471 10558.9 10555.8 273.156 299.073 144.397 170.275 44.3457 3.11204 125.929 12821.8
internal_count=11598631 1000864 424545 264973 576319 576219 10763 205182 59791 159572 40181 100 119391 10597767
is_linear=0
shrinkage=0.1


Tree=131
num_leaves=15
num_cat=0
split_feature=4 5 1 4 5 2 2 5 4 2 3 3 4 5
split_gain=8450.55 1307.88 971.281 563.814 718.67 307.292 292.864 207.008 136.503 123.947 118.306 313.436 114.681 553.539
threshold=2.3281584978103642 3.00477147102356 16.500000000000004 6.2101769447326669 2.483146190643311 2.8750000000000004 2.8750000000000004 2.7235324382781987 8.8756470680236834 2.0778195858001713 102.93750000000001 97.812500000000014 -0.51500990986824025 2.0556275844573979
decision_type=2 2 2 2 2 2 2 2 2 2 2 2 2 2
left_child=5 2 8 4 -4 -1 -5 12 -2 -3 11 -9 13 -7
right_child=1 9 3 6 -6 7 -8 10 -10 -11 -12 -13 -14 -15
leaf_value=-0.079357503536668178 -0.057111018964438612 -0.10071046473005241 0.051573488008253468 0.023901823102629772 -0.012960118417125474 0.81945720445981862 0.075769133552179083 0.16312306728778553 0.04349234506783109 0.083252030545668099 0.081588375785813655 1.350481357759457 -0.059145659972913468 -0.0059959071753295529
leaf_weight=9750.6847350469852 1573.7191714875516 36.901816578232683 2956.5279203679529 1649.4227483440191 4145.0690403907211 8.7164749482999451 3201.8757896572351 11.461210821173152 147.51257465453818 4881.874029053608 84.173169334419072 2.7582824073033398 382.92805341118947 119.49460735404864
leaf_count=10253134 330354 517 181261 26609 81532 570 165077 79 4359 224158 2193 40 314643 14105
internal_value=-0.0026773 0.0376506 0.0217436 0.0318572 0.0139064 -0.0750515 0.0581344 -0.00616881 -0.0484891 0.0818719 0.126657 0.393446 -0.0317374 0.0501228
internal_weight=28953.1 18592.9 13674.1 11952.9 7101.6 10360.2 4851.3 609.532 1721.23 4918.78 98.3927 14.2195 511.139 128.211
internal_count=11598631 1013867 789192 454479 262793 10584764 191686 331630 334713 224675 2312 119 329318 14675
is_linear=0
shrinkage=0.1


Tree=132
num_leaves=15
num_cat=0
split_feature=0 4 5 2 2 5 0 3 3 4 2 2 0 2
split_gain=22692.6 10465.3 1815.19 1229.83 1138.89 937.691 419.56 347.535 181.604 184.162 149.36 136.329 130.207 269.99
threshold=0.17500000447034839 2.6562163829803471 3.00477147102356 2.4528195858001713 2.8750000000000004 2.4432649612426762 0.12500000372529033 79.687500000000014 98.437500000000014 -0.51500990986824025 2.0778195858001713 1.0000000180025095e-35 0.22500000149011615 2.2028195858001713
decision_type=2 2 2 2 2 2 2 2 2 2 2 2 2 2
left_child=1 6 4 12 7 -6 8 -3 11 -10 -4 -1 13 -2
right_child=3 2 10 -5 5 -7 -8 -9 9 -11 -12 -13 -14 -15
leaf_value=0.051667665333152535 0.11066999850586152 0.057529335138810048 0.10383523673908571 0.078049445378933408 -0.075128388435521373 -0.0027136209103260141 0.0034520853996176486 0.009338622745137734 -0.060175220439544722 0.053133055290796073 -0.082565364809035369 0.078339642171742219 -0.079088002556450543 -0.072404606140492267
leaf_weight=2033.9428237490356 111.43723415303975 2595.764496541582 43.483586668036878 516.18483824748546 2728.3977433638647 5188.8812381378375 824.74938807450235 3533.6927917690482 172.05311549827456 862.58270284021273 3766.5741885118186 33151.390830137403 22130.390168463811 290.67585348337889
leaf_count=434446 733 207740 380 124820 97193 134988 32350 128961 4443 93731 223291 8449212 1645029 21314
internal_value=0.00870565 0.0436651 -0.0192197 -0.0745671 -0.00261473 -0.0276687 0.0739777 0.0297469 0.0755836 0.0342906 -0.080438 0.0767978 -0.0780633 -0.0216693
internal_weight=77950.2 54901.5 17856.8 23048.7 14046.7 7917.28 37044.7 6129.46 36220 1034.64 3810.06 35185.3 22532.5 402.113
internal_count=11598631 9806735 792553 1791896 568882 232181 9014182 336701 8981832 98174 223671 8883658 1667076 22047
is_linear=0
shrinkage=0.1


Tree=133
num_leaves=15
num_cat=0
split_feature=5 5 2 2 3 0 0 0 0 2 4 1 4 0
split_gain=13425 1956.46 58.2327 23.0368 4.93986 0.132974 0.00757033 0.0495705 0.0750069 0.0870882 0.00381942 0.0034771 0.00278515 0.00217144
threshold=3.0012133121490483 3.00477147102356 2.3278195858001713 2.2028195858001713 94.187500000000014 0.17500000447034839 0.12500000372529033 0.22500000149011615 0.17500000447034839 2.3278195858001713 4.8159308433532724 3.5000000000000004 6.4972276687622079 0.075000001117587103
decision_type=2 2 2 2 2 2 2 2 2 2 2 2 2 2
left_child=6 2 3 5 -5 -2 10 8 -8 -10 -1 -9 -13 -12
right_child=1 -3 -4 4 -6 -7 7 11 9 -11 13 12 -14 -15
leaf_value=-0.080074502176361931 -0.080349125480018158 -0.080113557953439246 -0.080722189623082127 0.081400811997642153 -0.097309008028827054 -0.12955620306879259 -0.080293613010767165 -0.085868680650485196 -0.08753674604292247 -0.080668480213633015 -0.080246991457939953 -0.080118840590870682 -0.080640397389870389 -0.080753603954402675
leaf_weight=9614.575577774016 7.8613963561365363 812.07200890875538 22.24473404395394 10630.023480234668 1.546965614077634 0.59041911363601673 123.11186601727968 1.062183356261811 39.414183619897813 34.72770216409117 551.44691165059339 1984.7978670748416 107.95617514033802 99.93782041745726
leaf_count=8879012 6997 607486 11113 572245 260 2 33199 156 733 19574 247871 1148140 51770 20073
internal_value=-0.00867939 0.0695099 0.0809057 0.0812436 0.0813748 -0.0837866 -0.0801271 -0.0802914 -0.0818069 -0.0843197 -0.0800904 -0.0801486 -0.0801457 -0.0803247
internal_weight=24031.4 11474.3 10662.3 10640 10631.6 8.45182 12557 2291.07 197.254 74.1419 10266 2093.82 2092.75 651.385
internal_count=11598631 1198103 590617 579504 572505 6999 10400528 1253572 53506 20307 9146956 1200066 1199910 267944
is_linear=0
shrinkage=0.1


Tree=134
num_leaves=15
num_cat=0
split_feature=0 2 2 3 0 3 3 5 5 3 3 5 0 0
split_gain=8995.8 4129.44 421.174 161.066 22.2762 43.1409 533.241 181.579 20.3345 0.13607 27.4578 64.1521 0.0565607 0.0748363
threshold=0.12500000372529033 2.3278195858001713 2.4528195858001713 65.562500000000014 0.075000001117587103 65.562500000000014 66.062500000000014 2.0587884187698369 2.1383123397827153 65.562500000000014 66.062500000000014 2.0587884187698369 0.22500000149011615 0.17500000447034839
decision_type=2 2 2 2 2 2 2 2 2 2 2 2 2 2
left_child=4 12 3 -3 9 -6 7 -7 -5 -1 11 -11 13 -2
right_child=1 2 -4 8 5 6 -8 -9 -10 10 -12 -13 -14 -15
leaf_value=-0.080065008992140155 -0.080292845817025768 -0.081312140511799524 -0.080122669896443302 0.081314555795645962 -0.080064477408598941 0.12227451367761802 -0.080106505895537111 -0.081001834101129322 -0.15369881080385356 0.26065739334610089 -0.080117490120555065 -0.080132819258684512 -0.080112761940935279 -0.085678002647701715
leaf_weight=3792.1150558730988 63.67054158996325 61.356435571913607 166.68835006037261 9623.3944208007306 2093.3675478039077 194.60288515686989 1629.8372615019907 56.760400585480966 3.6831085905432692 7.9113627020269659 2738.7683638581366 18.303300134895835 1889.140495261061 43.392871347954497
leaf_count=3850731 16205 5729 139672 527735 2130403 1486 1533811 7942 60 1135 2235166 11363 1131962 5231
internal_value=-0.00884485 0.0509173 0.0774837 0.0801953 -0.0760954 -0.0701882 -0.059198 0.0763726 0.0812246 -0.079676 -0.0791425 0.0227148 -0.0802395 -0.0824755
internal_weight=22383 11851.3 9855.12 9688.43 10531.7 3974.57 1881.2 251.363 9627.08 6557.1 2764.98 26.2147 1996.2 107.063
internal_count=11598631 1826594 673196 533524 9772037 3673642 1543239 9428 527795 6098395 2247664 12498 1153398 21436
is_linear=0
shrinkage=0.1


Tree=135
num_leaves=15
num_cat=0
split_feature=2 0 1 1 0 1 1 1 4 1 1 1 0 2
split_gain=12221.2 629.814 45.0985 19.2686 9.48083 17.9135 11.264 1.90329 0.707152 0.595183 0.127058 0.0120998 0.00551469 0.0529229
threshold=1.0000000180025095e-35 0.075000001117587103 16.500000000000004 19.500000000000004 0.17500000447034839 12.500000000000002 18.500000000000004 18.500000000000004 -0.51500990986824025 13.500000000000002 14.500000000000002 12.500000000000002 0.12500000372529033 2.0778195858001713
decision_type=2 2 2 2 2 2 2 2 2 2 2 2 2 2
left_child=1 2 9 7 5 -3 -7 -4 -5 11 -11 -1 -2 -14
right_child=12 4 3 8 -6 6 -8 -9 -10 10 -12 -13 13 -15
leaf_value=-0.080059290555880847 -0.080082003562554085 -0.081297209150378538 -0.020486620694910154 0.01941911843471358 0.081021288003058092 0.052326570789555063 0.095869709135912765 -0.037797163751298032 -0.080163591478733337 -0.070299623433936476 -0.058936223374474656 -0.077944544476250807 -0.082565767915143334 -0.080149728641270887
leaf_weight=63.243426247672687 9048.7072661276161 8.4316093465313298 176.16538932663389 138.59770287200809 8797.1801019189879 179.55215911148116 88.78636547550559 99.328806264908053 0.71677841991186042 20.489985685155261 18.930722445598803 47.284570887102745 95.278278342681006 1872.1857682938571
leaf_count=68369 9337039 4745 126307 59504 565456 5076 1042 78875 287 21717 18464 51022 15324 1245404
internal_value=-0.00816341 0.0740708 -0.0283915 -0.0114014 0.0804479 0.0622242 0.0667339 -0.0267279 0.0189068 -0.0753921 -0.0648427 -0.0791546 -0.080115 -0.0802667
internal_weight=20654.9 9638.71 564.757 414.809 9073.95 276.77 268.339 275.494 139.314 149.949 39.4207 110.528 11016.2 1967.46
internal_count=11598631 1000864 424545 264973 576319 10863 6118 205182 59791 159572 40181 119391 10597767 1260728
is_linear=0
shrinkage=0.1


Tree=136
num_leaves=15
num_cat=0
split_feature=4 5 0 4 5 2 3 4 2 2 3 3 3 0
split_gain=7037.14 1226.74 905.498 656.459 577.009 243.445 240.616 137.64 104.735 92.0109 79.3924 76.7164 106.804 69.3785
threshold=2.0684459209442143 3.00477147102356 0.075000001117587103 6.3878748416900644 2.483146190643311 2.8750000000000004 97.187500000000014 -0.51500990986824025 2.0778195858001713 2.3278195858001713 135.31250000000003 88.812500000000014 87.062500000000014 0.075000001117587103
decision_type=2 2 2 2 2 2 2 2 2 2 2 2 2 2
left_child=6 2 3 4 -2 -5 -1 9 -3 -8 -4 12 -10 -11
right_child=1 8 10 5 -6 -7 7 -9 11 13 -12 -13 -14 -15
leaf_value=-0.078801164084123854 0.042928853414285345 -0.097740565505264665 -0.064396028395995994 0.026285022103219941 -0.012899784809207719 0.076348493259207811 -0.11796874265206135 -0.047914292708095975 0.081040448212205574 0.12525539579144715 0.066480479758655328 0.085544348709595541 -0.074405034392000025 -0.085738153124275657
leaf_weight=8396.0430491596089 3182.5910651255981 32.433744104870129 1257.9000769896957 1474.5702881976031 4425.5231360504986 2845.9869286380708 22.588531650602818 248.28077807981754 111.98842262080871 125.91287588595878 48.123874761164188 4025.0465033471119 73.022736419225112 17.785608169389889
leaf_count=10379450 227455 526 357070 23840 108240 165958 84 105184 5548 3430 577 216241 2749 2279
internal_value=-0.00225816 0.0344775 0.0194775 0.0281324 0.0104542 0.0592622 -0.075129 -0.000758806 0.0812712 0.0696484 -0.0595735 0.0826502 0.0196871 0.0991407
internal_weight=26287.8 17477.2 13234.7 11928.7 7608.11 4320.56 8810.61 414.568 4242.49 166.287 1306.02 4210.06 185.011 143.698
internal_count=11598631 1108204 883140 525493 335695 189798 10490427 110977 225064 5793 357647 224538 8297 5709
is_linear=0
shrinkage=0.1


Tree=137
num_leaves=15
num_cat=0
split_feature=0 4 5 2 3 1 0 4 3 2 0 3 2 0
split_gain=18940.5 8991.06 1622.01 1047.67 1022.32 807.51 390.549 144.588 472.979 138.455 258.684 136.756 126.292 124.724
threshold=0.17500000447034839 2.3828347921371464 3.00477147102356 2.4528195858001713 130.31250000000003 19.500000000000004 0.12500000372529033 6.5929112434387216 91.562500000000014 1.0000000180025095e-35 0.075000001117587103 98.437500000000014 2.0778195858001713 0.22500000149011615
decision_type=2 2 2 2 2 2 2 2 2 2 2 2 2 2
left_child=1 6 4 7 5 -3 9 13 -9 10 -1 -11 -4 -2
right_child=3 2 12 -5 -6 -7 -8 8 -10 11 -12 -13 -14 -15
leaf_value=0.062249635821956521 -0.020284334289337909 0.031524421966078318 0.10015806983703635 0.077652306739416171 -0.069682010569475053 -0.021506078008387535 0.0028933263829327336 0.084367605625601028 -0.080873523811799769 0.078086031918233309 -0.05453238868615732 0.03720499551277099 -0.081804089143954761 -0.080645184005596823
leaf_weight=1622.2161242933871 348.94087452720851 6888.3960047801957 38.595162459416315 444.81125598517247 1896.1767363986 4923.9643304597121 765.03559805219993 232.60073585435748 678.56760139018297 28250.15431028483 214.79301725048572 842.68722844205331 3255.4084954746068 18053.294616772793
leaf_count=424087 21700 371689 405 124820 69459 166896 32097 5004 50937 8415883 10359 92110 223750 1589435
internal_value=0.00849839 0.0420036 -0.0166629 -0.0740807 -0.00152255 0.00941874 0.0734749 -0.0775753 -0.0386912 0.0752207 0.0485949 0.0769019 -0.0796721 -0.0795006
internal_weight=68455.6 48697.4 17002.5 19758.2 13708.5 11812.4 31694.9 19313.4 911.168 30929.9 1837.01 29092.8 3294 18402.2
internal_count=11598631 9806735 832199 1791896 608044 538585 8974536 1667076 55941 8942439 434446 8507993 224155 1611135
is_linear=0
shrinkage=0.1


Tree=138
num_leaves=15
num_cat=0
split_feature=5 5 2 2 3 0 0 0 0 2 1 4 4 0
split_gain=11498.6 1668.82 51.1284 19.7767 4.48641 0.0847627 0.00562997 0.0327832 0.0517893 0.0532898 0.00354866 0.00310185 0.00306893 0.00170492
threshold=3.0012133121490483 3.00477147102356 2.3278195858001713 2.2028195858001713 94.187500000000014 0.17500000447034839 0.12500000372529033 0.22500000149011615 0.17500000447034839 2.3278195858001713 3.5000000000000004 6.4972276687622079 4.8159308433532724 0.075000001117587103
decision_type=2 2 2 2 2 2 2 2 2 2 2 2 2 2
left_child=6 2 3 5 -5 -2 12 8 -8 -10 -9 -12 -1 -14
right_child=1 -3 -4 4 -6 -7 7 10 9 -11 11 -13 13 -15
leaf_value=-0.080064738572008298 -0.080320286915710637 -0.080100233508519483 -0.080678784300802817 0.081244826072474088 -0.096300194725936539 -0.12083368281940654 -0.080270034887270539 -0.086039858115676271 -0.086485923065941786 -0.080735046609529459 -0.080103479010203898 -0.080674422218552089 -0.080229178226596864 -0.080701947068582872
leaf_weight=8250.1974826401929 6.7425434985780148 694.13379221677314 19.580807131831534 9104.6489191679284 1.4234755283687253 0.55925995111465443 112.97508716204902 1.0185321666067455 34.714435032336041 30.070360696932767 1693.3850548653281 100.8212616671226 486.32546247390565 90.469088650308549
leaf_count=8879012 6997 607486 11113 572245 260 2 33199 156 733 19574 1148140 51770 247871 20073
internal_value=-0.0088939 0.0693776 0.0807383 0.0810852 0.0812171 -0.0834233 -0.0801145 -0.0802672 -0.0815626 -0.0838166 -0.0801389 -0.0801356 -0.0800803 -0.0803033
internal_weight=20627.1 9827.09 9132.96 9113.37 9106.07 7.3018 10800 1972.98 177.76 64.7848 1795.22 1794.21 8826.99 576.795
internal_count=11598631 1198103 590617 579504 572505 6999 10400528 1253572 53506 20307 1200066 1199910 9146956 267944
is_linear=0
shrinkage=0.1


Tree=139
num_leaves=15
num_cat=0
split_feature=0 2 2 3 0 3 3 5 3 3 3 2 0 0
split_gain=7641.26 3517.77 365.672 159.357 25.0686 47.4689 521.161 187.974 19.6057 0.159117 28.4321 66.1967 0.0366978 0.0501028
threshold=0.12500000372529033 2.3278195858001713 2.4528195858001713 65.562500000000014 0.075000001117587103 65.562500000000014 66.062500000000014 2.0556275844573979 66.062500000000014 65.562500000000014 66.062500000000014 2.4528195858001713 0.22500000149011615 0.17500000447034839
decision_type=2 2 2 2 2 2 2 2 2 2 2 2 2 2
left_child=4 12 3 -3 9 -6 7 -7 -5 -1 11 -11 13 -2
right_child=1 2 -4 8 5 6 -8 -9 -10 10 -12 -13 -14 -15
leaf_value=-0.080055823765889003 -0.080269735240885612 -0.081309747317414569 -0.080112437332708869 0.0811521787460288 -0.080055204115092482 -0.089503870377365916 -0.080097103529703478 0.12304951446070843 -0.12387304338328137 0.27181089177693757 -0.080106651201015386 -0.080332576602188233 -0.08009802340744672 -0.084932336218505169
leaf_weight=3250.5387960643229 58.547734314692207 60.908451243652962 145.40945539169479 8253.7931673228741 1789.3154260491137 52.972081147134304 1404.5871575294586 193.91826603037771 4.6667401492595664 7.6653054240159717 2368.7327852157732 17.583879740297562 1611.8396472035674 38.007769046351314
leaf_count=3850731 16205 5729 139672 527721 2130403 989 1533811 8439 74 2778 2235166 9720 1131962 5231
internal_value=-0.00884447 0.0506824 0.0770999 0.0798477 -0.075499 -0.0687711 -0.0565451 0.0774447 0.0810363 -0.0796002 -0.0789815 0.0265733 -0.0802115 -0.0821051
internal_weight=19258.5 10173.2 8464.78 8319.37 9085.31 3440.79 1651.48 246.89 8258.46 5644.52 2393.98 25.2492 1708.4 96.5555
internal_count=11598631 1826594 673196 533524 9772037 3673642 1543239 9428 527795 6098395 2247664 12498 1153398 21436
is_linear=0
shrinkage=0.1


Tree=140
num_leaves=15
num_cat=0
split_feature=3 0 1 0 1 1 1 1 4 1 1 1 0 2
split_gain=10428.7 516.447 45.7993 26.6701 17.6784 14.4101 6.98116 1.87703 0.724662 0.671718 0.139771 0.013901 0.00481024 0.0474915
threshold=1.0000000180025095e-35 0.075000001117587103 16.500000000000004 0.17500000447034839 19.500000000000004 12.500000000000002 17.500000000000004 17.500000000000004 -0.51500990986824025 13.500000000000002 14.500000000000002 12.500000000000002 0.12500000372529033 2.0778195858001713
decision_type=2 2 2 2 2 2 2 2 2 2 2 2 2 2
left_child=1 2 9 5 7 -3 -7 -4 -6 11 -11 -1 -2 -14
right_child=12 3 4 -5 8 6 -8 -9 -10 10 -12 -13 13 -15
leaf_value=-0.080051442086134336 -0.08007297732160662 -0.081157760332163931 -0.0048223975728059251 0.08086908901456813 0.023738799652946216 0.030006790912401039 0.064079784978597829 -0.026174661043520744 -0.080154273086641636 -0.068913794009334284 -0.05621944495667739 -0.077619627493009047 -0.082507045062481257 -0.080134095085039131
leaf_weight=54.879732650295409 7780.7883888257584 8.1104782000184041 51.81766703678295 7514.2781063616276 132.84278406947851 85.407811435870826 203.19040379114449 200.36053823935799 0.6747805355116715 17.95461572491331 16.779250290652271 41.118138062418438 89.031663017114624 1600.8333760295645
leaf_count=68369 9337039 4745 38581 565456 59504 3696 2422 166601 287 21717 18464 51022 15324 1245404
internal_value=-0.00832789 0.0733046 -0.0235468 0.079708 -0.00620907 0.0503018 0.0539962 -0.0217872 0.0232137 -0.0746981 -0.0627814 -0.0790098 -0.0801062 -0.0802591
internal_weight=17798.1 8327.41 516.428 7810.99 385.696 296.709 288.598 252.178 133.518 130.732 34.7339 95.9979 9470.65 1689.87
internal_count=11598631 1000864 424545 576319 264973 10863 6118 205182 59791 159572 40181 119391 10597767 1260728
is_linear=0
shrinkage=0.1


Tree=141
num_leaves=15
num_cat=0
split_feature=4 5 1 3 5 2 4 5 3 1 3 3 4 2
split_gain=5854.58 1124.39 808.404 586.932 746.361 236.58 189.855 319.693 605.518 125.288 91.6086 91.1329 84.4754 76.4887
threshold=2.0001005530357365 3.00477147102356 15.500000000000002 130.31250000000003 2.5291771888732915 2.8750000000000004 -0.51500990986824025 2.0556275844573979 58.812500000000007 14.500000000000002 88.812500000000014 87.062500000000014 1.4533374309539797 2.0778195858001713
decision_type=2 2 2 2 2 2 2 2 2 2 2 2 2 2
left_child=5 2 -2 4 -4 -1 7 8 -7 -9 11 -3 -8 -12
right_child=1 10 3 -5 -6 6 12 9 -10 -11 13 -13 -14 -15
leaf_value=-0.079114874409053196 -0.063377491466066235 0.070598243889508708 0.040818589666401735 0.075799837029464301 -0.014884956623762406 -0.034118332837282349 -0.07661441078128399 -0.32801350614802943 1.468951824433673 0.06101329660522007 -0.097626163575402769 -0.074823459442801513 0.07704852430886594 0.08558967844889763
leaf_weight=7087.7019625175399 1118.7592151206627 104.83728491922375 5308.0002860822424 1942.0349539220333 4398.690210992936 6.3810463914081605 257.10066681198123 8.7319894608808664 4.6212572270798233 159.38611586962361 22.93789455719525 73.171698302496225 41.559056705795228 3444.5945510845631
leaf_count=10142097 329673 5909 352377 68441 155975 399 297660 158 171 15135 280 2749 11360 216247
internal_value=-0.00174347 0.0318041 0.0178181 0.0256163 0.0155759 -0.0745236 -0.00641382 0.0749839 0.597211 0.0408074 0.080786 0.0108217 -0.0552319 0.0843777
internal_weight=23978.5 16413 12767.5 11648.7 9706.69 7565.48 477.78 179.12 11.0023 168.118 3645.54 178.009 298.66 3467.53
internal_count=11598631 1131651 906466 576793 508352 10466980 324883 15863 570 15293 225185 8658 309020 216527
is_linear=0
shrinkage=0.1


Tree=142
num_leaves=15
num_cat=0
split_feature=0 4 2 5 5 2 4 0 3 1 3 2 0 3
split_gain=15807.8 7723.83 1437.19 892.668 1482.04 891.871 447.433 359.22 341.043 227.008 161.097 149.004 208.215 131.555
threshold=0.17500000447034839 2.3281584978103642 2.8750000000000004 2.7186124324798588 2.5291771888732915 2.4528195858001713 4.8159308433532724 0.12500000372529033 124.68750000000001 16.500000000000004 88.812500000000014 1.0000000180025095e-35 0.075000001117587103 98.437500000000014
decision_type=2 2 2 2 2 2 2 2 2 2 2 2 2 2
left_child=1 7 6 4 -4 -2 10 11 -5 -8 -3 12 -1 -13
right_child=5 2 3 8 -6 -7 9 -9 -10 -11 -12 13 -14 -15
leaf_value=0.059867501652184608 -0.077298574327097302 0.072806954914347091 -0.062392463177226999 -0.11550971034600373 0.039434957551786665 0.07719029193687163 0.063127252761304528 0.0025526709607143327 -0.053904218271468907 -0.010016285700791713 0.022998958599093691 0.077699184011257139 -0.041550840169928681 0.035508226107989413
leaf_weight=1434.5982005202713 16511.200452105142 1614.0854314479511 3017.9689352936111 1409.5957690067589 2715.291254427284 382.34017980238423 487.32153467275202 713.12679037218913 2478.8729197084904 3281.9030055822805 1086.4674730850384 24165.405395491103 235.68906143307686 762.35734993906226
leaf_count=424087 1667076 245664 114330 85313 59873 124820 19907 32042 172358 74940 68629 8408163 10359 91070
internal_value=0.00826862 0.0402128 -0.014745 -0.0392512 -0.0141667 -0.0738021 0.0217001 0.0725936 -0.0762366 -0.000559587 0.0527686 0.0744714 0.0455567 0.0764089
internal_weight=60296.2 43402.7 16091.5 9621.73 5733.26 16893.5 6469.78 27311.2 3888.47 3769.22 2700.55 26598.1 1670.29 24927.8
internal_count=11598631 9806735 841014 431874 174203 1791896 409140 8965721 257671 94847 314293 8933679 434446 8499233
is_linear=0
shrinkage=0.1


Tree=143
num_leaves=15
num_cat=0
split_feature=5 5 2 2 0 0 0 0 0 2 1 4 4 0
split_gain=9847.77 1422.91 45.1474 17.1653 4.48899 0.0683532 0.00486341 0.0293194 0.0473102 0.0423934 0.0036267 0.00240984 0.00209756 0.00133888
threshold=3.0012133121490483 3.00477147102356 2.3278195858001713 2.2028195858001713 0.12500000372529033 0.17500000447034839 0.12500000372529033 0.22500000149011615 0.17500000447034839 2.3278195858001713 3.5000000000000004 4.8159308433532724 6.4972276687622079 0.075000001117587103
decision_type=2 2 2 2 2 2 2 2 2 2 2 2 2 2
left_child=6 2 3 5 -5 -2 11 8 -8 -10 -9 -1 -12 -13
right_child=1 -3 -4 4 -6 -7 7 10 9 -11 12 13 -14 -15
leaf_value=-0.080056371475330929 -0.080302457831268367 -0.080088241177496536 -0.080643801443948587 0.11331548620593164 0.080911074405331171 -0.11741466827864409 -0.080248667582637517 -0.08619987240670611 -0.086163984521115664 -0.080765043956484608 -0.080090750278135836 -0.080210176947659473 -0.080598272672908838 -0.08065014987730118
leaf_weight=7085.9629987376866 5.8005996447755015 592.9042349523952 17.326689233654179 42.987595461891033 7747.07339783106 0.5427105426788329 103.75846223451663 0.98154305125353758 33.134266955894418 25.922156560816802 1444.6032640177873 429.66733553388622 86.298242934339214 82.435315419279505
leaf_count=8879012 6997 607486 11113 607 571898 2 33199 156 733 19574 1148140 247871 51770 20073
internal_value=-0.0091596 0.0692648 0.0805977 0.080956 0.0810899 -0.0834776 -0.0801057 -0.0802589 -0.0815347 -0.0837942 -0.0801233 -0.0800715 -0.0801194 -0.080281
internal_weight=17699.4 8406.64 7813.73 7796.4 7790.06 6.34331 9292.76 1694.7 162.815 59.0564 1531.88 7598.07 1530.9 512.103
internal_count=11598631 1198103 590617 579504 572505 6999 10400528 1253572 53506 20307 1200066 9146956 1199910 267944
is_linear=0
shrinkage=0.1


Tree=144
num_leaves=15
num_cat=0
split_feature=0 2 2 3 0 3 3 5 5 3 3 5 0 0
split_gain=6493.62 3007.36 318.664 137.657 28.2116 52.1742 505.43 162.939 18.1909 0.185731 29.0621 49.9676 0.0325626 0.0440703
threshold=0.12500000372529033 2.3278195858001713 2.4528195858001713 65.562500000000014 0.075000001117587103 65.562500000000014 66.062500000000014 2.0587884187698369 2.1383123397827153 65.562500000000014 66.062500000000014 2.0587884187698369 0.22500000149011615 0.17500000447034839
decision_type=2 2 2 2 2 2 2 2 2 2 2 2 2 2
left_child=4 12 3 -3 9 -6 7 -7 -5 -1 11 -11 13 -2
right_child=1 2 -4 8 5 6 -8 -9 -10 10 -12 -13 -14 -15
leaf_value=-0.080048171896136361 -0.080248562319986588 -0.08123016330407512 -0.080103746419987812 0.080984838088333941 -0.080047462306811465 0.11962070917318385 -0.08008857153342698 -0.08091301088413573 -0.1530105406626818 0.21462239227629942 -0.080096427249278845 -0.08013289505053145 -0.080085604119906992 -0.08478017521995096
leaf_weight=2788.7421412487638 53.874978699197527 52.774765295209363 127.04292131372495 7080.5262486878783 1532.2166607320542 193.16293703764677 1210.7368296341447 51.273485894547775 3.3238659612834445 9.1388385519385356 2050.4634901060563 15.515702886797952 1374.8721014451003 35.668861390324309
leaf_count=3850731 16205 5729 139672 527735 2130403 1486 1533811 7942 60 1135 2235166 11363 1131962 5231
internal_value=-0.00883152 0.0505252 0.0768817 0.0796763 -0.0748173 -0.0671685 -0.0536078 0.0775563 0.080875 -0.0795151 -0.0787988 0.0291257 -0.0802059 -0.0820537
internal_weight=16579.3 8728.08 7263.67 7136.62 7851.25 2987.39 1455.17 244.436 7083.85 4863.86 2075.12 24.6545 1464.42 89.5438
internal_count=11598631 1826594 673196 533524 9772037 3673642 1543239 9428 527795 6098395 2247664 12498 1153398 21436
is_linear=0
shrinkage=0.1


Tree=145
num_leaves=15
num_cat=0
split_feature=2 0 0 1 1 1 4 1 1 4 1 1 0 2
split_gain=8913.97 423.365 46.1103 45.8993 15.9455 11.8876 5.27449 1.94708 0.754207 0.72472 0.152494 0.0159262 0.00518731 0.0484583
threshold=1.0000000180025095e-35 0.075000001117587103 0.17500000447034839 16.500000000000004 19.500000000000004 12.500000000000002 7.5224084854125985 18.500000000000004 13.500000000000002 -0.51500990986824025 14.500000000000002 12.500000000000002 0.12500000372529033 2.0778195858001713
decision_type=2 2 2 2 2 2 2 2 2 2 2 2 2 2
left_child=1 3 5 8 7 -3 -7 -5 11 -6 -10 -1 -2 -14
right_child=12 2 -4 4 9 6 -8 -9 10 -11 -12 -13 13 -15
leaf_value=-0.080044730926615459 -0.080065349124741475 -0.08104213175903241 0.080741446863950739 -0.010068769073504055 0.027527558661388264 0.045849110399738199 -0.087026935226878266 -0.02919141208601941 -0.067381318495681936 -0.080143801862343544 -0.053288784666122448 -0.077255656636084691 -0.082598719026856365 -0.080130703684153259
leaf_weight=47.732853355935731 6689.6874546638264 7.7290704902261487 6430.993251320906 149.98354389134329 128.17429604753852 302.21593367308378 3.0171830276958636 82.553776034037583 15.791192558244804 0.62819321162532915 14.94587375957053 35.850403134943917 84.435724720009603 1376.5633598669665
leaf_count=68369 9337039 4745 565456 126307 59504 6018 100 78875 21717 287 18464 51022 15324 1245404
internal_value=-0.00842985 0.0724862 0.0789173 -0.018696 -0.00122331 0.0414343 0.0445357 -0.0168576 -0.0739229 0.0270024 -0.0605288 -0.0788484 -0.0801026 -0.0802733
internal_weight=15370.3 7219.62 6743.96 475.66 361.34 312.962 305.233 232.537 114.32 128.802 30.7371 83.5833 8150.69 1461
internal_count=11598631 1000864 576319 424545 264973 10863 6118 205182 159572 59791 40181 119391 10597767 1260728
is_linear=0
shrinkage=0.1


Tree=146
num_leaves=15
num_cat=0
split_feature=4 5 0 4 5 2 2 4 5 3 1 3 2 4
split_gain=4840.3 1055.64 703.761 558.882 496.864 253.725 245.645 164.689 203.696 226.862 93.8569 87.0296 82.1968 139.285
threshold=2.0001005530357365 3.00477147102356 0.075000001117587103 6.3878748416900644 2.0347924232482915 2.8750000000000004 2.8750000000000004 -0.51500990986824025 2.0556275844573979 58.812500000000007 15.500000000000002 88.812500000000014 2.8750000000000004 3.5173683166503911
decision_type=2 2 2 2 2 2 2 2 2 2 2 2 2 2
left_child=6 2 3 4 -2 -5 -1 8 9 -8 -10 12 -3 -14
right_child=1 11 -4 5 -6 -7 7 -9 10 -11 -12 -13 13 -15
leaf_value=-0.078899308185529177 0.068766203898841902 -0.045650699077924795 -0.057610610119271127 0.021330227234964763 -0.003465187698205779 0.075104780882384037 -0.028650167903431889 -0.052359723228799608 -0.21205291055652198 0.80402706558492698 0.063199762503025378 0.084313032660588483 1.6485029143186585 0.086574943651573852
leaf_weight=6081.9895759516821 1123.9452174438047 101.91923209471861 1181.4472666679358 1401.2920304513536 6236.8279758032295 2347.0207729013637 5.7289584170841525 266.30738489585843 13.460114755493121 7.6291857557969003 155.53615538740996 3010.4044925050694 0.57641433435492118 59.993905530311167
leaf_count=10142097 138470 4614 370543 23840 207655 165958 399 309020 312 171 14981 216527 10 4034
internal_value=-0.00144489 0.0290417 0.0157663 0.0235699 0.00756411 0.0550014 -0.0736317 -0.00222496 0.070991 0.446914 0.0412766 0.0804653 0.00917909 0.101439
internal_weight=21994.1 15463.4 12290.5 11109.1 7360.77 3748.31 6530.65 448.662 182.354 13.3581 168.996 3172.89 162.49 60.5703
internal_count=11598631 1131651 906466 535923 346125 189798 10466980 324883 15863 570 15293 225185 8658 4044
is_linear=0
shrinkage=0.1


Tree=147
num_leaves=15
num_cat=0
split_feature=0 4 3 4 2 0 1 2 2 2 3 0 2 4
split_gain=13193.9 6487.95 1300.07 801.745 785.162 520.163 467.203 383.629 236.938 242.877 158.414 169.786 148.046 145.928
threshold=0.22500000149011615 2.3281584978103642 130.31250000000003 6.3878748416900644 2.4528195858001713 0.12500000372529033 19.500000000000004 2.8750000000000004 2.2028195858001713 2.4528195858001713 1.0000000180025095e-35 0.075000001117587103 2.6250000000000004 6.4972276687622079
decision_type=2 2 2 2 2 2 2 2 2 2 2 2 2 2
left_child=1 5 3 6 13 10 -3 -5 -7 -10 11 -1 -4 -2
right_child=4 2 12 7 -6 8 -8 -9 9 -11 -12 -13 -14 -15
leaf_value=0.057288852277787898 -0.080433720749592472 0.036988405407948649 0.042454449507323105 -0.0021501741930181812 0.080184525330811274 0.0610257989163588 -0.010245439392966075 -0.068943565892736078 -0.075272279821683816 0.080672114628324687 0.075775521001461857 -0.032428630172244337 -0.075749606447815046 -0.033773580237907337
leaf_weight=1274.6063651740624 13176.021908381023 5167.9735959791578 109.92933576926589 1559.6273677588906 320.79163415334187 368.73830745089799 3520.7376266000792 1916.6004906147718 458.32991972658783 127.69929497037083 21410.837945560212 252.76498092059046 2932.3830783460289 706.19029344245791
leaf_count=424087 1587972 326125 1112 29076 122034 15789 98119 184755 24666 14512 8499233 10359 203735 57057
internal_value=0.00806245 0.0380478 -0.0130114 0.0016106 -0.074486 0.0705457 0.0178489 -0.0389764 -0.00177553 -0.0412911 0.0735559 0.0424415 -0.0714785 -0.0780601
internal_weight=53303.2 39100.2 15207.3 12164.9 14203 23893 8688.71 3476.23 954.768 586.029 22938.2 1527.37 3042.31 13882.2
internal_count=11598631 9831568 842922 638075 1767063 8988646 424244 213831 54967 39178 8933679 434446 204847 1645029
is_linear=0
shrinkage=0.1


Tree=148
num_leaves=15
num_cat=0
split_feature=5 5 2 2 3 0 0 0 0 2 1 4 4 0
split_gain=8451.08 1213.05 39.9353 14.9581 4.34334 0.0614732 0.00516323 0.0300123 0.0493196 0.0371407 0.00365062 0.00227443 0.00193973 0.00104401
threshold=3.0012133121490483 3.00477147102356 2.3278195858001713 2.2028195858001713 94.187500000000014 0.17500000447034839 0.12500000372529033 0.22500000149011615 0.17500000447034839 2.3278195858001713 3.5000000000000004 6.4972276687622079 4.8159308433532724 0.075000001117587103
decision_type=2 2 2 2 2 2 2 2 2 2 2 2 2 2
left_child=6 2 3 5 -5 -2 12 8 -8 -10 -9 -12 -1 -14
right_child=1 -3 -4 4 -6 -7 7 10 9 -11 11 -13 13 -15
leaf_value=-0.080049055173138622 -0.0802848361630846 -0.080078325024269661 -0.080605488973979122 0.081013770550486211 -0.096249672666990069 -0.11596186696100863 -0.08022899992054261 -0.086322181493575914 -0.086126492797375359 -0.080855585976296621 -0.080080298671149963 -0.080627267920266255 -0.080195161105954427 -0.080601726337686572
leaf_weight=6078.2564236972812 4.9827163989539249 506.17608387514338 15.356637255637905 6675.4968310622498 1.3825314861605864 0.53479221463203419 95.266521928482689 0.94788959861034428 32.849375815014355 22.542165138293058 1232.242740619753 81.022039390692953 386.61610653123353 75.493034259823617
leaf_count=8879012 6997 607486 11113 572245 260 2 33199 156 733 19574 1148140 51770 247871 20073
internal_value=-0.00938878 0.0691901 0.0804709 0.0808411 0.0809771 -0.0837429 -0.0801021 -0.0802718 -0.0816086 -0.0839814 -0.0801185 -0.080114 -0.0800641 -0.0802616
internal_weight=15209.2 7203.93 6697.75 6682.4 6676.88 5.51751 8005.24 1464.87 150.658 55.3915 1314.21 1313.26 6540.37 462.109
internal_count=11598631 1198103 590617 579504 572505 6999 10400528 1253572 53506 20307 1200066 1199910 9146956 267944
is_linear=0
shrinkage=0.1


Tree=149
num_leaves=15
num_cat=0
split_feature=0 2 2 3 0 3 3 5 3 3 3 2 0 0
split_gain=5505.93 2570.41 277.464 136.094 31.5761 56.9113 490.982 171.493 17.6591 0.214875 29.8992 51.6281 0.0332904 0.043699
threshold=0.12500000372529033 2.3278195858001713 2.4528195858001713 65.562500000000014 0.075000001117587103 65.562500000000014 66.062500000000014 2.0556275844573979 66.062500000000014 65.562500000000014 66.062500000000014 2.4528195858001713 0.22500000149011615 0.17500000447034839
decision_type=2 2 2 2 2 2 2 2 2 2 2 2 2 2
left_child=4 12 3 -3 9 -6 7 -7 -5 -1 11 -11 13 -2
right_child=1 2 -4 8 5 6 -8 -9 -10 10 -12 -13 -14 -15
leaf_value=-0.080041485828007367 -0.080229104092805176 -0.081229000359795134 -0.080095947192270672 0.08087273828588927 -0.08004080002159436 -0.089322534194903047 -0.080081318140727456 0.12103300799428669 -0.12257544083966875 0.22391642212238924 -0.080088032512250287 -0.080396008754851256 -0.080075490081178105 -0.084857120832682764
leaf_weight=2389.6704734449522 49.582681780215353 52.329862784361467 111.11819550168002 6077.5234776558354 1310.9426901591942 48.582231659442186 1043.9519983200007 191.61599433911033 4.2693883627653113 8.8649436896664611 1778.4404320115684 15.022303055273369 1172.8660703897476 34.667497042217292
leaf_count=3850731 16205 5729 139672 527721 2130403 989 1533811 8439 74 2778 2235166 9720 1131962 5231
internal_value=-0.00879045 0.0502501 0.0765114 0.0793483 -0.0740531 -0.065384 -0.0504214 0.0784867 0.0807299 -0.0794197 -0.0785953 0.0325393 -0.0802134 -0.0821335
internal_weight=14289.4 7502.36 6245.24 6134.12 6787.09 2595.09 1284.15 240.198 6081.79 4192 1802.33 23.8872 1257.12 84.2502
internal_count=11598631 1826594 673196 533524 9772037 3673642 1543239 9428 527795 6098395 2247664 12498 1153398 21436
is_linear=0
shrinkage=0.1


Tree=150
num_leaves=15
num_cat=0
split_feature=3 0 1 0 1 0 4 1 1 1 0 2 0 3
split_gain=7612.43 364.288 69.1777 23.352 15.1096 6.24962 4.33555 3.68428 0.525147 0.00434494 0.00400605 0.0338766 0.0497304 0.00472979
threshold=1.0000000180025095e-35 0.17500000447034839 15.500000000000002 0.075000001117587103 19.500000000000004 0.075000001117587103 7.5224084854125985 12.500000000000002 13.500000000000002 4.5000000000000009 0.12500000372529033 2.0778195858001713 0.17500000447034839 65.562500000000014
decision_type=2 2 2 2 2 2 2 2 2 2 2 2 2 2
left_child=1 2 5 4 -4 8 -5 -7 -1 -2 -11 12 -12 -13
right_child=9 -3 3 6 -6 7 -8 -9 -10 10 11 13 -14 -15
leaf_value=-0.078668721598955771 -0.086217344896979631 0.080631279476423123 -0.01319799073360578 0.041568342961257193 0.030236423152095467 -0.080860711446675421 -0.08638936519194429 0.0027306283459757781 -0.060567537267862938 -0.080058526953854459 -0.080210856860523372 -0.080771218811725651 -0.085506482755836305 -0.08006367638246227
leaf_weight=72.969635799296157 1.158905478948326 5490.1557896900922 222.82212524482748 298.9303741035983 125.03315531974658 7.225799546577039 2.6716263722628346 19.506678966805339 20.538805406074971 5760.6188706295407 44.236302441102453 103.56680337834405 29.59851233381778 1076.7463332533662
leaf_count=119391 249 565456 214543 3955 59791 4745 98 2065 30820 9336836 14911 75184 397 1170190
internal_value=-0.00856758 0.0715988 0.00717107 0.0200706 0.00241408 -0.0625031 0.0404349 -0.0198641 -0.0746929 -0.0800948 -0.0800938 -0.0802557 -0.0823337 -0.0801258
internal_weight=13275.8 6259.85 769.698 649.457 347.855 120.241 301.602 26.7325 93.5084 7015.93 7014.77 1254.15 73.8348 1180.31
internal_count=11598631 1000864 435408 278387 274334 157021 4053 6810 150211 10597767 10597518 1260682 15308 1245374
is_linear=0
shrinkage=0.1


Tree=151
num_leaves=15
num_cat=0
split_feature=4 5 2 5 5 3 2 4 5 3 2 3 3 1
split_gain=4008.28 982.074 653.412 632.752 1336.13 1243.92 233.682 165.002 130.575 105.132 86.1173 78.0989 84.2541 74.1186
threshold=1.8497406840324404 3.00477147102356 2.6250000000000004 2.0556275844573979 2.082067728042603 64.812500000000014 2.8750000000000004 -0.51500990986824025 2.0556275844573979 61.437500000000007 2.0778195858001713 88.812500000000014 87.062500000000014 15.500000000000002
decision_type=2 2 2 2 2 2 2 2 2 2 2 2 2 2
left_child=6 2 -2 5 -5 -4 -1 8 9 -8 -3 12 -12 -10
right_child=1 10 3 4 -6 -7 7 -9 13 -11 11 -13 -14 -15
leaf_value=-0.078657758344447215 -0.057748796041187093 -0.094701463580921144 -0.041520016089063111 -0.12205248511883632 0.021873139299281391 0.13025689196822451 -0.0095114827035967936 -0.058109747617404207 -0.16902660019435023 0.52880561548276916 0.076723324831063755 0.085952922252689953 -0.075542387660096813 0.06405351912044642
leaf_weight=5188.6035432167446 1145.0275741266669 27.88510132295778 627.57162958401022 700.9760374626494 8080.3362480585347 1284.2198978239612 5.552523131316577 223.94750178910783 14.956558187084736 10.466549421889425 84.637794215406757 2598.1007049644832 63.683201596839353 155.37040907435585
leaf_count=10084559 385879 541 151990 82307 299322 47341 403 306016 312 167 5805 216259 2749 14981
internal_value=-0.000969299 0.0265966 0.0140465 0.0217344 0.0103841 0.0738688 -0.0729128 -0.000262276 0.0692578 0.342214 0.0801485 0.0819238 0.0113464 0.0435866
internal_weight=20211.3 14612.4 11838.1 10693.1 8781.31 1911.79 5598.9 410.294 186.346 16.0191 2774.31 2746.42 148.321 170.327
internal_count=11598631 1192193 966839 580960 381629 199331 10406438 321879 15863 570 225354 224813 8554 15293
is_linear=0
shrinkage=0.1


Tree=152
num_leaves=15
num_cat=0
split_feature=0 4 5 3 2 1 0 2 2 2 3 4 3 0
split_gain=10984.3 5565.23 1146.36 735.276 670.419 552.791 445.105 193.94 203.737 166.546 160.428 147.395 366.873 139.142
threshold=0.22500000149011615 2.3281584978103642 3.00477147102356 132.68750000000003 2.4528195858001713 16.500000000000004 0.12500000372529033 2.2028195858001713 2.4528195858001713 1.0000000180025095e-35 97.812500000000014 6.4972276687622079 91.562500000000014 0.075000001117587103
decision_type=2 2 2 2 2 2 2 2 2 2 2 2 2 2
left_child=1 6 3 5 11 -3 9 -8 -9 13 -11 -2 -13 -1
right_child=4 2 -4 -5 -6 -7 7 8 -10 10 -12 12 -14 -15
leaf_value=0.054526345428969808 -0.080335845540995127 0.062759827716333955 -0.078318299736499744 -0.071971309185047863 0.080159022574645758 -0.00063409119850772755 0.057172829394161809 -0.073606676042008268 0.080571059081532614 0.076808165640126283 0.026776791561400188 0.083989273166962988 -0.080564104129806996 -0.025686787283956576
leaf_weight=1138.3339118200893 11240.629666806664 1613.1409225855023 2181.5145726457704 1259.6573229143396 275.37842258275487 9337.8292891946621 337.87011069245636 399.82235961966217 109.09566438850015 17757.016079212539 664.90782464736549 193.58187275752425 451.48107531201094 266.97298484575003
leaf_count=424087 1587972 161585 224368 61458 122034 395511 15789 24666 14512 8395599 103634 4951 52106 10359
internal_value=0.00779886 0.0361997 -0.0115474 0.000381653 -0.0740943 0.0087042 0.0694387 -0.00156196 -0.0405559 0.072471 0.0750024 -0.0776682 -0.031182 0.0392879
internal_weight=47227.2 35066.2 14392.1 12210.6 12161.1 10951 20674 846.788 508.918 19827.2 18421.9 11885.7 645.063 1405.31
internal_count=11598631 9831568 842922 618554 1767063 557096 8988646 54967 39178 8933679 8499233 1645029 57057 434446
is_linear=0
shrinkage=0.1


Tree=153
num_leaves=15
num_cat=0
split_feature=5 5 2 2 0 0 0 0 0 2 1 4 4 0
split_gain=7257.96 1035.46 35.1276 12.9538 4.29376 0.0425022 0.00414548 0.0223842 0.0368649 0.0240305 0.00368669 0.00212643 0.00153771 0.000951501
threshold=3.0012133121490483 3.00477147102356 2.3278195858001713 2.2028195858001713 0.12500000372529033 0.17500000447034839 0.12500000372529033 0.22500000149011615 0.17500000447034839 2.3278195858001713 3.5000000000000004 6.4972276687622079 4.8159308433532724 0.17500000447034839
decision_type=2 2 2 2 2 2 2 2 2 2 2 2 2 2
left_child=6 2 3 5 -5 -2 12 8 -8 -10 -9 -12 -1 -3
right_child=1 13 -4 4 -6 -7 7 10 9 -11 11 -13 -14 -15
leaf_value=-0.080042801515430667 -0.080273295101373557 -0.080064346962505029 -0.080570980429329198 0.11367983790627122 0.080668228568732583 -0.11099436176854915 -0.080201828252886589 -0.086441490875576982 -0.085451390477267852 -0.08094084716922012 -0.080071925141010691 -0.080625264803384167 -0.080243640996137691 -0.084533059176547229
leaf_weight=5228.2031612942174 4.2942124322871669 432.02560098942195 13.528229079151059 39.675609663652722 5686.3931196844205 0.50309836864471424 82.934236758388579 0.91996780736371775 29.658189407375176 19.628727740113391 1050.9119999262621 74.363623436307535 411.20403022930259 0.47700585145503183
leaf_count=8879012 6997 607151 11113 607 571898 2 33199 156 733 19574 1148140 51770 267944 335
internal_value=-0.00958903 0.0691449 0.0803794 0.0807594 0.080897 -0.083495 -0.0800941 -0.0802582 -0.0814891 -0.083655 -0.0801137 -0.0801085 -0.0800574 -0.0800693
internal_weight=13074.7 6176.9 5744.39 5730.87 5726.07 4.79731 6897.82 1258.42 132.221 49.2869 1126.2 1125.28 5639.41 432.503
internal_count=11598631 1198103 590617 579504 572505 6999 10400528 1253572 53506 20307 1200066 1199910 9146956 607486
is_linear=0
shrinkage=0.1


Tree=154
num_leaves=15
num_cat=0
split_feature=0 2 2 3 0 3 3 2 3 3 3 5 0 0
split_gain=4658.04 2188.02 236.399 130.134 35.2393 61.8799 472.603 148.776 16.7022 0.249364 30.3765 40.2805 0.024305 0.0313403
threshold=0.12500000372529033 2.3278195858001713 2.4528195858001713 65.562500000000014 0.075000001117587103 65.562500000000014 66.062500000000014 2.4528195858001713 66.062500000000014 65.562500000000014 66.062500000000014 2.0587884187698369 0.22500000149011615 0.17500000447034839
decision_type=2 2 2 2 2 2 2 2 2 2 2 2 2 2
left_child=4 12 3 -3 9 -6 7 -7 -5 -1 11 -11 13 -2
right_child=1 2 -4 8 5 6 -8 -9 -10 10 -12 -13 -14 -15
leaf_value=-0.080035944849426277 -0.08019930622621177 -0.081204823893140071 -0.080084568755535532 0.080729038435686767 -0.080035251231410559 0.11702780835522218 -0.080074882947545833 -0.083759330981051913 -0.12033131541329983 0.18431742867060186 -0.080079795811760904 -0.080138043292445699 -0.080067277290152838 -0.084363955362061926
leaf_weight=2055.1872060882201 43.169519900053274 50.205328365555033 95.075774866796564 5193.5976410675794 1124.9784420816577 192.04849673528224 900.38931414403487 45.680800471687689 4.1349054132588199 10.173591363709422 1540.4137488028514 13.274838007258948 1000.3215462910011 31.077753438265063
leaf_count=3850731 16205 5729 139672 527721 2130403 3240 1533811 6188 74 1135 2235166 11363 1131962 5231
internal_value=-0.00891179 0.0500046 0.0761903 0.0790215 -0.0731912 -0.0634032 -0.0469632 0.0784456 0.0805691 -0.0793119 -0.0783603 0.0346015 -0.0801968 -0.0819425
internal_weight=12299.7 6417.58 5343.01 5247.94 5882.15 2263.1 1138.12 237.729 5197.73 3619.05 1563.86 23.4484 1074.57 74.2473
internal_count=11598631 1826594 673196 533524 9772037 3673642 1543239 9428 527795 6098395 2247664 12498 1153398 21436
is_linear=0
shrinkage=0.1


Tree=155
num_leaves=15
num_cat=0
split_feature=2 0 1 0 1 0 4 1 1 1 0 2 0 3
split_gain=6499.94 333.535 60.8835 12.8432 13.2148 6.53662 3.64743 2.93861 0.676524 0.00438596 0.00302021 0.0246734 0.0353984 0.00380259
threshold=1.0000000180025095e-35 0.17500000447034839 15.500000000000002 0.075000001117587103 19.500000000000004 0.12500000372529033 7.5224084854125985 13.500000000000002 14.500000000000002 4.5000000000000009 0.12500000372529033 2.0778195858001713 0.17500000447034839 65.562500000000014
decision_type=2 2 2 2 2 2 2 2 2 2 2 2 2 2
left_child=1 2 5 4 -4 7 -5 -1 -7 -2 -11 12 -12 -13
right_child=9 -3 3 6 -6 8 -8 -9 -10 10 11 13 -14 -15
leaf_value=-0.078645656479108511 -0.086325257064895133 0.08053760439835167 -0.008537292114410221 0.035944970963101473 0.032895808421485477 0.044926306062908268 -0.085948736076396026 -0.040184823901858707 -0.0081323105727659547 -0.080052620754674841 -0.08018403527666601 -0.080738108399052211 -0.084916330219110825 -0.080054869921180605
leaf_weight=71.612676046962406 1.1267026471905399 4686.0548666156828 208.31639076326974 312.78207821864635 122.09478009981103 4.8055656515061838 2.474268013611435 27.492266795772593 4.8068257495760918 4966.6660305652704 38.637238062277902 89.387288750294829 26.750307779759169 918.29677418345818
leaf_count=124975 249 565456 214543 3955 59791 45 98 31985 16 9336836 14911 75184 397 1170190
internal_value=-0.00868201 0.0706031 0.00889233 0.0205496 0.00677322 -0.0603399 0.0349883 -0.0679764 0.0183935 -0.0800867 -0.0800855 -0.0802376 -0.08212 -0.0801155
internal_weight=11481.3 5440.44 754.385 645.668 330.411 108.717 315.256 99.1049 9.61239 6040.86 6039.74 1073.07 65.3875 1007.68
internal_count=11598631 1000864 435408 278387 274334 157021 4053 156960 61 10597767 10597518 1260682 15308 1245374
is_linear=0
shrinkage=0.1


Tree=156
num_leaves=15
num_cat=0
split_feature=4 5 3 5 3 5 2 4 2 5 3 2 2 5
split_gain=3319.18 871.628 563.034 593.75 595.701 523.481 240.836 143.465 95.1358 94.2683 92.8781 73.0471 70.9322 69.1797
threshold=1.8497406840324404 3.00477147102356 132.68750000000003 2.5466194152832036 57.312500000000007 2.7235324382781987 2.8750000000000004 -0.51500990986824025 2.6250000000000004 2.0556275844573979 88.812500000000014 2.0778195858001713 2.8750000000000004 2.7235324382781987
decision_type=2 2 2 2 2 2 2 2 2 2 2 2 2 2
left_child=6 2 3 4 -2 -5 -1 9 -4 -8 12 -12 -3 -11
right_child=1 10 8 5 -6 -7 7 -9 -10 13 11 -13 -14 -15
leaf_value=-0.078356210623961364 -0.058869313807687042 -0.048175453300518263 -0.049073330751406297 -0.049354910614234283 0.039643404771334954 0.019564034644980716 0.28505741477655783 -0.055142652759740521 0.079152503547071082 0.0013738500031276193 -0.096825783511613403 0.08609203593192509 0.099526327277468907 0.13979364628727645
leaf_weight=4455.3143835414212 704.23460881484789 96.112145638384391 60.567063763737679 2751.3486925762554 4781.2229918646044 1838.5908496171178 17.838241911828675 200.87053632314309 1295.4981833919883 118.75989983382169 22.048049830511445 2226.5159472927917 49.136724453419447 51.8788589425385
leaf_count=10084559 257199 4762 411 103835 379617 164692 570 306016 61085 14105 289 216259 4044 1188
internal_value=-0.000537416 0.0244222 0.0129322 0.00479027 0.0269961 -0.0217481 -0.0717651 0.0036571 0.0734254 0.0663233 0.0792922 0.0842985 0.00179107 0.0434573
internal_weight=18669.9 13825.3 11431.5 10075.4 5485.46 4589.94 4844.66 389.348 1356.07 188.477 2393.81 2248.56 145.249 170.639
internal_count=11598631 1192193 966839 905343 636816 268527 10406438 321879 61496 15863 225354 216548 8806 15293
is_linear=0
shrinkage=0.1


Tree=157
num_leaves=15
num_cat=0
split_feature=0 4 3 5 2 0 0 2 3 2 2 2 4 3
split_gain=9159.16 4759.36 1007.56 641.833 575.157 489.965 381.38 173.804 168.199 157.624 170.72 148.945 127.724 313.734
threshold=0.22500000149011615 2.3281584978103642 132.68750000000003 3.0405635833740239 2.4528195858001713 0.075000001117587103 0.12500000372529033 -1.0000000180025095e-35 97.812500000000014 2.2028195858001713 2.4528195858001713 2.6250000000000004 6.4972276687622079 91.562500000000014
decision_type=2 2 2 2 2 2 2 2 2 2 2 2 2 2
left_child=1 6 3 5 12 -3 7 -1 -9 -8 -11 -4 -2 -14
right_child=4 2 11 -5 -6 -7 9 8 -10 10 -12 -13 13 -15
leaf_value=0.036157830257864065 -0.080246919677090439 0.00020921242405314667 0.045585371974869414 -0.081897643412973606 0.080140597200943145 0.065159394499620021 0.053160817569978459 0.076251114143252807 0.023154371530540546 -0.071867236487549696 0.080486334853860947 -0.078837903705526458 0.083485825349088549 -0.080480267229408084
leaf_weight=1301.3758014177438 9589.1413083481602 9347.1300983629189 100.95617381576449 852.2951944321394 236.68903117883019 1326.2603556844406 310.7627625009045 15240.358269963894 620.91333783623122 349.10505250701681 93.180915906908922 2046.8587636090815 167.41618348285556 385.17982521606609
leaf_count=434446 1587972 414471 1046 92573 122034 147154 15789 8395599 103634 24666 14512 187678 4951 52106
internal_value=0.0075465 0.0343238 -0.0101068 0.00161143 -0.0739566 0.00827983 0.0682339 0.0712901 0.0741726 -0.00141959 -0.0397693 -0.0729895 -0.0775529 -0.0308046
internal_weight=41967.6 31589.2 13673.5 11525.7 10378.4 10673.4 17915.7 17162.6 15861.3 753.049 442.286 2147.81 10141.7 552.596
internal_count=11598631 9831568 842922 654198 1767063 561625 8988646 8933679 8499233 54967 39178 188724 1645029 57057
is_linear=0
shrinkage=0.1


Tree=158
num_leaves=15
num_cat=0
split_feature=5 5 2 2 3 0 1 0 0 0 4 4 0 0
split_gain=6220 884.369 31.245 11.2121 4.25074 0.0295176 0.00369867 0.00298758 0.0170624 0.027671 0.00136996 0.00118189 0.000982419 0.0006656
threshold=3.0012133121490483 3.00477147102356 2.3278195858001713 2.2028195858001713 94.187500000000014 0.17500000447034839 3.5000000000000004 0.12500000372529033 0.22500000149011615 0.17500000447034839 6.4972276687622079 4.8159308433532724 0.17500000447034839 0.075000001117587103
decision_type=2 2 2 2 2 2 2 2 2 2 2 2 2 2
left_child=6 2 3 5 -5 -2 -1 11 9 -9 -10 -8 -3 -13
right_child=1 12 -4 4 -6 -7 7 8 10 -11 -12 13 -14 -15
leaf_value=-0.086478210572908526 -0.080256752673349932 -0.080057193702183838 -0.080539285311595557 0.080868079397455245 -0.096616704008011034 -0.10685409558603665 -0.080037501582464074 -0.080178398476178803 -0.08006539775923327 -0.083362190702800057 -0.080545976599637331 -0.080162662823390407 -0.084744298248159072 -0.080519394352298754
leaf_weight=0.90503469415125337 3.6980112251185338 369.42745031817321 12.050821770564651 4892.529041480273 1.3497770315734658 0.47032596170902241 4499.4965815574506 72.304787158296676 896.2278939204698 43.85581120691495 63.521043898246717 306.22741691721603 0.44772734251455304 63.076955263735726
leaf_count=170 6997 607151 11113 572245 260 2 8878999 33198 1148140 20307 51770 247871 335 20073
internal_value=-0.00993907 0.0690511 0.0802838 0.0806795 0.0808191 -0.0832578 -0.0800859 -0.0800849 -0.0802357 -0.0813804 -0.0800972 -0.0800516 -0.0800629 -0.0802236
internal_weight=11225.6 5279.97 4910.1 4898.05 4893.88 4.16834 5945.62 5944.71 1075.91 116.161 959.749 4868.8 369.875 369.304
internal_count=11598631 1198103 590617 579504 572505 6999 10400528 10400358 1253415 53505 1199910 9146943 607486 267944
is_linear=0
shrinkage=0.1


Tree=159
num_leaves=15
num_cat=0
split_feature=0 2 2 5 0 3 3 5 5 3 3 3 4 0
split_gain=3942.59 1866.06 201.673 113.086 39.0977 66.5628 453.964 149.914 21.1065 2.90391 0.286923 31.038 41.4401 0.0176722
threshold=0.12500000372529033 2.3278195858001713 2.4528195858001713 2.0556275844573979 0.075000001117587103 65.562500000000014 66.062500000000014 2.0587884187698369 2.0587884187698369 65.562500000000014 65.562500000000014 66.062500000000014 0.68786904215812694 0.22500000149011615
decision_type=2 2 2 2 2 2 2 2 2 2 2 2 2 2
left_child=4 13 3 9 10 -6 7 -7 -5 -3 -1 12 -12 -2
right_child=1 2 -4 8 5 6 -8 -9 -10 -11 11 -13 -14 -15
leaf_value=-0.080031212226746112 -0.081764518450926194 -0.08111629733367004 -0.08007418338954031 0.080630804130723682 -0.080030505376630701 0.1185858713044879 -0.080069334471672554 -0.080905174000529406 -0.12182241424641843 -0.31206566554916115 0.20100904951705956 -0.080072425236316302 -0.073388102235363559 -0.080060641293928425
leaf_weight=1766.8084819876603 65.548733910807641 41.618295437016059 81.2966706075822 4438.1548132272437 965.05605664060568 187.68278802372515 779.24450293736299 47.129264836548828 5.1555032397736786 0.55165582150220771 9.233029000170065 1338.8014523044803 13.62653525918722 853.10654222004814
leaf_count=3850731 21436 5357 139672 527731 2130403 1486 1533811 7942 432 4 4498 2235166 8000 1131962
internal_value=-0.00900808 0.0498605 0.0760199 0.0788491 -0.0722316 -0.0612315 -0.0433408 0.0785459 0.0803959 -0.0841375 -0.0791905 -0.0780996 0.0374415 -0.0801822
internal_weight=10593 5485.43 4566.78 4485.48 5107.58 1979.11 1014.06 234.812 4443.31 42.17 3128.47 1361.66 22.8596 918.655
internal_count=11598631 1826594 673196 533524 9772037 3673642 1543239 9428 528163 5361 6098395 2247664 12498 1153398
is_linear=0
shrinkage=0.1


Tree=160
num_leaves=15
num_cat=0
split_feature=2 0 1 0 1 0 4 1 1 1 0 2 0 3
split_gain=5564.17 296.15 55.7316 10.9424 11.9283 6.18803 3.30354 1.59584 0.321271 0.00440809 0.00231985 0.0179734 0.0253158 0.00315963
threshold=1.0000000180025095e-35 0.17500000447034839 14.500000000000002 0.075000001117587103 19.500000000000004 0.12500000372529033 7.5224084854125985 13.500000000000002 13.500000000000002 4.5000000000000009 0.12500000372529033 2.0778195858001713 0.17500000447034839 65.562500000000014
decision_type=2 2 2 2 2 2 2 2 2 2 2 2 2 2
left_child=1 2 5 4 -4 7 -5 -1 -7 -2 -11 12 -12 -13
right_child=9 -3 3 6 -6 8 -8 -9 -10 10 11 13 -14 -15
leaf_value=-0.078471609039248269 -0.086410718073768489 0.080457950164147848 -0.0062993471071222194 0.035233267062643729 0.033229502076530575 0.021946938460228008 -0.085473703542271448 -0.043453123624255158 0.073940442144575944 -0.080047214358084887 -0.08016123086653458 -0.080717927797529843 -0.084398416004035803 -0.080047277488601076
leaf_weight=63.861407840885477 1.0994566197914526 3999.1215839949436 204.7167274383828 321.68290339456871 121.73578830750193 2.6054897345602503 2.283422060776501 16.344086013268679 2.1851103007793427 4285.1372686238237 33.857499550096691 77.174557479011128 24.164201537147164 782.89546861936105
leaf_count=124975 249 565456 223646 4475 59791 38 99 22377 7 9336836 14911 75184 397 1170190
internal_value=-0.00871398 0.0697329 0.0114108 0.0213622 0.00844116 -0.0647413 0.0343825 -0.0713356 0.0456625 -0.0800795 -0.0800781 -0.0802224 -0.0819259 -0.0801075
internal_weight=9938.86 4734.54 735.415 650.419 326.453 84.9961 323.966 80.2055 4.7906 5204.33 5203.23 918.092 58.0217 860.07
internal_count=11598631 1000864 435408 288011 283437 147397 4574 147352 45 10597767 10597518 1260682 15308 1245374
is_linear=0
shrinkage=0.1


Tree=161
num_leaves=15
num_cat=0
split_feature=4 5 1 3 5 2 4 3 1 5 3 4 2 4
split_gain=2744.66 788.202 542.59 408.595 544.532 216.465 148.137 97.5574 83.2633 90.709 69.2841 66.4872 65.2608 59.0904
threshold=1.6720426678657534 3.00477147102356 15.500000000000002 132.68750000000003 2.483146190643311 2.8750000000000004 -0.51500990986824025 88.812500000000014 15.500000000000002 2.0556275844573979 87.062500000000014 9.1080212593078631 2.0778195858001713 3.5857137441635136
decision_type=2 2 2 2 2 2 2 2 2 2 2 2 2 2
left_child=5 2 11 4 -4 -1 8 10 -7 -10 -3 -2 -9 -14
right_child=1 7 3 -5 -6 6 -8 12 9 -11 -12 -13 13 -15
leaf_value=-0.077987301738421444 -0.067228375426960682 0.061679734431703728 0.036341675986272533 0.074915869468064195 -0.012639819921612212 -0.12944214095394799 -0.064418650181769385 -0.095028984960087312 0.31026205784545113 0.063581967288436236 -0.081039972697805371 0.057481661133615108 0.18190162472494467 0.083223837255325769
leaf_weight=3803.2561525844485 891.4577090763778 75.492624083126429 4426.1393147286726 1132.8498350563459 4658.4150139764533 19.676198889866157 167.77063369640371 20.020356870547403 16.549521162826807 150.17074502375908 61.908796124334913 44.903266769368201 62.742367816565093 1850.2501971051097
leaf_count=10007807 376346 6166 416088 60668 192568 554 302555 296 328 14981 2750 1247 1242 215035
internal_value=-0.000152611 0.022128 0.0116095 0.0182865 0.0112247 -0.0710241 0.00375064 0.0787932 0.0651081 0.0880687 -0.00262532 -0.0612479 0.0845806 0.0864603
internal_weight=17381.6 13224.2 11153.8 10217.4 9084.55 4157.42 354.167 2070.41 186.396 166.72 137.401 936.361 1933.01 1912.99
internal_count=11598631 1272406 1046917 669324 608656 10326225 318418 225489 15863 15309 8916 377593 216573 216277
is_linear=0
shrinkage=0.1


Tree=162
num_leaves=15
num_cat=0
split_feature=0 4 5 2 5 2 0 3 2 2 2 2 4 3
split_gain=7615.54 4075.47 849.325 593.505 647.797 496.966 326.433 240.129 181 175.654 127.229 142.881 110.532 268.216
threshold=0.22500000149011615 2.3281584978103642 3.0405635833740239 2.8750000000000004 2.0556275844573979 2.4528195858001713 0.12500000372529033 79.062500000000014 1.0000000180025095e-35 2.8750000000000004 2.2028195858001713 2.4528195858001713 6.4972276687622079 91.562500000000014
decision_type=2 2 2 2 2 2 2 2 2 2 2 2 2 2
left_child=1 6 3 7 -5 12 8 -3 -1 -10 -8 -12 -2 -14
right_child=5 2 -4 4 -6 -7 10 -9 9 -11 11 -13 13 -15
leaf_value=0.032951262971365219 -0.080164473547357687 0.052508916885413662 -0.078049618136962304 -0.1102166449714122 -0.0086106829346861286 0.080122450801345724 0.049100148864442764 0.0083215868403068664 0.076077076196528037 0.027799663676556532 -0.069962193737446055 0.080417427850228262 0.08304177184359024 -0.080408801903503871
leaf_weight=1213.4087504751551 8178.727952692192 2034.7550373271806 1561.8324519603048 705.66684631444514 5663.3026993231615 204.90525268425699 287.16424332698807 3108.9509818257065 12872.991362814908 800.5164887527244 305.36939469818026 79.665780912153423 144.59202126972377 328.44458827283233
leaf_count=434446 1587972 240157 216669 41180 199235 122034 15789 145681 8209682 289551 24666 14512 4951 52106
internal_value=0.00723822 0.0323044 -0.00885138 0.000536196 -0.0198684 -0.0738007 0.0668881 0.0258013 0.0699659 0.0732507 -0.00127639 -0.0388479 -0.0774462 -0.0304472
internal_weight=37490.3 28633.6 13074.5 11512.7 6368.97 8856.67 15559.1 5143.71 14886.9 13673.5 672.199 385.035 8651.76 473.037
internal_count=11598631 9831568 842922 626253 240415 1767063 8988646 385838 8933679 8499233 54967 39178 1645029 57057
is_linear=0
shrinkage=0.1


Tree=163
num_leaves=15
num_cat=0
split_feature=5 5 2 2 0 0 1 0 0 0 0 5 4 2
split_gain=5340.06 755.37 27.6239 9.71339 4.04772 0.0204738 0.00371994 0.00230335 0.0130312 0.0210309 0.00101355 0.000919155 0.00087784 0.000485132
threshold=3.0012133121490483 3.00477147102356 2.3278195858001713 2.2028195858001713 0.12500000372529033 0.17500000447034839 3.5000000000000004 0.12500000372529033 0.22500000149011615 0.17500000447034839 0.17500000447034839 2.4146019220352177 4.8159308433532724 2.6250000000000004
decision_type=2 2 2 2 2 2 2 2 2 2 2 2 2 2
left_child=6 2 3 5 -5 -2 -1 12 9 -9 -3 -10 -8 -12
right_child=1 10 -4 4 -6 -7 7 8 11 -11 13 -13 -14 -15
leaf_value=-0.086570097576834509 -0.080243488638967145 -0.080050574008460634 -0.080494608125509348 0.11345858685644811 0.080484205783394228 -0.10332680479021727 -0.080032961336905004 -0.080157439351134674 -0.08008508420126241 -0.083111248952486588 -0.087282768418340387 -0.08386014653041815 -0.080202480686671226 -0.080035110939126367
leaf_weight=0.88265903230057929 3.1861651316576167 315.71427263617807 10.666441523266256 37.563975895929616 4149.2572499010712 0.43693198263645161 3878.3878716298495 63.074068302230444 817.88335491728503 39.013402211741777 0.28678764402866264 0.64548022960661811 331.59318850695854 0.13622524420497939
leaf_count=170 6997 607151 11113 607 571898 2 8878999 33198 1199600 20307 3 310 267944 332
internal_value=-0.010279 0.0690117 0.0802293 0.0806384 0.0807801 -0.0830273 -0.0800788 -0.0800776 -0.0802209 -0.0812863 -0.0800571 -0.0800881 -0.0800463 -0.0849488
internal_weight=9648.73 4517.25 4201.11 4190.44 4186.82 3.6231 5131.48 5130.6 920.616 102.087 316.137 818.529 4209.98 0.423013
internal_count=11598631 1198103 590617 579504 572505 6999 10400528 10400358 1253415 53505 607486 1199910 9146943 335
is_linear=0
shrinkage=0.1


Tree=164
num_leaves=15
num_cat=0
split_feature=0 2 3 3 0 3 3 5 5 2 3 3 2 0
split_gain=3335.51 1591.99 173.145 110.771 43.5081 71.6966 436.724 139.37 7.02264 0.428691 0.328213 31.2385 38.3102 0.012921
threshold=0.12500000372529033 2.3278195858001713 65.562500000000014 66.062500000000014 0.075000001117587103 65.562500000000014 66.062500000000014 2.0556275844573979 2.0556275844573979 2.4528195858001713 65.562500000000014 66.062500000000014 2.4528195858001713 0.22500000149011615
decision_type=2 2 2 2 2 2 2 2 2 2 2 2 2 2
left_child=4 13 -3 8 10 -6 7 -7 -4 -5 -1 12 -12 -2
right_child=1 2 3 9 5 6 -8 -9 -10 -11 11 -13 -14 -15
leaf_value=-0.080027314463262542 -0.081606784967563684 -0.080628724178531758 -0.29109968011945753 -0.11407005687174794 -0.080026202461304513 -0.089836384128311297 -0.080061410832516194 0.11526220976514721 0.08052854950936722 -0.08007108368547472 0.18067162021255148 -0.080066796145329064 -0.080412679316501284 -0.080055546503985539
leaf_weight=1524.9596631824932 57.975092549313558 69.442942368710646 0.50855867750942607 4.1148040061816564 826.40414096042514 40.118480402976274 670.28143493807875 190.24316538195126 3793.5368018145673 37.570547107112361 10.319150986266322 1168.7991305016515 12.342353041982278 727.41492026404012
leaf_count=3850731 21436 74978 6 74 2130403 989 1533811 8439 527757 70381 2778 2235166 9720 1131962
internal_value=-0.00907858 0.0497378 0.0758643 0.0786975 -0.0711657 -0.0587557 -0.0392386 0.0795434 0.0804787 -0.0834272 -0.0790557 -0.0778121 0.0384748 -0.0801701
internal_weight=9134.03 4690.56 3905.17 3835.73 4443.47 1727.05 900.643 230.362 3794.05 41.6854 2716.42 1191.46 22.6615 785.39
internal_count=11598631 1826594 673196 598218 9772037 3673642 1543239 9428 527763 70455 6098395 2247664 12498 1153398
is_linear=0
shrinkage=0.1


Tree=165
num_leaves=15
num_cat=0
split_feature=3 0 1 0 1 0 4 1 1 1 0 2 0 3
split_gain=4764.69 266.276 50.7021 9.16078 10.0503 6.06209 2.89661 1.70549 0.263851 0.00441583 0.00180961 0.0131303 0.01825 0.00271626
threshold=1.0000000180025095e-35 0.17500000447034839 14.500000000000002 0.075000001117587103 19.500000000000004 0.12500000372529033 7.5224084854125985 13.500000000000002 13.500000000000002 4.5000000000000009 0.12500000372529033 2.0778195858001713 0.17500000447034839 65.562500000000014
decision_type=2 2 2 2 2 2 2 2 2 2 2 2 2 2
left_child=1 2 5 4 -4 7 -5 -1 -7 -2 -11 12 -12 -13
right_child=9 -3 3 6 -6 8 -8 -9 -10 10 11 13 -14 -15
leaf_value=-0.078283468678065404 -0.086481079354696788 0.080390181468630376 -0.0033532467799359429 0.035230581440424277 0.033196392931643226 0.024524269182157346 -0.084876739323842543 -0.04054285409898041 0.071847777651750017 -0.080043055171268584 -0.080141824751471788 -0.080710051736860342 -0.083947444933362272 -0.080040950625219931
leaf_weight=57.140098380623385 1.0753947691700876 3412.4949810630642 196.86002291529439 322.61883347760886 121.77131409512367 2.5546101219952098 2.0205191769637159 15.148126748448702 2.1865991950035095 3702.3090188269016 29.790336323319934 66.736220662423875 21.83903097268194 667.68190633662743
leaf_count=124975 249 565456 223646 4475 59791 38 99 22377 7 9336836 14911 75184 397 1170190
internal_value=-0.00875014 0.0687284 0.0134795 0.0226604 0.0106149 -0.0631904 0.034483 -0.0703749 0.0463494 -0.0800738 -0.0800723 -0.0802101 -0.0817516 -0.0801018
internal_weight=8622.23 4132.8 720.3 643.271 318.631 77.0294 324.639 72.2882 4.74121 4489.43 4488.36 786.047 51.6294 734.418
internal_count=11598631 1000864 435408 288011 283437 147397 4574 147352 45 10597767 10597518 1260682 15308 1245374
is_linear=0
shrinkage=0.1


Tree=166
num_leaves=15
num_cat=0
split_feature=2 3 0 5 3 5 4 2 2 4 1 4 3 1
split_gain=2277.28 804.942 668.052 511.178 1182.1 1036.72 128.102 72.3394 69.5744 42.3439 51.7012 21.9941 19.9141 19.2442
threshold=2.6250000000000004 132.68750000000003 0.075000001117587103 2.0556275844573979 65.562500000000014 2.082067728042603 7.6454300880432138 2.0778195858001713 2.4528195858001713 4.1734840869903573 17.500000000000004 3.7634117603302006 76.312500000000014 16.500000000000004
decision_type=2 2 2 2 2 2 2 2 2 2 2 2 2 2
left_child=6 2 3 4 -2 -5 11 -8 -9 -4 -11 -1 -10 -13
right_child=1 -3 9 5 -6 -7 7 8 12 10 -12 13 -14 -15
leaf_value=-0.079815807037917991 -0.037111682770445346 0.078500112493813626 -0.078149252246899475 -0.11460305737335548 0.13603595308392935 0.018072166048259276 -0.08491929212188587 0.13236887564085939 0.064546240737769683 -0.07426296358293831 -0.012436129981878831 -0.086288965457361325 -0.035750681027859992 -0.047268608631633076
leaf_weight=2692.9304339855153 646.91411122338604 1976.1803176526664 659.37910679366905 640.78706132972729 1009.7146218688072 7281.2641660631925 65.75627896306105 53.601334118866362 27.105839775875211 247.60738847914035 298.07096124894451 179.16424309738795 73.411353993695229 429.1012616903754
leaf_count=7440430 594988 188711 1598811 384770 72529 1066796 3750 1205 117 83264 14836 104118 964 43342
internal_value=0.000181922 0.0198283 0.00907631 0.0179045 0.0684217 0.00734053 -0.0710139 0.00289367 0.04036 -0.0610966 -0.0404907 -0.0759365 -0.00870424 -0.058762
internal_weight=16281 12759.9 10783.7 9578.68 1656.63 7922.05 3521.07 219.875 154.119 1205.06 545.678 3301.2 100.517 608.266
internal_count=11598631 4004705 3815994 2119083 667517 1451566 7593926 6036 2286 1696911 98100 7587890 1081 147460
is_linear=0
shrinkage=0.1


Tree=167
num_leaves=15
num_cat=0
split_feature=0 4 3 4 2 2 2 0 3 3 2 4 2 0
split_gain=6332.96 3475.12 752.969 492.623 426.414 347.987 281.767 278.834 186.414 186.513 132.713 109.372 99.332 99.1401
threshold=0.22500000149011615 2.3281584978103642 132.68750000000003 6.4972276687622079 2.4528195858001713 2.6250000000000004 2.8750000000000004 0.12500000372529033 1.0000000180025095e-35 97.812500000000014 2.6250000000000004 -0.51500990986824025 2.2028195858001713 0.075000001117587103
decision_type=2 2 2 2 2 2 2 2 2 2 2 2 2 2
left_child=1 7 3 5 -2 -3 -5 8 13 -10 -4 12 -9 -1
right_child=4 2 10 6 -6 -7 -8 11 9 -11 -12 -13 -14 -15
leaf_value=0.046408762999694667 -0.077345285306667205 0.068753450574125893 0.044386544672644433 -0.0018510156464293989 0.080108992733799608 0.0066358300208489143 -0.065075171715761965 0.028636446132945317 0.074941114614021684 0.014394435162639403 -0.076676058393432903 0.073257665234340963 -0.066010418066200602 -0.022716569586078546
leaf_weight=865.68609274109622 7380.9275865359232 1034.8751094355248 96.016026305966079 1388.6113089104183 176.101510157343 7015.9082736194832 1431.6212744330987 193.62105485377833 11278.94669392236 532.81162384437266 1590.903537534643 148.75091209856328 259.50155821756925 272.88069674838334
leaf_count=424087 1645029 184802 1046 29715 122034 245971 193710 9217 8395599 103634 187678 19589 26161 10359
internal_value=0.00694131 0.0302743 -0.00762451 0.00202136 -0.0736761 0.0146206 -0.0339452 0.0653927 0.068485 0.0722099 -0.0697854 -0.00114317 -0.0255674 0.0298415
internal_weight=33667.2 26110.1 12557.9 10871 7557.03 8050.78 2820.23 13552.2 12950.3 11811.8 1686.92 601.874 453.123 1138.57
internal_count=11598631 9831568 842922 654198 1767063 430773 223425 8988646 8933679 8499233 188724 54967 35378 434446
is_linear=0
shrinkage=0.1


Tree=168
num_leaves=15
num_cat=0
split_feature=5 5 2 2 3 0 1 0 0 0 0 5 4 2
split_gain=4583.12 646.254 24.4671 8.40521 4.20241 0.0143745 0.00372784 0.00180258 0.0100234 0.0161283 0.00101559 0.000972174 0.000700999 0.000422758
threshold=3.0012133121490483 3.00477147102356 2.3278195858001713 2.2028195858001713 94.187500000000014 0.17500000447034839 3.5000000000000004 0.12500000372529033 0.22500000149011615 0.17500000447034839 0.17500000447034839 2.4146019220352177 4.8159308433532724 2.6250000000000004
decision_type=2 2 2 2 2 2 2 2 2 2 2 2 2 2
left_child=6 2 3 5 -5 -2 -1 12 9 -9 -3 -10 -8 -12
right_child=1 10 -4 4 -6 -7 7 8 11 -11 13 -13 -14 -15
leaf_value=-0.086644986795099535 -0.080223702815726078 -0.080045000463674243 -0.08046578172680513 0.080800900818020438 -0.096432808954665994 -0.10041105229955501 -0.080029129012466102 -0.080140857454059966 -0.080077448162653067 -0.082888922308916216 -0.08717488220202374 -0.084126936418040435 -0.080188900048665607 -0.080032300513063703
leaf_weight=0.86298121261552196 2.7399463330220892 270.33344695468986 9.4573651470709574 3576.8842432987876 1.3383466468658287 0.40483950078487385 3346.5650663133756 55.331108695769217 697.48157857268234 34.781992436328437 0.28323919326066871 0.59335275893681583 299.16174234898062 0.11713779513956979
leaf_count=170 6997 607151 11113 572245 260 2 8878999 33198 1199600 20307 3 310 267944 332
internal_value=-0.0107173 0.0689338 0.0801668 0.080591 0.0807346 -0.0828225 -0.0800732 -0.0800719 -0.080209 -0.0812016 -0.0800525 -0.0800809 -0.0800422 -0.0850852
internal_weight=8296.34 3861.56 3590.82 3581.37 3578.22 3.14479 4434.78 4433.91 788.188 90.1131 270.734 698.075 3645.73 0.400377
internal_count=11598631 1198103 590617 579504 572505 6999 10400528 10400358 1253415 53505 607486 1199910 9146943 335
is_linear=0
shrinkage=0.1


Tree=169
num_leaves=15
num_cat=0
split_feature=0 2 3 3 0 3 3 5 5 3 3 5 2 0
split_gain=2817.02 1358.53 149.441 96.2095 48.1447 76.3902 417.932 133.743 6.43542 0.374173 31.7706 34.9212 0.354952 0.00944286
threshold=0.12500000372529033 2.3278195858001713 65.562500000000014 66.062500000000014 0.075000001117587103 65.562500000000014 66.062500000000014 2.0587884187698369 2.0587884187698369 65.562500000000014 66.062500000000014 2.0587884187698369 2.4528195858001713 0.22500000149011615
decision_type=2 2 2 2 2 2 2 2 2 2 2 2 2 2
left_child=4 13 -3 8 9 -6 7 -7 -4 -1 11 -11 -5 -2
right_child=1 2 3 12 5 6 -8 -9 -10 10 -12 -13 -14 -15
leaf_value=-0.080023694647016641 -0.081462105538128535 -0.080623415928822995 0.080466635317645197 -0.11169226209738642 -0.080022600073619179 0.11634668220442441 -0.080057317259118174 -0.080816516971829067 -0.14596566018974902 0.17081363720688322 -0.080062085925009241 -0.080153526361558827 -0.080063182991084295 -0.080051888742254551
leaf_weight=1315.0904338660505 51.418083131982712 60.049724663578672 3240.6483428715728 3.9872399540618053 709.36573417190812 185.46453911438584 581.16677879568306 42.240687599638477 1.255650259554385 10.706159193534406 1020.5186680374006 11.49987911924836 32.216006702074083 620.32148986536777
leaf_count=3850731 21436 74978 527722 74 2130403 1486 1533811 7942 41 1135 2235166 11363 70381 1131962
internal_value=-0.00916764 0.0495943 0.0757049 0.0785685 -0.0699587 -0.0560699 -0.0350639 0.0797717 0.0803789 -0.078902 -0.0774872 0.0408448 -0.0835466 -0.0801598
internal_weight=7885.95 4009.9 3338.16 3278.11 3876.05 1518.24 808.872 227.705 3241.9 2357.82 1042.72 22.206 36.2032 671.74
internal_count=11598631 1826594 673196 598218 9772037 3673642 1543239 9428 527763 6098395 2247664 12498 70455 1153398
is_linear=0
shrinkage=0.1


Tree=170
num_leaves=15
num_cat=0
split_feature=2 0 1 0 0 1 4 1 1 1 0 2 0 3
split_gain=4072.38 252.609 44.0741 5.76032 4.02444 8.52622 2.46236 1.79337 0.222094 0.00438221 0.00148532 0.00938671 0.0130797 0.00253835
threshold=1.0000000180025095e-35 0.17500000447034839 14.500000000000002 0.12500000372529033 0.075000001117587103 19.500000000000004 7.5224084854125985 13.500000000000002 13.500000000000002 4.5000000000000009 0.12500000372529033 2.0778195858001713 0.17500000447034839 65.562500000000014
decision_type=2 2 2 2 2 2 2 2 2 2 2 2 2 2
left_child=1 2 3 7 5 -4 -6 -1 -5 -2 -11 12 -12 -13
right_child=9 -3 4 8 6 -7 -8 -9 -10 10 11 13 -14 -15
leaf_value=-0.078063654121527895 -0.086517589363413069 0.080333111841560903 0.00053797867672164849 0.02488014700553463 0.030340291483104798 0.034659521574706441 -0.084544956970749319 -0.037849315061944229 0.068320056836950346 -0.080039316884455355 -0.080126755106280312 -0.080707035986269757 -0.083534986304853148 -0.080035473350263509
leaf_weight=50.840675287210615 1.0537082321820879 2916.9272067039274 187.36182061542058 2.5477147549390784 334.63067301129922 120.22094205801841 1.8760750223882485 14.183010374894364 2.1874945759773254 3200.4971948939979 26.390281714615412 62.454982523602666 19.639713996089995 569.55452735026483
leaf_count=124975 249 565456 223646 38 4475 59791 99 22377 7 9336836 14911 75184 397 1170190
internal_value=-0.00883342 0.0672845 0.0139651 -0.0615375 0.0221425 0.0138746 0.0296998 -0.0692921 0.0449478 -0.0800696 -0.0800678 -0.0802022 -0.081581 -0.0801018
internal_weight=7510.37 3630.78 713.848 69.7589 644.09 307.583 336.507 65.0237 4.73521 3879.59 3878.54 678.04 46.03 632.01
internal_count=11598631 1000864 435408 147397 288011 283437 4574 147352 45 10597767 10597518 1260682 15308 1245374
is_linear=0
shrinkage=0.1


Tree=171
num_leaves=15
num_cat=0
split_feature=2 5 0 5 3 5 3 4 2 4 3 2 2 4
split_gain=1894.6 732.767 532.757 511.301 1086.57 882.472 171.119 121.845 90.7759 82.3281 270.478 64.2322 60.1673 49.7639
threshold=2.6250000000000004 2.9883444309234624 0.075000001117587103 2.0556275844573979 64.812500000000014 2.082067728042603 88.812500000000014 7.6454300880432138 2.8750000000000004 3.5857137441635136 101.93750000000001 2.0778195858001713 2.4528195858001713 4.1734840869903573
decision_type=2 2 2 2 2 2 2 2 2 2 2 2 2 2
left_child=7 2 3 4 -2 -5 8 -1 -3 10 -8 -9 -13 -4
right_child=1 6 13 5 -6 -7 9 11 -10 -11 -12 12 -14 -15
leaf_value=-0.074953786858344876 -0.035990719732949261 -0.0631182607920662 -0.077990959091353798 -0.11088936822830076 0.13545342431750157 0.015308278358792707 0.62921658251830381 -0.084425696104665715 0.10585804698587871 0.082648611550272033 0.11427381116215217 0.12345691323147673 -0.0078196089467885057 -0.035533142629885876
leaf_weight=2870.3366405215784 607.31881052427764 121.44972300343215 570.56541966072109 601.1108903507411 944.69942937966096 7087.1733865279821 11.713065247633493 60.490908371750265 43.065347709227353 1491.7661160898861 78.980610799742863 53.046074889251031 102.13302952842787 534.81986891341512
leaf_count=7587890 593364 135084 1538373 385220 76345 953958 108 3750 4178 218410 2273 1205 1081 97392
internal_value=0.000429513 0.0182771 0.00816164 0.0160104 0.0683658 0.00544148 0.0781814 -0.0695071 -0.0188851 0.0882726 0.180779 0.00298269 0.0370557 -0.0574485
internal_weight=15178.7 12092.7 10345.7 9240.3 1552.02 7688.28 1746.97 3086.01 164.515 1582.46 90.6937 215.67 155.179 1105.39
internal_count=11598631 4004705 3644652 2008887 669709 1339178 360053 7593926 139262 220791 2381 6036 2286 1635765
is_linear=0
shrinkage=0.1


Tree=172
num_leaves=15
num_cat=0
split_feature=0 4 5 0 1 2 0 3 2 3 4 3 4 2
split_gain=5257.78 2942.77 673.204 429.386 432.683 361.413 239.105 188.595 193.465 140.154 105.259 217.312 89.774 81.4098
threshold=0.22500000149011615 2.3281584978103642 2.9883444309234624 0.075000001117587103 15.500000000000002 2.4528195858001713 0.12500000372529033 1.0000000180025095e-35 2.8750000000000004 88.812500000000014 6.4972276687622079 91.562500000000014 -0.51500990986824025 2.2028195858001713
decision_type=2 2 2 2 2 2 2 2 2 2 2 2 2 2
left_child=1 6 3 4 -3 10 7 -1 -9 -4 -2 -12 13 -8
right_child=5 2 9 -5 -6 -7 12 8 -10 -11 11 -13 -14 -15
leaf_value=0.026978718674301745 -0.080012527390254551 0.064885543982356422 0.024563011070592652 0.060511231484094444 -0.011451978805525228 0.080093124674980282 0.025625914472152914 0.074701430188640588 0.019523649654918627 -0.080875549581392384 0.082640331919825893 -0.080297279409479144 0.070831894206321494 -0.063860771205280428
leaf_weight=1073.9012280429015 5965.3772087569814 813.05035215849057 139.57380942103919 1126.7412510968279 8556.254312529345 150.25619042397011 183.11267433129251 9549.8394198399019 680.73409982636986 1302.8632181492867 124.35343746840954 239.50649459520355 131.57595590944402 228.55168835551012
leaf_count=434446 1587972 95611 9129 146189 369705 122034 9217 8209682 289551 222288 4951 52106 19589 26161
internal_value=0.00666923 0.028423 -0.00661657 0.00218651 -0.00482755 -0.0731887 0.063731 0.0668452 0.0710299 -0.0706731 -0.0768276 -0.0246114 -0.00107371 -0.0240561
internal_weight=30265.7 23786.2 11938.5 10496 9369.3 6479.49 11847.7 11304.5 10230.6 1442.44 6329.24 363.86 543.24 411.664
internal_count=11598631 9831568 842922 611505 465316 1767063 8988646 8933679 8499233 231417 1645029 57057 54967 35378
is_linear=0
shrinkage=0.1


Tree=173
num_leaves=15
num_cat=0
split_feature=5 5 2 2 0 0 1 0 0 0 5 0 4 2
split_gain=3934.58 560.387 21.5763 7.2658 3.85353 0.00952674 0.00370352 0.00148335 0.00714586 0.0118093 0.000979156 0.000811357 0.000557711 0.000312919
threshold=3.0012133121490483 3.00477147102356 2.3278195858001713 2.2028195858001713 0.12500000372529033 0.17500000447034839 3.5000000000000004 0.12500000372529033 0.22500000149011615 0.17500000447034839 2.4146019220352177 0.17500000447034839 4.8159308433532724 2.6250000000000004
decision_type=2 2 2 2 2 2 2 2 2 2 2 2 2 2
left_child=6 2 3 5 -5 -2 -1 12 9 -9 -10 -3 -8 -13
right_child=1 11 -4 4 -6 -7 7 8 10 -11 -12 13 -14 -15
leaf_value=-0.086690494683028363 -0.08021253942685623 -0.080040411117336174 -0.080429400784668245 0.11364130511508042 0.080349935442180692 -0.097506940699785799 -0.080025760390677714 -0.080128374565974658 -0.08007891923932578 -0.082623249204178878 -0.084201913640453777 -0.08658385921628059 -0.080176780126320235 -0.080029306828636237
leaf_weight=0.84448594247805786 2.3595420228375583 234.69851778617885 8.3448494735348486 35.173273544583935 3027.2562735956162 0.36822445690631855 2886.8710378502119 49.314324481150834 599.11761083145393 30.836251434637234 0.57655964762670819 0.26287206262349982 267.16621141086216 0.1007522665313445
leaf_count=170 6997 607151 11113 607 571898 2 8878999 33198 1199600 20307 310 3 267944 332
internal_value=-0.0111318 0.0687683 0.0801498 0.080587 0.0807323 -0.0825471 -0.0800689 -0.0800674 -0.0802014 -0.0810882 -0.0800829 -0.0800477 -0.0800386 -0.0847677
internal_weight=7143.29 3308.56 3073.5 3065.16 3062.43 2.72777 3834.73 3833.88 679.845 80.1506 599.694 235.062 3154.04 0.363624
internal_count=11598631 1198103 590617 579504 572505 6999 10400528 10400358 1253415 53505 1199910 607486 9146943 335
is_linear=0
shrinkage=0.1


Tree=174
num_leaves=15
num_cat=0
split_feature=0 2 3 3 0 3 3 5 5 3 3 4 2 0
split_gain=2374.58 1157.31 139.131 83.5821 52.6748 80.4991 398.177 127.702 5.71187 0.426419 32.3592 34.5279 0.276916 0.00673863
threshold=0.12500000372529033 2.3278195858001713 65.562500000000014 66.062500000000014 0.075000001117587103 65.562500000000014 66.062500000000014 2.0556275844573979 2.0556275844573979 65.562500000000014 66.062500000000014 -0.51500990986824025 2.4528195858001713 0.22500000149011615
decision_type=2 2 2 2 2 2 2 2 2 2 2 2 2 2
left_child=4 13 -3 8 9 -6 7 -7 -4 -1 11 -11 -5 -2
right_child=1 2 3 12 5 6 -8 -9 -10 10 -12 -13 -14 -15
leaf_value=-0.08002073147970179 -0.081315639141718798 -0.080623518247279535 -0.23891876405863349 -0.1094929563541288 -0.080019647137264213 -0.089538620471008412 -0.0800540174900643 0.11373947049978553 0.080366627642660129 0.38958498925618557 -0.080057031728014927 -0.0024435638395524399 -0.080058702313866539 -0.080049613034135589
leaf_weight=1133.8067396656811 45.672149338803138 56.071412909979699 0.56041270634159346 3.6094139947090325 609.58042637136532 37.020796444267035 504.26745831845619 187.04717303824145 2775.7711310819723 2.5451615301863084 890.27073951161447 19.155305526364828 27.923291653423803 528.9926632597053
leaf_count=3850731 21436 74978 6 74 2130403 989 1533811 8439 527757 622 2235166 11876 70381 1131962
internal_value=-0.00916236 0.0493615 0.0753488 0.0784635 -0.0686359 -0.0532075 -0.0307671 0.0801536 0.0803022 -0.0787259 -0.0771161 0.0435359 -0.0834279 -0.0801502
internal_weight=6822.29 3438.6 2863.94 2807.86 3383.69 1337.92 728.335 224.068 2776.33 2045.78 911.971 21.7005 31.5327 574.665
internal_count=11598631 1826594 673196 598218 9772037 3673642 1543239 9428 527763 6098395 2247664 12498 70455 1153398
is_linear=0
shrinkage=0.1


Tree=175
num_leaves=15
num_cat=0
split_feature=3 0 1 1 0 0 0 1 1 0 2 0 3 0
split_gain=3484.6 232.966 39.788 6.07027 4.46917 4.15419 2.54761 0.0305065 0.00436532 0.00114006 0.00682027 0.00946787 0.00200038 0.000382967
threshold=1.0000000180025095e-35 0.17500000447034839 13.500000000000002 16.500000000000004 0.075000001117587103 0.12500000372529033 0.12500000372529033 12.500000000000002 4.5000000000000009 0.12500000372529033 2.0778195858001713 0.17500000447034839 65.562500000000014 0.22500000149011615
decision_type=2 2 2 2 2 2 2 2 2 2 2 2 2 2
left_child=1 2 6 4 -4 -5 7 -1 13 -10 11 -11 -12 -2
right_child=8 -3 3 5 -6 -7 -8 -9 9 10 12 -13 -14 -15
leaf_value=-0.08002529142401843 -0.080071381177499235 0.080283980423738674 -0.049179379780660226 0.02154567995742095 0.011575274923579886 0.04846595114621683 0.024911440611998459 -0.074789317935702634 -0.080035445098971397 -0.080113697660997518 -0.080671206763986592 -0.083179446046499905 -0.080030717745748617 -0.087128971943406477
leaf_weight=26.699658022757831 0.083648436381735136 2489.0941401026212 19.44747539711534 540.37634121254086 32.081761555280536 64.125107899308205 2.5471028164029113 19.078959715086967 2768.8243388232204 23.439947022590786 54.202418484579539 17.665231614606455 485.88731608285161 0.95107557011942845
leaf_count=73081 219 565456 40181 268064 1828 322 38 51894 9336836 14911 75184 397 1170190 30
internal_value=-0.00883176 0.0659161 0.0151422 0.0215929 -0.0113539 0.0244014 -0.0724272 -0.0778431 -0.0800642 -0.0800622 -0.0801895 -0.0814312 -0.080095 -0.0865584
internal_weight=6544.5 3193.45 704.356 656.031 51.5292 604.501 48.3257 45.7786 3351.05 3350.02 581.195 41.1052 540.09 1.03472
internal_count=11598631 1000864 435408 310395 42009 268386 125013 124975 10597767 10597518 1260682 15308 1245374 249
is_linear=0
shrinkage=0.1


Tree=176
num_leaves=15
num_cat=0
split_feature=2 3 0 5 3 5 4 1 2 5 4 1 2 1
split_gain=1603.39 652.691 448.267 469.593 1006.7 795.148 117.739 66.6896 54.6885 63.0531 47.4373 49.8132 19.2659 22.9031
threshold=2.6250000000000004 132.68750000000003 0.075000001117587103 2.0556275844573979 65.562500000000014 2.082067728042603 5.2396721839904794 16.500000000000004 2.3278195858001713 1.5365180373191836 3.9684479236602788 17.500000000000004 2.8750000000000004 15.500000000000002
decision_type=2 2 2 2 2 2 2 2 2 2 2 2 2 2
left_child=6 2 3 4 -2 -5 -1 -8 -9 -10 -4 -12 13 -3
right_child=1 12 10 5 -6 -7 7 8 9 -11 11 -13 -14 -15
leaf_value=-0.077982140161739225 -0.032260975708630089 -0.041678672664988578 -0.078124483994189003 -0.10999723552392021 0.13767511137044916 0.013837893014927077 -0.089439313457073399 -0.077232216193651504 0.23484034422024755 0.0062493779115489756 -0.069638177818047264 -0.0072138334214736678 0.082413561269132046 0.062352738644826426
leaf_weight=2236.7720804670826 596.56582759597643 22.767256977967918 488.19219895453716 560.17155819047184 838.68642961235798 6972.4303170050407 119.39849793497706 79.944395492551848 12.596374567365272 286.95644181931857 228.36092226672918 290.37825040810276 1251.5067750811395 300.22527998546138
leaf_count=7500668 594988 298 1595644 384770 72529 1066796 79714 5162 120 8262 85462 15805 168697 19716
internal_value=0.000653259 0.0169588 0.00751392 0.0146174 0.0670408 0.00462874 -0.0681845 -0.0242571 -0.00374929 0.0158618 -0.0557507 -0.0346945 0.076794 0.0550197
internal_weight=14285 11549.3 9974.79 8967.85 1435.25 7532.6 2735.67 498.896 379.497 299.553 1006.93 518.739 1574.5 322.993
internal_count=11598631 4004705 3815994 2119083 667517 1451566 7593926 93258 13544 8382 1696911 101267 188711 20014
is_linear=0
shrinkage=0.1


Tree=177
num_leaves=15
num_cat=0
split_feature=0 4 3 5 5 2 2 3 3 2 0 4 3 3
split_gain=4370.55 2500.21 596.756 385.892 407.125 309.669 232.45 190.911 771.713 110.57 103.152 90.4347 185.403 81.2179
threshold=0.22500000149011615 2.0684459209442143 132.68750000000003 3.0405635833740239 2.6154246330261235 2.4528195858001713 1.0000000180025095e-35 65.562500000000014 66.062500000000014 2.6250000000000004 0.075000001117587103 6.4972276687622079 91.562500000000014 88.812500000000014
decision_type=2 2 2 2 2 2 2 2 2 2 2 2 2 2
left_child=1 6 3 4 -3 11 10 -8 -9 -4 -1 -2 -13 -5
right_child=5 2 9 13 -6 -7 7 8 -10 -11 -12 12 -14 -15
leaf_value=0.040569575996638678 -0.079937373068342518 -0.0089327515471739286 0.038394367667636105 0.0043268380609934815 0.033111725817990739 0.080080118016502819 0.079965424762766385 -0.085415014794094871 0.065377087763148864 -0.074773083166346843 -0.02434970954597657 0.082289378188076842 -0.080253208202911375 -0.095337850354836939
leaf_weight=738.25788272696082 5087.8913944046944 5844.1669290137943 92.554222100414336 99.367470999131911 3800.990896384581 128.9321812230628 5288.0931857924916 375.86663301335602 3497.127078529255 1285.0936225820333 366.14248041831888 106.91217551380396 204.22391931014135 461.58017233043211
leaf_count=424087 1587972 481409 1047 7097 165669 122034 5348102 38440 3081090 187729 11102 4951 52106 85796
internal_value=0.0063552 0.0264525 -0.00539204 0.00294694 0.00763625 -0.0730793 0.0623864 0.0676112 0.050743 -0.0671702 0.0190468 -0.0767369 -0.0244005 -0.077683
internal_weight=27377.2 21849.2 11583.8 10206.1 9645.16 5527.96 10265.5 9161.09 3872.99 1377.65 1104.4 5399.03 311.136 560.948
internal_count=11598631 9831568 928747 739971 647078 1767063 8902821 8467632 3119530 188776 435189 1645029 57057 92893
is_linear=0
shrinkage=0.1


Tree=178
num_leaves=15
num_cat=0
split_feature=5 5 2 2 3 0 1 0 0 0 5 0 4 2
split_gain=3379.37 479.47 19.534 6.30448 4.20065 0.00630721 0.00368978 0.00115126 0.00517205 0.0087017 0.0010292 0.000654651 0.000404203 0.000233938
threshold=3.0012133121490483 3.00477147102356 2.3278195858001713 2.2028195858001713 94.187500000000014 0.17500000447034839 3.5000000000000004 0.12500000372529033 0.22500000149011615 0.17500000447034839 2.4146019220352177 0.17500000447034839 4.8159308433532724 2.6250000000000004
decision_type=2 2 2 2 2 2 2 2 2 2 2 2 2 2
left_child=6 2 3 5 -5 -2 -1 12 9 -9 -10 -3 -8 -13
right_child=1 11 -4 4 -6 -7 7 8 10 -11 -12 13 -14 -15
leaf_value=-0.08673421550893301 -0.080210972060763497 -0.080036127846673022 -0.080441019097362607 0.080796401052050257 -0.097087341575536168 -0.095050777650399321 -0.08002278550074686 -0.080116635769488617 -0.080073700887837357 -0.08238924507207214 -0.084466168517563375 -0.08607739031644504 -0.080158674270273053 -0.080026412504499073
leaf_weight=0.82899831939675905 2.0419370055024042 200.96647920299802 7.5577689109777557 2615.5136193884537 1.3282017729943607 0.33313031494617451 2496.0321319105019 43.966506171185756 510.93098912574351 27.315844629090861 0.5339930900518074 0.24376459419727226 239.93463619652903 0.086587762285489589
leaf_count=170 6997 607151 11113 572245 260 2 8878999 33198 1199600 20307 310 3 267944 332
internal_value=-0.0116297 0.0686967 0.0800951 0.0805583 0.0807061 -0.0822924 -0.0800636 -0.0800619 -0.0801895 -0.0809875 -0.0800783 -0.0800434 -0.0800347 -0.0844914
internal_weight=6147.61 2828.07 2626.77 2619.22 2616.84 2.37507 3319.54 3318.71 582.747 71.2824 511.465 201.297 2735.97 0.330352
internal_count=11598631 1198103 590617 579504 572505 6999 10400528 10400358 1253415 53505 1199910 607486 9146943 335
is_linear=0
shrinkage=0.1


Tree=179
num_leaves=15
num_cat=0
split_feature=0 2 3 3 0 3 3 5 5 3 3 4 2 0
split_gain=1999.76 988.371 120.564 72.5193 57.9563 85.1036 377.667 118.532 5.66869 0.484933 32.5728 30.9781 0.214585 0.00480398
threshold=0.12500000372529033 2.3278195858001713 65.562500000000014 66.062500000000014 0.075000001117587103 65.562500000000014 66.062500000000014 2.0587884187698369 2.0587884187698369 65.562500000000014 66.062500000000014 0.68786904215812694 2.4528195858001713 0.22500000149011615
decision_type=2 2 2 2 2 2 2 2 2 2 2 2 2 2
left_child=4 13 -3 8 9 -6 7 -7 -4 -1 11 -11 -5 -2
right_child=1 2 3 12 5 6 -8 -9 -10 10 -12 -13 -14 -15
leaf_value=-0.080018299224976761 -0.081183767618013991 -0.080594478926644578 0.080336652193549477 -0.10732896373640753 -0.080016966449561508 0.11365061421632271 -0.080048527188975482 -0.080733714228229267 -0.1379644523364173 0.16866927244681412 -0.080052207081156096 -0.07179532571269899 -0.080053381313866356 -0.080048513960216894
leaf_weight=982.37191588318899 40.632139287801692 48.68396358472819 2373.5134434117936 3.2755471288692233 523.95426640225924 183.41612469777465 435.29104299155006 37.8420986350975 1.1901134001091112 10.405901486315999 778.20747496710294 11.042504613200434 24.153082136879675 451.11581736357766
leaf_count=3850731 21436 74978 527722 74 2130403 1486 1533811 7942 41 4498 2235166 8000 70381 1131962
internal_value=-0.00914882 0.0492419 0.0752024 0.0783599 -0.067146 -0.0499612 -0.0259755 0.0804048 0.0802272 -0.07853 -0.0767016 0.0448684 -0.0833107 -0.0801423
internal_weight=5905.1 2942.56 2450.82 2402.13 2962.53 1180.5 656.549 221.258 2374.7 1782.03 799.656 21.4484 27.4286 491.748
internal_count=11598631 1826594 673196 598218 9772037 3673642 1543239 9428 527763 6098395 2247664 12498 70455 1153398
is_linear=0
shrinkage=0.1


Tree=180
num_leaves=15
num_cat=0
split_feature=2 0 1 1 0 0 0 1 1 0 2 3 4 1
split_gain=2967.23 226.908 34.6246 5.2975 3.45823 3.16827 2.37011 0.0340079 0.00433613 0.000821373 0.011093 0.0017866 0.000269194 8.24936e-05
threshold=1.0000000180025095e-35 0.17500000447034839 13.500000000000002 16.500000000000004 0.075000001117587103 0.12500000372529033 0.12500000372529033 12.500000000000002 4.5000000000000009 0.17500000447034839 2.0778195858001713 65.562500000000014 2.98427426815033 3.5000000000000004
decision_type=2 2 2 2 2 2 2 2 2 2 2 2 2 2
left_child=1 2 6 4 -4 -5 7 -1 13 12 -11 -12 -10 -2
right_child=8 -3 3 5 -6 -7 -8 -9 9 10 11 -13 -14 -15
leaf_value=-0.080023011405493907 -0.087115053692064626 0.080242028013354519 -0.046288107529245483 0.020487899234106054 0.0085109479296716899 0.044391630096349222 0.020126417261380015 -0.074181427595936128 -0.080017444604087148 -0.082805969497051088 -0.080732128932424374 -0.080024803196517905 -0.080101954551718701 -0.085052991440093151
leaf_weight=23.882876528804445 0.75646545254903574 2123.2389443616848 17.782569642353337 544.44590389460791 32.68019698234275 61.736125349998474 2.6424673572182646 17.10254938469734 1974.2507333799435 15.535342877497895 39.173747400534921 403.8556191563257 465.8620551097265 0.26092454764875583
leaf_count=73081 25 565456 40181 268064 1828 322 38 51894 8646922 397 68342 1157671 724186 224
internal_value=-0.0090072 0.0639616 0.0145992 0.0203308 -0.0107997 0.0229224 -0.0716672 -0.0775854 -0.0800589 -0.0800567 -0.0801794 -0.0800873 -0.0800336 -0.0865862
internal_weight=5723.21 2823.51 700.273 656.645 50.4628 606.182 43.6279 40.9854 2899.69 2898.68 458.565 443.029 2440.11 1.01739
internal_count=11598631 1000864 435408 310395 42009 268386 125013 124975 10597767 10597518 1226410 1226013 9371108 249
is_linear=0
shrinkage=0.1


Tree=181
num_leaves=15
num_cat=0
split_feature=2 5 5 3 5 5 3 3 3 4 5 2 4 3
split_gain=1359.37 583.183 397.329 515.945 782.639 477.153 574.896 390.63 144.008 118.904 116.842 79.018 66.2679 177.201
threshold=2.6250000000000004 2.9883444309234624 2.4959522485733037 57.312500000000007 2.0556275844573979 2.7235324382781987 128.31250000000003 78.437500000000014 88.812500000000014 5.2396721839904794 0.82109650969505321 2.8750000000000004 3.5173683166503911 101.93750000000001
decision_type=2 2 2 2 2 2 2 2 2 2 2 2 2 2
left_child=9 2 3 10 -5 6 -4 -7 11 -1 -2 -3 13 -10
right_child=1 8 5 4 -6 7 -8 -9 12 -11 -12 -13 -14 -15
leaf_value=-0.077546548247848915 0.2292892507184596 -0.057937617907527356 -0.048701548843988481 0.12119302559181873 0.016648439115388484 -0.089830126598236082 0.073850686500973206 0.046102768264533037 0.52506842298664214 -0.022032278744062557 -0.061760144243359238 0.10719236345905217 0.082199999557767009 0.11291744126635678
leaf_weight=1951.1804306483627 14.11841780878626 111.84647781845706 3005.6874748562841 969.51704855156686 2739.2735968083289 241.73369094995724 438.63862419512589 1685.0481830639183 12.324133236950727 480.91873259829299 598.88657092862127 39.111909085419029 1141.9537324246485 67.932518624002114
leaf_count=7500668 199 135084 713828 156631 1007481 502578 20824 116840 104 93258 1126271 4178 218557 2130
internal_value=0.00112278 0.0160001 0.00735959 0.0299304 0.0439775 -0.0108018 -0.0330944 0.0290487 0.0769918 -0.0665693 -0.0550568 -0.015154 0.088373 0.176207
internal_weight=13498.2 11066.1 9692.9 4321.8 3708.79 5371.11 3444.33 1926.78 1373.17 2432.1 613.005 150.958 1222.21 80.2567
internal_count=11598631 4004705 3644652 2290582 1164112 1354070 734652 619418 360053 7593926 1126470 139262 220791 2234
is_linear=0
shrinkage=0.1


Tree=182
num_leaves=15
num_cat=0
split_feature=0 4 5 1 0 2 2 3 3 0 4 3 2 1
split_gain=3633.19 2121.55 527.463 364.57 296.076 264.117 227.348 191.313 623.84 80.3819 76.9644 157.59 73.2547 69.4295
threshold=0.22500000149011615 2.0684459209442143 3.0405635833740239 16.500000000000004 0.075000001117587103 2.4528195858001713 1.0000000180025095e-35 65.562500000000014 66.062500000000014 0.075000001117587103 6.4972276687622079 91.562500000000014 2.0778195858001713 14.500000000000002
decision_type=2 2 2 2 2 2 2 2 2 2 2 2 2 2
left_child=1 6 3 13 -5 10 9 -8 -9 -1 -2 -12 -4 -3
right_child=5 2 12 4 -6 -7 7 8 -10 -11 11 -13 -14 -15
leaf_value=0.037364236767840585 -0.079860832646363789 0.076157423359685728 0.091380874483134519 -0.011098446660599557 0.051282634146813028 0.080068583285224024 0.079896063608731957 -0.076002075131550217 0.06315956871961978 -0.02038006283063265 0.081973829551441724 -0.080215579463254111 -0.079690300453983814 0.03002456474606606
leaf_weight=683.03468253999108 4338.7682808644604 604.18684770958498 25.713826338585932 8045.2342916982598 840.315802524623 110.0892107396503 4520.326999106238 359.78548282617703 3078.0221748677741 372.55760485492647 91.353715501725674 174.03760342020541 942.90336330630817 709.11496167961741
leaf_count=424087 1587972 118648 526 394459 118083 122034 5348102 38440 3081090 11102 4951 52106 216489 80542
internal_value=0.00603763 0.0245012 -0.00462793 0.00206966 -0.005199 -0.0730031 0.0605906 0.0663747 0.0485955 0.0169841 -0.0766632 -0.0243863 -0.0751489 0.0512481
internal_weight=24895.4 20181.2 11167.5 10198.9 8885.55 4714.25 9013.73 7958.13 3437.81 1055.59 4604.16 265.391 968.617 1313.3
internal_count=11598631 9831568 928747 711732 512542 1767063 8902821 8467632 3119530 435189 1645029 57057 217015 199190
is_linear=0
shrinkage=0.1


Tree=183
num_leaves=15
num_cat=0
split_feature=5 5 2 2 3 0 1 0 0 3 5 0 4 0
split_gain=2904.07 416.177 17.2904 5.44923 3.75655 0.00431508 0.00367084 0.000840952 0.00927184 0.00199694 0.00107774 0.000449163 0.000320539 0.00015788
threshold=3.0012133121490483 3.00477147102356 2.3278195858001713 2.2028195858001713 94.187500000000014 0.17500000447034839 3.5000000000000004 0.17500000447034839 0.22500000149011615 65.562500000000014 2.4146019220352177 0.17500000447034839 4.8159308433532724 0.075000001117587103
decision_type=2 2 2 2 2 2 2 2 2 2 2 2 2 2
left_child=6 2 3 5 -5 -2 -1 12 9 -9 -10 -3 -8 -14
right_child=1 11 -4 4 -6 -7 7 8 10 -11 -12 -13 13 -15
leaf_value=-0.086766761395358979 -0.080196187601371552 -0.080032561678074196 -0.080407757985307526 0.080827729510547008 -0.095739601785241255 -0.093128915048729125 -0.080021453177924251 -0.082841183840027255 -0.080070166978060409 -0.080970051707631371 -0.084725554873668993 -0.083962535964087259 -0.080108802882706137 -0.080330599394166979
leaf_weight=0.81548340030667432 1.7546694863849546 174.60959312982413 6.6910630799247874 2238.6176960580051 1.2055959556018923 0.30246554315090168 2196.5443268576123 14.407020787810326 435.72940298472531 9.441612748851183 0.49784875118348182 0.29130534801515651 178.65096459619235 39.121346447936958
leaf_count=170 6997 607151 11113 572245 260 2 8911475 1541 1199600 18766 310 335 247871 20795
internal_value=-0.0120905 0.0685467 0.0801042 0.0805833 0.0807327 -0.0820977 -0.0800584 -0.0800565 -0.0801804 -0.0821004 -0.0800755 -0.0800391 -0.0800329 -0.0801486
internal_weight=5298.68 2423.47 2248.57 2241.88 2239.82 2.05714 2875.21 2874.39 460.076 23.8486 436.227 174.901 2414.32 217.772
internal_count=11598631 1198103 590617 579504 572505 6999 10400528 10400358 1220217 20307 1199910 607486 9180141 268666
is_linear=0
shrinkage=0.1


Tree=184
num_leaves=15
num_cat=0
split_feature=0 2 3 3 0 2 2 5 5 2 3 3 5 2
split_gain=1707.26 842.142 103.438 62.9286 55.055 81.5588 432.068 69.6666 5.40925 0.78999 0.539643 28.9805 28.4405 0.170071
threshold=0.12500000372529033 2.3278195858001713 65.562500000000014 66.062500000000014 0.075000001117587103 2.4528195858001713 2.3278195858001713 2.0587884187698369 2.0587884187698369 2.2028195858001713 65.562500000000014 66.062500000000014 2.0587884187698369 2.4528195858001713
decision_type=2 2 2 2 2 2 2 2 2 2 2 2 2 2
left_child=4 -2 -3 8 10 6 9 -8 -4 -6 -1 12 -12 -5
right_child=1 2 3 13 5 -7 7 -9 -10 -11 11 -13 -14 -15
leaf_value=-0.080016170786881821 -0.080131897971688279 -0.080563308150042909 0.080267124668940232 -0.10559618346472162 -0.080177402919967583 -0.080388832074908032 0.12556401919376239 -0.080512915638893068 -0.13629994458746147 -0.14490186239698113 0.13840528144528227 -0.080048049050180092 -0.080194022309444626 -0.08004870482057333
leaf_weight=846.9062547042904 419.79419536658679 41.852702651449363 2025.1441207018215 2.9774289287161109 413.52608148260333 459.38602731468563 162.46701764129102 18.247041759357671 1.1539845499210049 1.8943923057231575 12.243682165630164 684.85952958304279 11.581435926025732 20.874549883097643
leaf_count=3850731 1153398 74978 527722 74 1885999 1698183 44407 43090 41 1963 1135 2235166 11363 70381
internal_value=-0.00973109 0.0491278 0.0750659 0.078243 -0.0663513 -0.0487234 -0.0243218 0.104756 0.0801438 -0.0804726 -0.0783124 -0.0762763 0.0321437 -0.0832378
internal_weight=5122.91 2511.8 2092 2050.15 2611.11 1055.52 596.135 180.714 2026.3 415.42 1555.59 708.685 23.8251 23.852
internal_count=11598631 1826594 673196 598218 9772037 3673642 1975459 87497 527763 1887962 6098395 2247664 12498 70455
is_linear=0
shrinkage=0.1


Tree=185
num_leaves=15
num_cat=0
split_feature=3 0 1 1 0 0 4 1 1 0 2 3 4 1
split_gain=2522.37 220.147 30.2218 4.94793 3.58575 2.22253 0.982307 0.0377674 0.00430986 0.000600645 0.00759727 0.00139126 0.000196047 6.3119e-05
threshold=1.0000000180025095e-35 0.17500000447034839 13.500000000000002 19.500000000000004 0.075000001117587103 0.12500000372529033 -0.51500990986824025 12.500000000000002 4.5000000000000009 0.17500000447034839 2.0778195858001713 65.562500000000014 2.98427426815033 3.5000000000000004
decision_type=2 2 2 2 2 2 2 2 2 2 2 2 2 2
left_child=1 2 5 4 -4 7 -5 -1 13 12 -11 -12 -10 -2
right_child=8 -3 3 6 -6 -7 -8 -9 9 10 11 -13 -14 -15
leaf_value=-0.080021003118946013 -0.087071892624028924 0.080206312350359729 0.0037362901628139908 0.038531709327789765 0.020957369375758969 0.016323289492887215 -0.080161691371301885 -0.073526210421785768 -0.080015118363431031 -0.082485353663046171 -0.080695393672683302 -0.080021410316835032 -0.080091830788158125 -0.085235542824249
leaf_weight=21.419539081749463 0.75165123486567498 1811.1223816715647 182.60684639585088 116.30141893401742 357.85456316801719 2.722824700176715 0.70146449038293113 15.383824394491965 1697.0964437618759 13.620274688117204 33.619306084117852 344.13833140785573 414.50908072850143 0.24924135395849589
leaf_count=73081 25 565456 245363 59504 5241 38 287 51894 8646922 397 68342 1157671 724186 224
internal_value=-0.00905487 0.0618273 0.0140696 0.0191752 0.0151388 -0.0708564 0.0378201 -0.0773062 -0.0800539 -0.0800513 -0.0801651 -0.0800814 -0.0800302 -0.0866146
internal_weight=5012.1 2508.11 696.99 657.464 540.461 39.5262 117.003 36.8034 2503.98 2502.98 391.378 377.758 2111.61 1.00089
internal_count=11598631 1000864 435408 310395 250604 125013 59791 124975 10597767 10597518 1226410 1226013 9371108 249
is_linear=0
shrinkage=0.1


Tree=186
num_leaves=15
num_cat=0
split_feature=2 5 5 5 3 5 3 3 3 4 5 2 1 3
split_gain=1143.93 501.696 367.086 665.282 404.101 820.845 365.997 335.794 138.953 119.145 101.664 71.4733 57.7214 55.336
threshold=2.6250000000000004 2.9883444309234624 2.6154246330261235 2.7235324382781987 58.062500000000007 2.0556275844573979 126.43750000000001 128.31250000000003 88.812500000000014 5.2396721839904794 0.82109650969505321 2.8750000000000004 16.500000000000004 87.062500000000014
decision_type=2 2 2 2 2 2 2 2 2 2 2 2 2 2
left_child=9 2 4 7 10 -6 -5 -4 11 -1 -2 13 -11 -3
right_child=1 8 3 6 5 -7 -8 -9 -10 12 -12 -13 -14 -15
leaf_value=-0.077081987615213898 0.21100266805316747 0.030681015404752283 -0.068143498778846692 0.064089559685361966 0.11961530280937541 0.01390016356641792 -0.026238680408932121 0.061203135180085258 0.08799160208789375 -0.087966090016191503 -0.059256188926175207 0.10858813599439009 -0.0019261194050794865 -0.11587194096705733
leaf_weight=1701.6815380609096 14.253423315472672 42.829908237064956 1888.4995052399026 1109.7861906284525 902.96121975817823 3936.7168779835629 752.88027475087438 224.57468439254444 1064.493949350086 98.857622008610633 593.07550894438396 34.150811440777034 369.0545284684049 64.661374549556058
leaf_count=7500668 208 32751 471171 583936 152268 1160370 35482 11340 220791 79714 1229877 4178 13544 102333
internal_value=0.00137833 0.0148855 0.00711257 -0.0159903 0.0239752 0.0336239 0.0275793 -0.0543967 0.0756105 -0.0647937 -0.0529135 -0.0174383 -0.0201041 -0.0574779
internal_weight=12798.5 10628.9 9422.75 3975.74 5447.01 4839.68 1862.67 2113.07 1206.14 2169.59 607.329 141.642 467.912 107.491
internal_count=11598631 4004705 3644652 1101929 2542723 1312638 619418 482511 360053 7593926 1230085 139262 93258 135084
is_linear=0
shrinkage=0.1


Tree=187
num_leaves=15
num_cat=0
split_feature=0 2 4 5 5 3 3 4 3 2 2 3 0 5
split_gain=3013.37 1803.32 619.28 615.615 777.888 634.428 429.876 398.188 361.382 228.876 216.074 217.636 210.09 160.299
threshold=0.22500000149011615 2.8750000000000004 4.7339162826538095 2.7235324382781987 2.6154246330261235 124.68750000000001 132.68750000000003 4.3785204887390146 128.31250000000003 2.4528195858001713 1.0000000180025095e-35 65.562500000000014 0.075000001117587103 2.0347924232482915
decision_type=2 2 2 2 2 2 2 2 2 2 2 2 2 2
left_child=1 2 10 4 12 7 -7 -5 -6 -2 -1 -12 -3 -4
right_child=9 3 13 5 8 6 -8 -9 -10 -11 11 -13 -14 -15
leaf_value=0.015071805089749089 -0.07652571305044463 -0.036926278890607678 -0.035305297337304135 -0.2598301825012363 0.072147410513664134 0.04964265692880445 -0.078881553130709783 -0.095157352570357345 -0.087878055397458271 0.080059728129689159 0.079880613043678328 0.047061837772467488 0.049325815559862547 0.019069420981740387
leaf_weight=1013.6367932457961 3927.7966454196721 2905.8534448744958 721.48572497215355 191.38479725155048 1453.0265617390978 509.68837389932014 531.73691339581273 630.89103879476897 156.29996869666502 95.618958432227373 4188.4918018528842 3904.0127759678871 312.79995328478981 2181.4658914955216
leaf_count=435189 1645029 256538 30945 1989 59901 35544 138303 83573 10041 122034 5382503 3186717 138131 72194
internal_value=0.00570368 0.0225945 0.0457748 -0.0190057 -0.000160828 -0.0678239 -0.01598 -0.133485 0.0566055 -0.0728044 0.0585963 0.0640481 -0.028544 0.00555539
internal_weight=22724.2 18700.8 12009.1 6691.68 4827.98 1863.7 1041.43 822.276 1609.33 4023.42 9106.14 8092.5 3218.65 2902.95
internal_count=11598631 9831568 9107548 724020 464611 259409 173847 85562 69942 1767063 9004409 8569220 394669 103139
is_linear=0
shrinkage=0.1


Tree=188
num_leaves=15
num_cat=0
split_feature=5 5 2 2 0 1 0 0 0 3 5 0 4 0
split_gain=2501.23 356.506 15.202 4.70055 3.50522 0.00364501 0.00278253 0.000627066 0.00609723 0.00124696 0.0011228 0.000305895 0.000229604 0.000107164
threshold=3.0012133121490483 3.00477147102356 2.3278195858001713 2.2028195858001713 0.12500000372529033 3.5000000000000004 0.17500000447034839 0.17500000447034839 0.22500000149011615 65.562500000000014 2.4146019220352177 0.17500000447034839 4.8159308433532724 0.075000001117587103
decision_type=2 2 2 2 2 2 2 2 2 2 2 2 2 2
left_child=5 2 3 6 -5 -1 -2 12 9 -9 -10 -3 -7 -14
right_child=1 11 -4 4 -6 7 -8 8 10 -11 -12 -13 13 -15
leaf_value=-0.086788513656101574 -0.080187890126494396 -0.080028678923688881 -0.080369723666137025 0.11371323294539551 0.080220847715666954 -0.080018977053750204 -0.091220822097907939 -0.082462212567338475 -0.080068148424946056 -0.080874679835201177 -0.084975690841028337 -0.083487003610846267 -0.080098527382175877 -0.080292743690431087
leaf_weight=0.80331164476228778 1.5094208036025509 149.50919608019922 5.8831061332748495 31.773903199995402 1888.240600557765 1898.9036325538482 0.26938670873641957 12.558119501336479 371.602852131502 8.1644676153955498 0.46678609942318772 0.25620307700591993 160.80067596871231 34.507084153534379
leaf_count=170 6997 607151 11113 607 571898 8911475 2 1541 1199600 18766 310 335 247871 20795
internal_value=-0.012414 0.0685865 0.0801332 0.0806246 0.0807751 -0.0800535 -0.0818587 -0.0800513 -0.0801673 -0.0818367 -0.0800743 -0.0800346 -0.0800296 -0.0801328
internal_weight=4565.25 2077.44 1927.68 1921.79 1920.01 2487.81 1.77881 2487 392.792 20.7226 372.07 149.765 2094.21 195.308
internal_count=11598631 1198103 590617 579504 572505 10400528 6999 10400358 1220217 20307 1199910 607486 9180141 268666
is_linear=0
shrinkage=0.1


Tree=189
num_leaves=15
num_cat=0
split_feature=0 2 5 3 0 2 2 5 5 5 2 3 3 5
split_gain=1456.76 717.854 89.2104 52.5926 51.8856 75.832 363.031 65.1116 10.0688 0.811919 0.653228 0.598636 26.3751 24.3498
threshold=0.12500000372529033 2.3278195858001713 2.0556275844573979 66.062500000000014 0.075000001117587103 2.4528195858001713 2.3278195858001713 2.0556275844573979 2.0587884187698369 2.0400025844573979 2.2028195858001713 65.562500000000014 66.062500000000014 2.0556275844573979
decision_type=2 2 2 2 2 2 2 2 2 2 2 2 2 2
left_child=4 -2 9 8 11 6 10 -8 -4 -3 -6 -1 13 -13
right_child=1 2 3 -5 5 -7 7 -9 -10 -11 -12 12 -14 -15
leaf_value=-0.080014294316698265 -0.080123365556235282 -0.081294925663984705 0.080309466184368683 -0.083166516077836414 -0.08018413994669546 -0.080372725858703614 -0.093001754750285867 0.11434446641182872 -0.099976413009008488 -0.24234224954929739 -0.14078060423606639 -0.081377833729992674 -0.08004377361297621 0.11358306116984716
leaf_weight=729.73874654304814 358.32396183151286 34.849419869482517 1728.7676945764106 19.985620685358299 357.95593134679075 400.8326154245442 16.732695565733593 159.60142230888596 3.1033657500083782 0.31588166255096339 1.7878624380391546 11.933975253719838 601.82992011748888 13.830358865263404
leaf_count=3850731 1153398 73735 527716 69634 1885999 1698183 43192 44305 2051 60 1963 1089 2235166 11409
internal_value=-0.01018 0.049057 0.0749596 0.0781251 -0.0655725 -0.0474717 -0.0228711 0.094669 0.0799864 -0.0827416 -0.0804853 -0.0780667 -0.0758022 0.0232777
internal_weight=4439.59 2145.35 1787.02 1751.86 2294.24 936.911 536.078 176.334 1731.87 35.1653 359.744 1357.33 627.594 25.7643
internal_count=11598631 1826594 673196 599401 9772037 3673642 1975459 87497 529767 73795 1887962 6098395 2247664 12498
is_linear=0
shrinkage=0.1


Tree=190
num_leaves=15
num_cat=0
split_feature=2 0 1 1 4 0 0 1 1 0 2 3 4 1
split_gain=2157.22 209.427 27.1183 4.5118 3.03358 2.56143 2.19093 0.0411593 0.00424152 0.000487926 0.005265 0.0012352 0.000149033 6.12006e-05
threshold=1.0000000180025095e-35 0.17500000447034839 13.500000000000002 16.500000000000004 -0.51500990986824025 0.075000001117587103 0.12500000372529033 12.500000000000002 4.5000000000000009 0.17500000447034839 2.0778195858001713 65.562500000000014 2.98427426815033 6.5000000000000009
decision_type=2 2 2 2 2 2 2 2 2 2 2 2 2 2
left_child=1 2 6 5 -5 -4 7 -1 -2 12 13 -12 -10 -11
right_child=8 -3 3 4 -6 -7 -8 -9 9 10 11 -13 -14 -15
leaf_value=-0.080019096009188106 -0.086611887302647628 0.080176349249215878 -0.042934716739395667 0.021593200971388577 -0.082514691511880678 0.0055756630899937015 0.016179617495566324 -0.072922564784937721 -0.080013231006701824 -0.082988125963330217 -0.080675684380569379 -0.080018521126218614 -0.080084379117988047 -0.082153108384763904
leaf_weight=19.478596636807197 0.98484537648619053 1548.6437718376983 16.176130187872332 607.17652172240196 2.8118712837458579 33.274291074369103 2.7259365767240515 14.081058105919508 1468.6382227705226 0.95386996492743392 31.691846268236986 293.32007697595691 368.23068746926583 10.997282125055788
leaf_count=73081 249 565456 40181 267824 562 1828 38 51894 8646922 28 68342 1157671 724186 369
internal_value=-0.00907467 0.0597019 0.014127 0.0187582 0.0211133 -0.010293 -0.0700383 -0.0770415 -0.0800508 -0.0800478 -0.0801584 -0.0800826 -0.0800275 -0.0822198
internal_weight=4419.19 2244.37 695.724 659.439 609.988 49.4504 36.2856 33.5597 2174.82 2173.83 336.963 325.012 1836.87 11.9512
internal_count=11598631 1000864 435408 310395 268386 42009 125013 124975 10597767 10597518 1226410 1226013 9371108 397
is_linear=0
shrinkage=0.1


Tree=191
num_leaves=15
num_cat=0
split_feature=3 5 5 5 4 5 2 2 4 4 4 2 5 3
split_gain=1010.62 791.185 724.748 599.889 679.783 308.422 208.644 172.182 298.406 162.502 160.016 132.384 121.528 149.706
threshold=74.187500000000014 1.9846659898757937 2.082067728042603 2.4021030664443974 6.5929112434387216 2.0556275844573979 2.6250000000000004 2.6250000000000004 3.5857137441635136 6.0188097953796396 4.8159308433532724 2.8750000000000004 1.3560934066772463 42.937500000000007
decision_type=2 2 2 2 2 2 2 2 2 2 2 2 2 2
left_child=10 7 5 -4 -5 6 -3 -2 11 -7 -1 -9 13 -12
right_child=1 2 3 4 -6 9 -8 8 -10 -11 12 -13 -14 -15
leaf_value=-0.073028303819181559 -0.0035303391961422959 -0.071282483918781336 0.080939675275924564 -0.012678980820949485 0.057848344335070939 -0.085853233220760536 0.13147259787138652 0.91118032676060357 0.12680682401849605 -0.20661437305437072 -0.054004226370600573 0.33992334801287977 -0.038080282030116215 0.14038126298478434
leaf_weight=1663.313907777343 84.391252742935876 102.79952091581072 1280.1631309808145 5046.1202749228396 1874.2494001934538 507.65259209634678 100.24473844606109 4.5132537036261189 458.74702134472318 142.76834771106951 68.65522116725333 40.101692392313211 683.38415460917167 93.68142023080145
leaf_count=8385576 62938 69764 135578 1714992 341948 739382 8299 64 32234 3265 51923 365 49412 2891
internal_value=0.00151412 0.016226 0.00892739 0.0180547 0.00642199 -0.078773 0.0288195 0.128656 0.150818 -0.11236 -0.0550208 0.397712 -0.0196046 0.058172
internal_weight=12150.8 9641.75 9054 8200.53 6920.37 853.465 203.044 587.753 503.362 650.421 2509.03 44.6149 845.721 162.337
internal_count=11598631 3108829 3013228 2192518 2056940 820710 78063 95601 32663 742647 8489802 429 104226 54814
is_linear=0
shrinkage=0.1


Tree=192
num_leaves=15
num_cat=0
split_feature=0 4 3 1 2 2 3 3 1 3 2 4 3 1
split_gain=2488.76 1541.85 403.912 294.624 219.276 197.696 176.382 494.96 175.807 152.135 74.4196 73.5461 127.614 60.5734
threshold=0.22500000149011615 1.8497406840324404 132.68750000000003 19.500000000000004 1.0000000180025095e-35 2.4528195858001713 65.562500000000014 66.062500000000014 14.500000000000002 74.187500000000014 2.6250000000000004 6.4972276687622079 91.562500000000014 15.500000000000002
decision_type=2 2 2 2 2 2 2 2 2 2 2 2 2 2
left_child=1 4 3 8 13 11 -6 -8 -3 -5 -4 -2 -13 -1
right_child=5 2 10 9 6 -7 7 -9 -10 -11 -12 12 -14 -15
leaf_value=0.06745518098369542 -0.079698051390719296 0.07418331544956569 0.024936463115947043 0.02854149894998689 0.079749982871506114 0.080053649210578837 -0.070711450432781847 0.060919379206642636 0.012733693904797823 -0.024707216537627162 -0.071079495255254824 0.081720579103500168 -0.080156925592470618 0.0018360839065978127
leaf_weight=170.08662554587136 3166.1308118589222 517.69842168909963 88.227566138841212 630.9607432007906 3282.7068821153653 83.257148722943384 323.8056878548814 2425.1467817922576 4625.0937307541608 3585.8650095037301 949.10814937460236 79.037609450519085 126.87289192061871 813.56970625638496
leaf_count=157054 1587972 137062 1048 77965 5300111 122034 38145 3052371 416476 185450 187751 4951 52106 278135
internal_value=0.00535152 0.0207356 -0.00370792 0.00285385 0.0569617 -0.0721733 0.0641013 0.0454143 0.0189195 -0.0167396 -0.0629131 -0.0759318 -0.0180211 0.0131825
internal_weight=20867.6 17412.3 10397 9359.62 7015.32 3455.3 6031.66 2748.95 5142.79 4216.83 1037.34 3372.04 205.911 983.656
internal_count=11598631 9831568 1005752 816953 8825816 1767063 8390627 3090516 553538 263415 188799 1645029 57057 435189
is_linear=0
shrinkage=0.1


Tree=193
num_leaves=15
num_cat=0
split_feature=5 5 2 2 3 1 0 3 0 0 1 5 0 4
split_gain=2162.68 304.915 13.4608 4.04074 3.58568 0.00368015 0.00177586 0.000991999 0.000483656 0.00399974 0.000807053 0.000784875 0.000206496 0.000173604
threshold=3.0012133121490483 3.00477147102356 2.3278195858001713 2.2028195858001713 94.187500000000014 4.5000000000000009 0.17500000447034839 2.5625000000000004 0.17500000447034839 0.22500000149011615 16.500000000000004 2.5466194152832036 0.17500000447034839 4.8159308433532724
decision_type=2 2 2 2 2 2 2 2 2 2 2 2 2 2
left_child=5 2 3 6 -5 7 -2 -1 13 10 -10 -11 -3 -7
right_child=1 12 -4 4 -6 8 -8 -9 9 11 -12 -13 -14 -15
leaf_value=-0.080017132367613736 -0.080179269481664955 -0.080025606113940106 -0.080343256992045781 0.080896721655813048 -0.095343674662878464 -0.080016856865150324 -0.089572230579637507 -0.086852657945036285 -0.082010285671670735 -0.080070744316499853 -0.080499749386349143 -0.085287420034655989 -0.083060659260213221 -0.080120953073210627
leaf_weight=0.26886658785178852 1.2949679606681446 127.86166831764604 5.2116480308613964 1647.8680811284576 1.1552197223645624 1651.0006456933688 0.23832589387893666 1.0092756433878092 13.210903462881108 319.3553349909198 4.8302820440003407 0.28867248563619696 0.22456407708523229 177.42751906298508
leaf_count=1024 6997 607151 11113 572245 260 8911263 2 227 5448 1198963 14859 79 335 268665
internal_value=-0.0129322 0.0686167 0.0801157 0.0806224 0.0807733 -0.0800504 -0.0816393 -0.0854148 -0.0800473 -0.0801572 -0.0816059 -0.0800755 -0.0800309 -0.080027
internal_weight=3951.25 1783.85 1655.77 1650.56 1649.02 2167.39 1.53329 1.27814 2166.11 337.685 18.0412 319.644 128.086 1828.43
internal_count=11598631 1198103 590617 579504 572505 10400528 6999 1251 10399277 1219349 20307 1199042 607486 9179928
is_linear=0
shrinkage=0.1


Tree=194
num_leaves=15
num_cat=0
split_feature=0 2 5 0 2 2 5 3 5 3 3 5 5 2
split_gain=1237.33 612.135 82.6805 54.4376 77.8217 332.613 57.2723 45.7411 8.94556 0.664745 26.6718 25.8229 0.538718 0.471959
threshold=0.12500000372529033 2.3278195858001713 2.0556275844573979 0.075000001117587103 2.4528195858001713 2.3278195858001713 2.0587884187698369 66.062500000000014 2.0587884187698369 65.562500000000014 66.062500000000014 2.0587884187698369 2.0400025844573979 2.2028195858001713
decision_type=2 2 2 2 2 2 2 2 2 2 2 2 2 2
left_child=3 -2 12 9 5 13 -7 8 -4 -1 11 -11 -3 -5
right_child=1 2 7 4 -6 6 -8 -9 -10 10 -12 -13 -14 -15
leaf_value=-0.080012723970581082 -0.080117081872648765 -0.081314689633732715 0.080291026617276925 -0.080174017150404439 -0.080344639711374538 0.11148061986084273 -0.080527280178962726 -0.083114520868998149 -0.099138338621850064 0.12174398770191647 -0.080040361260998616 -0.080206006703095217 -0.20991248308334171 -0.13308453939177275
leaf_weight=630.96672381496387 306.10313333930389 32.384942643882823 1491.6050837596413 308.76612720923731 350.73607441908098 156.28941258814302 17.249383261660114 17.401190393982688 2.7837513898994066 13.20407789386809 533.52957148515657 12.165127314627169 0.32906756098964152 1.6951113304894523
leaf_count=3850731 1153398 73735 527716 1885999 1698183 44407 43090 69634 2051 1135 2235166 11363 60 1963
internal_value=-0.0100304 0.0490724 0.0746763 -0.0640539 -0.0444766 -0.0184843 0.0923954 0.0780798 0.0799568 -0.0777882 -0.0752768 0.0249042 -0.0826082 -0.0804629
internal_weight=3875.21 1850.61 1544.5 2024.6 834.736 484 173.539 1511.79 1494.39 1189.87 558.899 25.3692 32.714 310.461
internal_count=11598631 1826594 673196 9772037 3673642 1975459 87497 599401 529767 6098395 2247664 12498 73795 1887962
is_linear=0
shrinkage=0.1


Tree=195
num_leaves=15
num_cat=0
split_feature=2 0 1 1 0 0 4 1 1 0 2 0 3 4
split_gain=1833.21 202.881 22.3116 3.61011 3.36936 2.29003 0.772241 0.0472293 0.00419944 0.000369538 0.00370763 0.00151628 0.000994534 0.000114398
threshold=1.0000000180025095e-35 0.17500000447034839 13.500000000000002 19.500000000000004 0.12500000372529033 0.12500000372529033 -0.51500990986824025 12.500000000000002 4.5000000000000009 0.17500000447034839 2.0778195858001713 0.22500000149011615 65.562500000000014 2.98427426815033
decision_type=2 2 2 2 2 2 2 2 2 2 2 2 2 2
left_child=1 2 5 4 -4 7 -5 -1 -2 13 11 -11 -12 -10
right_child=8 -3 3 6 -6 -7 -8 -9 9 10 12 -13 -14 -15
leaf_value=-0.080016482524628688 -0.086621558535019794 0.080150456330293107 0.0108097280979017 0.033512666749891382 0.033795547574870764 0.020942045287892085 -0.080138481005305018 -0.071850366062999257 -0.080011524577842053 -0.081710443562303017 -0.080652606040634067 -0.087063199328635182 -0.080016080981997736 -0.08007767259140379
leaf_weight=16.81021435998219 0.9711554382158728 1321.4755295317154 470.77011654234957 121.43215749785304 73.763820931315422 2.6257517226040354 0.60082567296922107 12.238768949086078 1264.7325558060472 9.9002012072596663 27.21999578474788 0.55909161269664842 249.91278503657668 329.58037195659563
leaf_count=73081 249 565456 250232 59504 372 38 287 51894 8646922 391 68342 6 1157671 724186
internal_value=-0.0090629 0.0571122 0.0135106 0.0174073 0.0139234 -0.068492 0.0329531 -0.076576 -0.0800474 -0.080044 -0.0801484 -0.0819966 -0.0800786 -0.0800252
internal_weight=3902.59 2019.72 698.242 666.567 544.534 31.6747 122.033 29.049 1882.88 1881.91 287.592 10.4593 277.133 1594.31
internal_count=11598631 1000864 435408 310395 250604 125013 59791 124975 10597767 10597518 1226410 397 1226013 9371108
is_linear=0
shrinkage=0.1


Tree=196
num_leaves=15
num_cat=0
split_feature=2 5 5 3 5 5 4 3 4 4 5 3 1 2
split_gain=829.844 420.413 320.603 956.316 772.775 695.952 131.219 118.667 112.725 92.3093 85.3434 66.076 51.178 47.6794
threshold=2.6250000000000004 2.9883444309234624 2.0556275844573979 66.812500000000014 2.082067728042603 2.4021030664443974 3.5857137441635136 88.812500000000014 5.2396721839904794 6.0188097953796396 0.85689011216163646 87.062500000000014 16.500000000000004 2.3278195858001713
decision_type=2 2 2 2 2 2 2 2 2 2 2 2 2 2
left_child=8 2 3 10 9 -6 -5 11 -1 -4 -2 -3 -10 -14
right_child=1 7 4 6 5 -7 -8 -9 12 -11 -12 -13 13 -15
leaf_value=-0.076006712302942481 0.15021151952633371 0.057750949661443576 -0.083607927354882289 0.26293135127564998 0.07532957826732839 -0.0067781649546031194 0.12157043179869356 0.08797451745327875 -0.086961499458293803 -0.1710890539616505 -0.04300630876595584 -0.088497923875240914 -0.075278001376376733 0.016345543863968484
leaf_weight=1320.9410544173097 23.763776052081084 60.635101179505 511.49154105844354 74.158287200079371 1264.8648364104156 5614.7889447996931 573.40549776650732 866.23783440422267 86.844286288309377 157.84112012130208 601.05801666704849 62.981052458184422 70.522911478590686 291.79002910933923
leaf_count=7500668 7304 36132 774503 55606 175582 1430267 43454 220791 79714 3479 1154457 103130 5162 8382
internal_value=0.00172909 0.013099 0.00616482 0.0526004 -0.00166193 0.00831783 0.137759 0.0748948 -0.0612914 -0.104238 -0.0356577 -0.0167612 -0.0180148 -0.00148865
internal_weight=11581.3 9811.23 8821.37 1272.39 7548.99 6879.65 647.564 989.854 1770.1 669.333 624.822 123.616 449.157 362.313
internal_count=11598631 4004705 3644652 1260821 2383831 1605849 99060 360053 7593926 777982 1161761 139262 93258 13544
is_linear=0
shrinkage=0.1


Tree=197
num_leaves=15
num_cat=0
split_feature=0 4 5 1 3 2 3 3 2 4 3 2 3 1
split_gain=2064.98 1292.2 366.23 256.596 219.635 210.623 175 402.067 169.692 63.7342 109.306 61.6819 56.5089 55.5607
threshold=0.22500000149011615 1.8497406840324404 3.0405635833740239 16.500000000000004 132.68750000000003 -1.0000000180025095e-35 65.562500000000014 66.062500000000014 2.4528195858001713 6.4972276687622079 91.562500000000014 2.0778195858001713 88.812500000000014 14.500000000000002
decision_type=2 2 2 2 2 2 2 2 2 2 2 2 2 2
left_child=1 5 3 13 -5 -1 -7 -8 9 -2 -11 -4 -13 -3
right_child=8 2 11 4 -6 6 7 -9 -10 10 -12 12 -14 -15
leaf_value=0.011603562899912309 -0.079604973190366329 0.071903099532122094 0.090302322659075202 0.00031437134780534933 -0.063886464992296124 0.079658592881207149 -0.064469598221499752 0.058300318599861449 0.080046842199870516 0.08149398401678537 -0.080133593055199501 0.001405664542111682 -0.088421516324492536 0.027257745002669406
leaf_weight=957.92544754053233 2700.1121436301619 490.59837562817847 22.485539859160781 7618.0903189256787 572.9451346504502 2805.0117922337849 304.36735805275384 2158.7265659574732 71.604399293020833 68.277644393965602 108.07026444713119 79.201422086451203 604.9647927172482 645.53067041432951
leaf_count=435189 1587972 136062 541 496967 62057 5300111 38145 3052371 122034 4951 52106 7086 209656 93383
internal_value=0.00498736 0.0189487 -0.00325772 0.0020009 -0.00417634 0.0547364 0.0625795 0.0431295 -0.0720156 -0.0758009 -0.0175553 -0.0726667 -0.0780228 0.0465363
internal_weight=19207.9 16259.8 10033.8 9327.16 8191.04 6226.03 5268.11 2463.09 2948.06 2876.46 176.348 706.652 684.166 1136.13
internal_count=11598631 9831568 1005752 788469 559024 8825816 8390627 3090516 1767063 1645029 57057 217283 216742 229445
is_linear=0
shrinkage=0.1


Tree=198
num_leaves=15
num_cat=0
split_feature=5 5 2 2 3 1 0 3 0 0 5 1 0 4
split_gain=1869.3 265.497 11.9901 3.49303 3.23411 0.00374756 0.00113793 0.000872625 0.000371046 0.00259364 0.000798989 0.000521457 0.00013776 0.000132894
threshold=3.0012133121490483 3.00477147102356 2.3278195858001713 2.2028195858001713 94.187500000000014 4.5000000000000009 0.17500000447034839 2.5625000000000004 0.17500000447034839 0.22500000149011615 2.5466194152832036 16.500000000000004 0.17500000447034839 4.8159308433532724
decision_type=2 2 2 2 2 2 2 2 2 2 2 2 2 2
left_child=5 2 3 6 -5 7 -2 -1 13 11 -11 -10 -3 -7
right_child=1 12 -4 4 -6 8 -8 -9 9 10 -12 -13 -14 -15
leaf_value=-0.080014616910523917 -0.080171035583242997 -0.080023017517875245 -0.080315810282482455 0.080964404848973603 -0.094220299575198757 -0.080015077554441538 -0.088189507210449658 -0.086858267050086937 -0.081747031234504774 -0.080070695987161877 -0.085477632510690557 -0.080440574335623946 -0.082675039196675543 -0.080111665468404702
leaf_weight=0.22922181234753114 1.117411789644392 111.34928465909161 4.6407616988144573 1421.5322894614656 1.0545922959572624 1431.7354668687854 0.21029165387153614 0.99540428846376017 11.492879496843669 272.37152420147322 0.2735735480528082 4.1613115329528219 0.19621564037515682 158.18841549710487
leaf_count=1024 6997 607151 11113 572245 260 8911263 2 227 5448 1198963 79 14859 335 268665
internal_value=-0.0131181 0.0685582 0.0801602 0.0806832 0.0808345 -0.0800472 -0.0814411 -0.0855773 -0.0800436 -0.080148 -0.0800761 -0.0813997 -0.0800277 -0.0800247
internal_weight=3419.55 1540.1 1428.56 1423.91 1422.59 1879.45 1.3277 1.22463 1878.22 288.299 272.645 15.6542 111.546 1589.92
internal_count=11598631 1198103 590617 579504 572505 10400528 6999 1251 10399277 1219349 1199042 20307 607486 9179928
is_linear=0
shrinkage=0.1


Tree=199
num_leaves=15
num_cat=0
split_feature=0 2 5 0 2 2 5 3 5 3 3 5 2 5
split_gain=1058.7 521.974 71.1338 50.1835 71.6096 280.552 55.0359 39.6178 7.98865 0.730632 24.4647 21.869 0.395724 0.337484
threshold=0.12500000372529033 2.3278195858001713 2.0556275844573979 0.075000001117587103 2.4528195858001713 2.3278195858001713 2.0556275844573979 66.062500000000014 2.0587884187698369 65.562500000000014 66.062500000000014 2.0556275844573979 2.2028195858001713 2.0400025844573979
decision_type=2 2 2 2 2 2 2 2 2 2 2 2 2 2
left_child=3 -2 13 9 5 12 -7 8 -4 -1 11 -11 -5 -3
right_child=1 2 7 4 -6 6 -8 -9 -10 10 -12 -13 -14 -15
leaf_value=-0.080011242112122072 -0.080112645212067388 -0.081347623794026061 0.080259294619318494 -0.080184312876407329 -0.080340705420229044 -0.094180639987554146 0.10301699176750545 -0.08300498012680628 -0.09918739587464942 -0.081416442506246925 -0.080037111299368746 0.09904369126174406 -0.12985177949205204 -0.18176539711801656
leaf_weight=544.63290493566956 261.30475497992302 27.856533542057154 1274.5840349858627 267.9206109289662 308.81238366261823 15.615237987673025 151.11903309244371 15.10340370882477 2.4856989367108318 12.233739964663814 470.11678757701628 14.88705406837107 1.6138269389484765 0.33875166906363929
leaf_count=3850731 1153398 73735 527716 1885999 1698183 43192 44305 69634 2051 1089 2235166 11409 1963 60
internal_value=-0.0105667 0.0490212 0.0745772 -0.0633093 -0.0434927 -0.0174099 0.0845488 0.0780058 0.07991 -0.0774809 -0.0747095 0.0176411 -0.0804817 -0.0825541
internal_weight=3368.62 1581.67 1320.37 1786.95 745.081 436.269 166.734 1292.17 1277.07 1041.87 497.238 27.1208 269.534 28.1953
internal_count=11598631 1826594 673196 9772037 3673642 1975459 87497 599401 529767 6098395 2247664 12498 1887962 73795
is_linear=0
shrinkage=0.1


Tree=200
num_leaves=15
num_cat=0
split_feature=3 0 1 1 4 0 0 1 1 0 2 0 3 4
split_gain=1562.75 192.147 19.977 3.01373 2.61679 2.23005 2.18485 0.0511662 0.00415396 0.000288491 0.00266159 0.00159722 0.000829387 8.89423e-05
threshold=1.0000000180025095e-35 0.17500000447034839 13.500000000000002 16.500000000000004 -0.51500990986824025 0.12500000372529033 0.075000001117587103 12.500000000000002 4.5000000000000009 0.17500000447034839 2.0778195858001713 0.22500000149011615 65.562500000000014 2.98427426815033
decision_type=2 2 2 2 2 2 2 2 2 2 2 2 2 2
left_child=1 2 5 6 -5 7 -4 -1 -2 13 11 -11 -12 -10
right_child=8 -3 3 4 -6 -7 -8 -9 9 10 12 -13 -14 -15
leaf_value=-0.080015041335101386 -0.086624662855742093 0.080128364077897668 -0.039344526539014692 0.019164286965290666 -0.082470348154396855 0.020031002117927854 0.0070044176786236804 -0.071138284245865976 -0.080010063062587025 -0.081478212508461628 -0.080641226405313182 -0.087010476172978815 -0.080013965734286471 -0.080071847344031971
leaf_weight=15.339734844746548 0.95890412078756426 1127.3799555974547 14.749360436515415 618.11895505571738 2.5437197838327839 2.6444077230989924 32.761077245464548 11.259804405184695 1090.797905545842 8.5975310204084927 23.395795207914489 0.55559106171131212 212.91762796451803 296.28589645538887
leaf_count=73081 249 565456 40181 267824 562 38 1828 51894 8646922 391 68342 6 1157671 724186
internal_value=-0.00899547 0.054606 0.0133489 0.0168896 0.0187477 -0.0675505 -0.00738436 -0.0762574 -0.0800448 -0.0800409 -0.0801409 -0.081814 -0.0800761 -0.0800233
internal_weight=3458.31 1824.8 697.417 668.173 620.663 29.2439 47.5104 26.5995 1633.51 1632.55 245.467 9.15312 236.313 1387.08
internal_count=11598631 1000864 435408 310395 268386 125013 42009 124975 10597767 10597518 1226410 397 1226013 9371108
is_linear=0
shrinkage=0.1


Tree=201
num_leaves=15
num_cat=0
split_feature=3 5 5 5 5 5 2 4 2 4 2 5 3 2
split_gain=704.713 678.797 542.477 482.096 587.18 227.973 177.49 151.252 144.916 169.582 144.518 107.111 127.945 99.7581
threshold=74.187500000000014 1.9846659898757937 2.082067728042603 2.4021030664443974 2.7235324382781987 2.0556275844573979 2.6250000000000004 4.7339162826538095 2.6250000000000004 3.5173683166503911 2.8750000000000004 1.3560934066772463 42.937500000000007 2.8750000000000004
decision_type=2 2 2 2 2 2 2 2 2 2 2 2 2 2
left_child=7 8 5 -4 -5 6 -3 13 -2 10 -10 12 -9 -1
right_child=1 2 3 4 -6 -7 -8 11 9 -11 -12 -13 -14 -15
leaf_value=-0.077899663707772557 0.00094120070046394022 -0.069262332825541992 0.073953926373964238 -0.020446702800425532 0.040593815975545608 -0.10204904596049075 0.13262574651273026 -0.050244324187537784 0.95947689845418371 0.12810377052825991 0.28523802889249306 -0.033676238598003831 0.13599759825624483 0.046053176998802792
leaf_weight=1224.3522508869537 79.254665703880846 90.457493805857666 1188.0449367365654 3828.3214929657697 2678.5409025867411 596.16356343656662 83.96975732746796 62.741338892403292 3.4802319795125802 397.75822730199434 36.732704514347716 669.27398410737806 89.512876251668786 68.564496447350393
leaf_count=8193460 62938 69764 135578 871814 1185126 742647 8299 53485 56 32275 332 52146 2893 187818
internal_value=0.00193371 0.01416 0.00736514 0.0153759 0.00468054 -0.0726283 0.0279271 -0.0500067 0.125372 0.147889 0.34359 -0.0164541 0.0592505 -0.0713263
internal_weight=11097.2 8982.72 8465.5 7694.91 6506.86 770.591 174.427 2114.44 517.226 437.971 40.2129 821.528 152.254 1292.92
internal_count=11598631 3108829 3013228 2192518 2056940 820710 78063 8489802 95601 32663 388 108524 56378 8381278
is_linear=0
shrinkage=0.1


Tree=202
num_leaves=15
num_cat=0
split_feature=0 2 5 3 5 4 3 4 2 3 3 2 3 5
split_gain=1715.36 1114.22 475.968 623.811 541.074 417.633 344.333 307.94 238.594 236.659 205.087 146.307 130.412 311.734
threshold=0.22500000149011615 2.8750000000000004 2.7235324382781987 124.68750000000001 2.6292189359664921 3.3260011672973637 132.68750000000003 3.667728185653687 1.0000000180025095e-35 128.31250000000003 126.43750000000001 2.4528195858001713 79.062500000000014 1.8408593535423281
decision_type=2 2 2 2 2 2 2 2 2 2 2 2 2 2
left_child=1 5 4 7 10 8 -5 -4 -1 -6 -3 -2 -7 -14
right_child=11 2 3 6 9 12 -8 -9 -10 -11 -12 -13 13 -15
leaf_value=0.010103029260321496 -0.075707532278207368 -0.013067000402517398 -0.31727286206314531 0.049221471479905445 0.066122217852235154 0.038906412605264291 -0.077564326882721385 -0.11000780592435522 0.065476447894250375 -0.084729446752793119 -0.09199315588362772 0.080042754840288 -0.16815653488886029 0.0069899653969836958
leaf_weight=934.49513597221812 2453.1539241367718 2716.8014324256255 81.09966677846387 482.17213482037187 1230.3139272311237 1266.7544537202921 385.44702995952684 617.32960413000546 4650.6389283621684 113.59977682027966 374.62506480878073 61.83290493680397 106.26344176963903 2325.8060069719795
leaf_count=435189 1645029 366421 1016 35544 55537 138341 138303 84546 8415583 8725 33928 122034 2920 115515
internal_value=0.00465192 0.0172439 -0.0163367 -0.0637308 0.000397366 0.0389513 -0.00710417 -0.134075 0.0562115 0.0533709 -0.0226314 -0.0718783 0.0128888 -0.000662641
internal_weight=17800.3 15285.3 6001.39 1566.05 4435.34 9283.96 867.619 698.429 5585.13 1343.91 3091.43 2514.99 3698.82 2432.07
internal_count=11598631 9831568 724020 259409 464611 9107548 173847 85562 8850772 64262 400349 1767063 256776 118435
is_linear=0
shrinkage=0.1


Tree=203
num_leaves=15
num_cat=0
split_feature=5 5 2 2 3 1 3 0 0 0 5 1 4 0
split_gain=1616 227.177 10.6284 3.02442 2.92356 0.00380027 0.000764646 0.000728762 0.00029464 0.00166651 0.000817138 0.000336219 0.00010318 9.10477e-05
threshold=3.0012133121490483 3.00477147102356 2.3278195858001713 2.2028195858001713 94.187500000000014 4.5000000000000009 2.5625000000000004 0.17500000447034839 0.17500000447034839 0.22500000149011615 2.5466194152832036 16.500000000000004 4.8159308433532724 0.17500000447034839
decision_type=2 2 2 2 2 2 2 2 2 2 2 2 2 2
left_child=5 2 3 7 -5 6 -1 -2 12 11 -11 -10 -7 -3
right_child=1 13 -4 4 -6 8 -8 -9 9 10 -12 -13 -14 -15
leaf_value=-0.080012521252869589 -0.080164459452168671 -0.080020325271776813 -0.080293197982161058 0.081048796494452999 -0.093303491030839916 -0.080013539747108425 -0.086857440046190795 -0.087015783375869349 -0.081516995934847528 -0.080072369160416573 -0.085670538737081386 -0.08038857263173052 -0.080102985961472015 -0.082329747882691484
leaf_weight=0.19569216885451968 0.96601575423846842 95.185276977121703 4.1114759030606356 1219.3207110280637 0.96249798577627999 1245.073891270941 0.98295875261828769 0.18498081713914871 9.9839465116019692 232.32301663511316 0.26103026002965535 3.5898575749524744 143.86719125922536 0.17101803266268589
leaf_count=1024 6997 607151 11113 572245 260 8911263 227 2 5448 1198963 79 14859 268665 335
internal_value=-0.0136263 0.0686502 0.0802182 0.0807585 0.0809113 -0.0800448 -0.085721 -0.0812656 -0.0800407 -0.0801415 -0.0800787 -0.0812186 -0.0800228 -0.0800245
internal_weight=2957.18 1320.9 1225.55 1221.43 1220.28 1636.28 1.17865 1.151 1635.1 246.158 232.584 13.5738 1388.94 95.3563
internal_count=11598631 1198103 590617 579504 572505 10400528 1251 6999 10399277 1219349 1199042 20307 9179928 607486
is_linear=0
shrinkage=0.1


Tree=204
num_leaves=15
num_cat=0
split_feature=0 2 5 0 2 2 5 3 5 3 3 5 2 3
split_gain=907.616 445.168 61.2758 46.0748 65.8648 237.765 47.5592 34.3562 7.14046 0.801904 22.5561 22.2164 0.33268 0.212654
threshold=0.12500000372529033 2.3278195858001713 2.0556275844573979 0.075000001117587103 2.4528195858001713 2.3278195858001713 2.0587884187698369 66.062500000000014 2.0587884187698369 65.562500000000014 66.062500000000014 2.0587884187698369 2.2028195858001713 65.562500000000014
decision_type=2 2 2 2 2 2 2 2 2 2 2 2 2 2
left_child=3 -2 13 9 5 12 -7 8 -4 -1 11 -11 -5 -3
right_child=1 2 7 4 -6 6 -8 -9 -10 10 -12 -13 -14 -15
leaf_value=-0.080010082403808816 -0.080110413690512985 -0.080509219674441065 0.080233726472179343 -0.08019593681812455 -0.080346048111578014 0.096548284389510047 -0.080595080349455298 -0.082869261366236971 -0.099129245332194305 0.095345285663605298 -0.080034159429719004 -0.080236514789994454 -0.12680975522540167 -0.12616809807961199
leaf_weight=472.02061978849861 223.08724789103144 23.260283800031178 1089.4431778738508 233.03820592103148 273.00688669551892 142.62039148354961 16.958123083095415 13.128687203563457 2.2240578768760306 15.066480939509349 415.18010151914086 13.813249184298909 1.5412046079509298 1.0668412570448698
leaf_count=3850731 1153398 72968 527716 1885999 1698183 44407 43090 69634 2051 1135 2235166 11363 1963 827
internal_value=-0.0111942 0.0489737 0.0744776 -0.0625822 -0.0425924 -0.016443 0.0777236 0.0779344 0.0798683 -0.0771404 -0.07409 0.0113641 -0.0805022 -0.0825115
internal_weight=2935.46 1352.21 1129.12 1583.25 667.165 394.158 159.579 1104.8 1091.67 916.08 444.06 28.8797 234.579 24.3271
internal_count=11598631 1826594 673196 9772037 3673642 1975459 87497 599401 529767 6098395 2247664 12498 1887962 73795
is_linear=0
shrinkage=0.1


Tree=205
num_leaves=15
num_cat=0
split_feature=2 0 1 1 0 0 4 1 1 0 2 0 3 4
split_gain=1337.04 182.153 17.8492 2.75782 2.96954 2.16738 0.595066 0.0552903 0.00406913 0.000254872 0.00196397 0.00163643 0.000764354 6.90208e-05
threshold=1.0000000180025095e-35 0.17500000447034839 13.500000000000002 19.500000000000004 0.12500000372529033 0.12500000372529033 -0.51500990986824025 12.500000000000002 4.5000000000000009 0.17500000447034839 2.0778195858001713 0.22500000149011615 65.562500000000014 2.98427426815033
decision_type=2 2 2 2 2 2 2 2 2 2 2 2 2 2
left_child=1 2 5 4 -4 7 -5 -1 -2 13 11 -11 -12 -10
right_child=8 -3 3 6 -6 -7 -8 -9 9 10 12 -13 -14 -15
leaf_value=-0.080013742559289239 -0.086599605079757946 0.080109830148586247 0.010295643030808981 0.030045464892918428 0.032007698765655027 0.019073344948542226 -0.080113360615003681 -0.070385866278091777 -0.080008834833088266 -0.081285494879723405 -0.080634450270265126 -0.086933953533822383 -0.080012086604995258 -0.080066455491501959
leaf_weight=14.01881696311489 0.94606921043305092 964.34146579250228 473.06412541778991 125.24887979775667 72.66857124119997 2.6642707251012316 0.49230082152644072 10.382004868035438 946.56151687580518 7.5118542609270644 22.142443484677642 0.55049199610948552 181.39234587694227 266.39015642995582
leaf_count=73081 249 565456 250232 59504 372 38 287 51894 8646922 391 68342 6 1157671 724186
internal_value=-0.00897878 0.0519411 0.0130537 0.016263 0.0131868 -0.0665665 0.0296142 -0.0759173 -0.0800435 -0.0800392 -0.0801404 -0.0816712 -0.0800798 -0.0800215
internal_weight=3088.38 1662.88 698.539 671.474 545.733 27.0651 125.741 24.4008 1425.49 1424.55 211.597 8.06235 203.535 1212.95
internal_count=11598631 1000864 435408 310395 250604 125013 59791 124975 10597767 10597518 1226410 397 1226013 9371108
is_linear=0
shrinkage=0.1


Tree=206
num_leaves=15
num_cat=0
split_feature=2 3 5 3 5 5 4 4 5 5 1 2 2 3
split_gain=608.529 337.924 276.928 743.23 603.237 499.676 103.445 77.7956 69.893 64.2879 43.8845 40.0178 52.5645 25.0092
threshold=2.6250000000000004 135.31250000000003 2.0556275844573979 66.812500000000014 2.082067728042603 2.3428381681442265 5.2396721839904794 5.6497445106506357 0.85689011216163646 2.0587884187698369 16.500000000000004 2.3278195858001713 2.4528195858001713 100.43750000000001
decision_type=2 2 2 2 2 2 2 2 2 2 2 2 2 2
left_child=6 2 3 8 9 -6 13 -5 -2 -4 -8 -12 -13 -1
right_child=1 -3 4 7 5 -7 10 -9 -10 -11 11 12 -14 -15
leaf_value=-0.07865930085213825 0.14249903408601064 0.074719040018579125 -0.12523104440166585 0.16580822038460985 0.078940552894953997 -0.0032481754891317406 -0.08490363141557089 0.090675151531092471 -0.037061548849838803 -0.059314622831102337 -0.073649779545045771 0.088175339614256332 -0.010381400043099251 -0.012054642348730051
leaf_weight=982.31791170047836 22.592945396638129 773.88164095599495 346.67165516169916 317.778934177927 847.53235090013914 5814.6943335715187 76.42811296293803 243.34882124594878 535.07351751545616 258.12813579205249 62.583374317619018 72.528766829753295 213.15404352056794 59.807836695399601
leaf_count=7485406 7304 171640 761609 59797 140443 1655836 79714 37609 1154457 16010 5162 2295 6087 15262
internal_value=0.00191558 0.0114918 0.00565688 0.051971 -0.00147341 0.00720743 -0.0578839 0.133225 -0.0297869 -0.097098 -0.0162843 -0.00122562 0.0146401 -0.0748368
internal_weight=10626.5 9159.7 8385.82 1118.79 7267.03 6662.23 1466.82 561.128 557.666 604.8 424.694 348.266 285.683 1042.13
internal_count=11598631 4004705 3833065 1259167 2573898 1796279 7593926 97406 1161761 777619 93258 13544 8382 7500668
is_linear=0
shrinkage=0.1


Tree=207
num_leaves=15
num_cat=0
split_feature=0 4 5 1 2 3 4 1 2 5 3 4 3 3
split_gain=1414.68 902.743 274.246 218.529 189.681 178.683 244.582 130.34 124.833 103.869 78.2462 59.7256 87.5403 54.45
threshold=0.22500000149011615 1.8497406840324404 3.0405635833740239 19.500000000000004 1.0000000180025095e-35 91.562500000000014 -0.51500990986824025 14.500000000000002 2.4528195858001713 2.4959522485733037 65.062500000000014 6.4972276687622079 91.562500000000014 88.812500000000014
decision_type=2 2 2 2 2 2 2 2 2 2 2 2 2 2
left_child=1 4 3 7 -1 10 -7 -3 11 -5 -6 -2 -13 -4
right_child=8 2 13 9 5 6 -8 -9 -10 -11 -12 12 -14 -15
leaf_value=0.008771230981030614 -0.079391896215629684 0.068648315296640353 0.0070315522814495632 -0.034218299622162288 0.07957600691306968 -0.075176968574226788 0.064405366507728976 0.010879963229870507 0.080037669854897839 -0.0016743825788473915 0.049601947060903671 0.081289082637679005 -0.080097230684709531 -0.08255247399440846
leaf_weight=915.42014029208985 1971.6478473369498 428.76722993486328 78.804858919174876 1713.0585499743465 2080.4073128195141 221.82566280067601 289.19328675433655 4384.0183085487806 53.280678214679938 2294.0980922240997 1498.0112997100609 58.649478061124682 78.72665729187429 487.97926884802291
leaf_count=435189 1587972 136062 7338 147129 5278278 61961 406530 404448 122034 100830 2643858 4951 52106 209945
internal_value=0.00428722 0.0156186 -0.00266939 0.00166361 0.0499182 0.059129 0.00381477 0.0160265 -0.0711309 -0.0155869 0.0670282 -0.0749499 -0.0111972 -0.0700968
internal_weight=16553.9 14391.6 9386.73 8819.94 5004.86 4089.44 511.019 4812.79 2162.3 4007.16 3578.42 2109.02 137.376 566.784
internal_count=11598631 9831568 1005752 788469 8825816 8390627 468491 540510 1767063 247959 7922136 1645029 57057 217283
is_linear=0
shrinkage=0.1


Tree=208
num_leaves=15
num_cat=0
split_feature=5 5 2 3 0 4 1 3 0 0 2 4 4 0
split_gain=1409.71 199.276 9.43687 2.73393 2.97533 0.0118757 0.00380456 0.000662455 0.000263478 0.00121643 0.00108539 8.00995e-05 6.98447e-05 6.20817e-05
threshold=3.0012133121490483 3.00477147102356 2.3278195858001713 94.187500000000014 0.12500000372529033 6.3878748416900644 4.5000000000000009 2.5625000000000004 0.17500000447034839 0.27500000596046453 2.3278195858001713 4.8159308433532724 5.9367952346801767 0.17500000447034839
decision_type=2 2 2 2 2 2 2 2 2 2 2 2 2 2
left_child=6 2 3 4 -2 -5 7 -1 11 10 -10 -8 -11 -3
right_child=1 13 -4 5 -6 -7 8 -9 9 12 -12 -13 -14 -15
leaf_value=-0.080010736506009539 0.11291346269450796 -0.080018286155721319 -0.08027197707546492 -0.085035092505614807 0.080120023063091628 -0.11060137364522492 -0.080012196517984177 -0.08682787231938531 -0.081743204384124815 -0.080041981078747701 -0.080282271558650933 -0.080095276908503543 -0.08024585360810986 -0.082053548933421316
leaf_weight=0.16710516263242314 28.427913201521733 83.459790809595233 3.6476316007319829 0.66376815598050498 1033.5041300114244 0.25016117095947266 1087.8370236042308 0.96986679789551999 8.4008307697222353 172.3123739165967 12.885591029400528 129.90436829580722 18.619969657098409 0.1501423559820968
leaf_count=1024 7286 607151 11113 288 571929 1 8911263 227 1161 1082006 72904 268665 63278 335
internal_value=-0.0137934 0.0686431 0.080298 0.0808491 0.0809979 -0.0920331 -0.0800436 -0.0858259 -0.080039 -0.0801418 -0.0808588 -0.0800211 -0.0800619 -0.0800219
internal_weight=2581.2 1150.1 1066.49 1062.85 1061.93 0.913929 1431.1 1.13697 1429.96 212.219 21.2864 1217.74 190.932 83.6099
internal_count=11598631 1198103 590617 579504 579215 289 10400528 1251 10399277 1219349 74065 9179928 1145284 607486
is_linear=0
shrinkage=0.1


Tree=209
num_leaves=15
num_cat=0
split_feature=0 2 5 0 2 2 5 3 5 2 2 4 2 3
split_gain=769.363 379.901 57.0329 49.0015 68.0562 222.183 47.6943 29.7944 6.33296 0.895772 26.6256 38.9984 0.223886 0.157259
threshold=0.12500000372529033 2.3278195858001713 2.0556275844573979 0.075000001117587103 2.4528195858001713 2.3278195858001713 2.0556275844573979 66.062500000000014 2.0587884187698369 2.4528195858001713 2.3278195858001713 0.68786904215812694 2.2028195858001713 65.562500000000014
decision_type=2 2 2 2 2 2 2 2 2 2 2 2 2 2
left_child=3 -2 13 9 5 12 -7 8 -4 10 -1 -12 -5 -3
right_child=1 2 7 4 -6 6 -8 -9 -10 -11 11 -13 -14 -15
leaf_value=-0.080016684087021131 -0.080110615561164805 -0.080514812823853643 0.080229616079033853 -0.08017883219162289 -0.080315009278376481 -0.094665518146432481 0.095756669033025599 -0.082701082721850741 -0.097501772627629768 -0.080042967370387547 0.1838537221842092 -0.073779954771830011 -0.11968791967856779 -0.12129788912317407
leaf_weight=374.02806957953658 190.61314656501781 21.763085880935254 943.28154435683973 201.77856343687745 239.49350304415566 14.497277761256553 141.87122341043141 11.411868955045064 2.0091054868680649 409.28947486528682 9.6686012332938862 14.976324261733678 1.4445457501205954 0.98843072169984125
leaf_count=3483800 1153398 72968 527716 1885999 1698183 43192 44305 69634 2051 2499396 49661 65538 1963 827
internal_value=-0.0108621 0.0490546 0.0741916 -0.0606874 -0.0390153 -0.011509 0.0781022 0.0779129 0.0798519 -0.0767568 -0.073383 0.0272939 -0.0804597 -0.0822866
internal_weight=2577.11 1170.07 979.454 1407.05 599.085 359.592 156.369 956.703 945.291 807.962 398.673 24.6449 203.223 22.7515
internal_count=11598631 1826594 673196 9772037 3673642 1975459 87497 599401 529767 6098395 3598999 115199 1887962 73795
is_linear=0
shrinkage=0.1


Tree=210
num_leaves=15
num_cat=0
split_feature=2 0 1 1 4 0 0 1 1 0 2 0 3 4
split_gain=1140.98 171.746 15.9332 2.51999 2.2432 2.10269 1.87624 0.0596015 0.0040165 0.000212864 0.0014859 0.0016812 0.000669711 5.28147e-05
threshold=-1.0000000180025095e-35 0.17500000447034839 13.500000000000002 16.500000000000004 -0.51500990986824025 0.12500000372529033 0.075000001117587103 12.500000000000002 4.5000000000000009 0.17500000447034839 2.0778195858001713 0.22500000149011615 65.562500000000014 2.98427426815033
decision_type=2 2 2 2 2 2 2 2 2 2 2 2 2 2
left_child=1 2 5 6 -5 7 -4 -1 -2 13 11 -11 -12 -10
right_child=8 -3 3 4 -6 -7 -8 -9 9 10 12 -13 -14 -15
leaf_value=-0.080012576754621645 -0.086589930148363733 0.080093736611472344 -0.03734751364608515 0.017623506579589207 -0.082318511433602734 0.01809013828906304 0.0063328830002897258 -0.069591788466192059 -0.080007803360570312 -0.08111206727403536 -0.080638990804595342 -0.086883410651826476 -0.080010561861795629 -0.080061043360131479
leaf_weight=12.828644404144374 0.93606317724947885 822.58654537645634 14.059557281318119 624.98805595480371 2.2539017848903304 2.6849371939897528 32.716570514021441 9.5925378379761241 819.36358877053635 6.5161530087934798 19.047305374340795 0.54711569845676411 154.60105308303173 241.17239543002688
leaf_count=73081 249 565456 40181 267824 562 38 1828 51894 8646922 391 68342 6 1157671 724186
internal_value=-0.0089284 0.0491221 0.012681 0.0155946 0.0172644 -0.0655396 -0.00679619 -0.0755542 -0.0800419 -0.080037 -0.0801373 -0.0815591 -0.0800795 -0.0800199
internal_weight=2763.89 1521.71 699.124 674.018 627.242 25.1061 46.7761 22.4212 1242.18 1241.25 180.712 7.06327 173.648 1060.54
internal_count=11598631 1000864 435408 310395 268386 125013 42009 124975 10597767 10597518 1226410 397 1226013 9371108
is_linear=0
shrinkage=0.1


Tree=211
num_leaves=15
num_cat=0
split_feature=2 3 5 3 5 5 4 3 4 5 1 2 2 2
split_gain=514.673 303.096 248.253 663.069 537.092 432.838 133.316 100.134 97.9572 72.4938 37.5419 36.7491 44.2108 24.7481
threshold=2.6250000000000004 135.31250000000003 2.0556275844573979 72.812500000000014 2.082067728042603 2.4432649612426762 3.380677461624146 57.312500000000007 5.2396721839904794 2.0587884187698369 15.500000000000002 2.3278195858001713 2.4528195858001713 2.8750000000000004
decision_type=2 2 2 2 2 2 2 2 2 2 2 2 2 2
left_child=8 2 3 7 9 -6 -5 -2 -1 -4 -10 -12 -13 -3
right_child=1 13 4 6 5 -7 -8 -9 10 -11 11 12 -14 -15
leaf_value=-0.074165790908833143 -0.046952648426095568 0.041731430503432164 -0.12666378499719069 0.31282590528034365 0.057547762840196116 -0.0063506139185159922 0.12482440130036394 0.037865477532280561 -0.092822808231922058 -0.055083938713252102 -0.073556217667345811 0.076850415260576829 -0.011741203431908973 0.084673664830623246
leaf_weight=921.5382399778191 400.66604600574874 180.72758677054662 314.88668257655809 41.534995358626134 1327.877759773939 5256.867516026774 410.54318676399998 213.28106916030254 54.585074213377084 256.93750556468876 62.384722828341182 75.660771860799287 220.4825795708748 521.37142255374965
leaf_count=7500668 1104190 18417 761609 396 186390 1609889 39509 115072 75997 16010 7441 2845 6975 153223
internal_value=0.00189184 0.0105533 0.0051683 0.0501889 -0.00153786 0.00653511 0.142097 -0.0174874 -0.0560268 -0.0945008 -0.015564 -0.00380152 0.0108928 0.0736199
internal_weight=10259.3 8924.69 8222.59 1066.03 7156.57 6584.75 452.078 613.947 1334.65 571.824 413.113 358.528 296.143 702.099
internal_count=11598631 4004705 3833065 1259167 2573898 1796279 39905 1219262 7593926 777619 93258 17261 9820 171640
is_linear=0
shrinkage=0.1


Tree=212
num_leaves=15
num_cat=0
split_feature=0 2 5 3 5 4 3 4 2 3 3 3 2 3
split_gain=1178 770.771 389.276 611.843 409.623 305.244 293.2 244.155 213.813 196.965 190.367 115.193 107.094 90.7781
threshold=0.22500000149011615 2.8750000000000004 2.7235324382781987 124.68750000000001 2.6292189359664921 3.3260011672973637 132.68750000000003 3.5857137441635136 -1.0000000180025095e-35 128.31250000000003 126.43750000000001 65.562500000000014 2.4528195858001713 78.437500000000014
decision_type=2 2 2 2 2 2 2 2 2 2 2 2 2 2
left_child=1 5 4 7 10 8 -5 -4 -1 -6 -3 -10 -2 -7
right_child=12 2 3 6 9 13 -8 -9 11 -11 -12 -13 -14 -15
leaf_value=0.0075913946035298385 -0.074833725840163054 -0.010546805104250698 -0.30718151805024779 0.048737362515468285 0.059023839712905361 0.034893816696915922 -0.075889725007182454 -0.11072588775833883 0.079812944036163624 -0.083557281470295286 -0.090421668242173625 0.044104405322831886 0.080033743544104807 0.00061970241252784974
leaf_weight=897.5070439837873 1799.6286574644037 2591.0854086338868 71.344665931304917 475.10316534340382 1203.6226915580046 1152.6000613138021 313.22764821734745 558.34027214581147 1823.8137737110064 105.36878068116494 337.21289580711982 1790.1222983918851 45.788608483271673 2344.9537815400108
leaf_count=435189 1645029 366421 945 35544 55537 136568 138303 84617 5309802 8725 33928 3105781 122034 120208
internal_value=0.00400124 0.0141293 -0.0141345 -0.0594873 0.0010429 0.0340868 -0.000780744 -0.132985 0.0512762 0.0475466 -0.0197449 0.0621251 -0.0709911 0.0119146
internal_weight=15509.7 13664.3 5655.31 1418.02 4237.29 8009 788.331 629.685 4511.44 1308.99 2928.3 3613.94 1845.42 3497.55
internal_count=11598631 9831568 724020 259409 464611 9107548 173847 85562 8850772 64262 400349 8415583 1767063 256776
is_linear=0
shrinkage=0.1


Tree=213
num_leaves=15
num_cat=0
split_feature=5 5 2 2 3 1 3 0 0 0 2 4 4 0
split_gain=1211.61 174.454 8.43519 2.72347 2.3884 0.00382943 0.000575322 0.000498245 0.00022531 0.00094627 0.000840637 6.09385e-05 4.99843e-05 4.03001e-05
threshold=3.0012133121490483 3.00477147102356 2.3278195858001713 2.2028195858001713 94.187500000000014 4.5000000000000009 2.5625000000000004 0.17500000447034839 0.17500000447034839 0.27500000596046453 2.3278195858001713 4.8159308433532724 -0.51500990986824025 0.17500000447034839
decision_type=2 2 2 2 2 2 2 2 2 2 2 2 2 2
left_child=5 2 3 7 -5 6 -1 -2 11 10 -10 -7 -11 -3
right_child=1 13 -4 4 -6 8 -8 -9 9 12 -12 -13 -14 -15
leaf_value=-0.080009219960025996 -0.08016107156612319 -0.080017582409044982 -0.080250053265309415 0.081064699130487763 -0.091391582906193397 -0.080011025936428989 -0.086814433019019685 -0.086148327730049934 -0.081647051558524086 -0.080037840357624068 -0.080267746611456303 -0.08008735329250348 -0.080184279937811936 -0.081777658316450341
leaf_weight=0.14270364592061813 0.87330447005660861 73.344525817455633 3.2668129462326752 907.51738139719237 0.8037725605245204 950.00837613577619 0.95965374758088728 0.16529933363199234 7.3653223608416747 134.64745839918032 11.044484683668998 117.54183601553814 28.188269560210756 0.13032082374411302
leaf_count=1024 6997 607151 11113 572245 260 8911263 227 2 1161 970167 72904 268665 175117 335
internal_value=-0.0146584 0.0682164 0.0801508 0.080727 0.0809121 -0.0800421 -0.0859335 -0.081114 -0.0800369 -0.08014 -0.0808196 -0.0800194 -0.0800632 -0.0800207
internal_weight=2236 986.101 912.627 909.36 908.321 1249.9 1.10236 1.0386 1248.8 181.246 18.4098 1067.55 162.836 73.4748
internal_count=11598631 1198103 590617 579504 572505 10400528 1251 6999 10399277 1219349 74065 9179928 1145284 607486
is_linear=0
shrinkage=0.1


Tree=214
num_leaves=15
num_cat=0
split_feature=0 2 0 2 2 5 5 3 5 2 2 4 2 3
split_gain=652.767 325.059 50.9225 69.025 203.432 49.2091 43.0375 25.984 5.54767 1.01403 26.6147 31.4148 0.161813 0.116231
threshold=0.12500000372529033 2.3278195858001713 0.075000001117587103 2.4528195858001713 2.3278195858001713 2.0556275844573979 2.0587884187698369 66.062500000000014 2.0587884187698369 2.4528195858001713 2.3278195858001713 0.68786904215812694 2.2028195858001713 65.562500000000014
decision_type=2 2 2 2 2 2 2 2 2 2 2 2 2 2
left_child=2 -2 9 4 12 13 -6 8 -7 10 -1 -12 -4 -3
right_child=1 5 3 -5 6 7 -8 -9 -10 -11 11 -13 -14 -15
leaf_value=-0.080015224406341665 -0.080112775131917377 -0.08052527862255375 -0.080169728893712322 -0.080301357151144281 0.094975095572988222 0.08022507161070988 -0.080570323117947207 -0.082550563046460565 -0.096300786497424185 -0.080039633134727714 0.15607618873630572 -0.073021637116181426 -0.1148205886503999 -0.11696940861787244
leaf_weight=326.10335717430348 162.86917277646717 18.735121413548772 174.42806246232067 210.85750591286342 137.75927522094571 814.67172351991758 15.541449264957917 9.9738260610538401 1.7842009394444165 363.20697088673592 10.754164514328297 13.497740801321923 1.3581704143070954 0.91800013980537087
leaf_count=3483800 1153398 72968 1885999 1698183 44407 527716 43090 69634 2051 2499396 49661 65538 1963 827
internal_value=-0.010614 0.0492571 -0.0588044 -0.0356341 -0.00701418 0.0741605 0.0771785 0.0778795 0.0798393 -0.0763372 -0.072499 0.0285686 -0.0804375 -0.0822276
internal_weight=2262.46 1008.95 1253.51 539.944 329.087 846.083 153.301 826.43 816.456 713.562 350.355 24.2519 175.786 19.6531
internal_count=11598631 1826594 9772037 3673642 1975459 673196 87497 599401 529767 6098395 3598999 115199 1887962 73795
is_linear=0
shrinkage=0.1


Tree=215
num_leaves=15
num_cat=0
split_feature=3 0 1 1 0 0 0 1 1 0 3 4 2 4
split_gain=976.568 161.807 14.2004 2.10254 2.29874 2.03656 1.66627 0.0640982 0.00391711 0.000197111 0.00121713 0.00221194 0.000291138 4.13681e-05
threshold=1.0000000180025095e-35 0.17500000447034839 13.500000000000002 16.500000000000004 0.12500000372529033 0.12500000372529033 0.075000001117587103 12.500000000000002 4.5000000000000009 0.17500000447034839 65.562500000000014 -0.091268468648195253 2.2028195858001713 2.98427426815033
decision_type=2 2 2 2 2 2 2 2 2 2 2 2 2 2
left_child=1 2 5 6 -5 7 -4 -1 -2 13 11 -11 -12 -10
right_child=8 -3 3 4 -6 -7 -8 -9 9 10 12 -13 -14 -15
leaf_value=-0.080011522899784193 -0.086549308588008564 0.080080301827140876 -0.035384870006806922 0.014477704568558489 0.035617614068173362 0.017098569011017452 0.0064398215954171003 -0.068754771829440939 -0.080006916897827587 -0.082783998739693221 -0.081483685142413317 -0.080323684035688958 -0.080009069107965625 -0.080056758566155406
leaf_weight=11.753308596395303 0.92414423570858062 704.24530263629276 13.441698535578324 575.39386044890853 56.487859532237053 2.7060644179582587 32.692666306858882 8.8805521260655951 711.38987087937858 4.5606097194249768 1.3526290727313597 18.386038562479371 131.69049182179151 217.42008352737503
leaf_count=73081 249 565456 40181 268064 322 38 1828 51894 8646922 581 77 68082 1157670 724186
internal_value=-0.00880429 0.0462213 0.0122228 0.0148628 0.0163675 -0.0644694 -0.00574621 -0.0751668 -0.0800416 -0.0800361 -0.0801401 -0.0808127 -0.0800241 -0.0800186
internal_weight=2491.33 1405.6 701.356 678.016 631.882 23.3399 46.1344 20.6339 1085.72 1084.8 155.99 22.9466 133.043 928.81
internal_count=11598631 1000864 435408 310395 268386 125013 42009 124975 10597767 10597518 1226410 68663 1157747 9371108
is_linear=0
shrinkage=0.1


Tree=216
num_leaves=15
num_cat=0
split_feature=2 5 1 4 4 2 3 4 3 4 3 5 1 3
split_gain=427.824 313.462 250.421 206.579 365.22 139.555 60.6178 46.6613 44.9905 30.9334 47.6556 23.8949 23.4875 18.1674
threshold=2.3278195858001713 3.0405635833740239 15.500000000000002 6.3878748416900644 4.3785204887390146 2.8750000000000004 88.812500000000014 9.1080212593078631 87.062500000000014 3.3260011672973637 102.93750000000001 3.5934629440307622 12.500000000000002 65.562500000000014
decision_type=2 2 2 2 2 2 2 2 2 2 2 2 2 2
left_child=-1 2 7 4 -4 -5 8 12 13 10 -8 -10 -2 -3
right_child=1 6 3 5 -6 -7 9 -9 11 -11 -12 -13 -14 -15
leaf_value=-0.07930329655478742 -0.091596410693529418 -0.045775608310927106 0.026939394935861578 0.0099719721580447777 -0.023152645602653586 0.062637511461559561 0.32805061365452359 0.061331848525975299 -0.10335915027165198 0.083168066052551656 0.10243666809296037 0.13757988860359036 -0.049382020773408183 0.10372976917584815
leaf_weight=609.63258459231656 181.61225207447296 10.613336420698031 2522.4493327465489 1056.4019727878913 3441.1471779594285 960.7194901619805 13.410669046046676 32.743120697792619 36.21901242659078 460.7123950998066 31.013615990057588 4.6439060106422394 480.5381392509189 34.708336108720687
leaf_count=6525160 626021 31401 2791087 24731 115765 170751 92 1199 64338 208920 1645 274 1033598 3649
internal_value=0.00184205 0.00718026 0.00237866 0.00739195 -0.00196499 0.0350556 0.0776273 -0.0551981 0.00011368 0.0908524 0.170544 -0.0759774 -0.0609604 0.0687189
internal_weight=9876.57 9266.93 8675.61 7980.72 5963.6 2017.12 591.321 694.894 86.1846 505.137 44.4243 40.8629 662.15 45.3217
internal_count=11598631 5073471 4763152 3102334 2906852 195482 310319 1660818 99662 210657 1737 64612 1659619 35050
is_linear=0
shrinkage=0.1


Tree=217
num_leaves=15
num_cat=0
split_feature=0 4 5 4 3 4 4 2 2 2 5 4 3 3
split_gain=973.699 614.795 231.681 174.941 212.859 174.665 318.314 162.308 136.607 91.0392 84.0631 54.486 69.2763 49.6284
threshold=0.22500000149011615 1.6720426678657534 3.0405635833740239 -0.51500990986824025 91.437500000000014 6.4972276687622079 4.3785204887390146 2.8750000000000004 1.0000000180025095e-35 2.4528195858001713 2.4264835119247441 6.4972276687622079 91.562500000000014 88.812500000000014
decision_type=2 2 2 2 2 2 2 2 2 2 2 2 2 2
left_child=1 3 5 4 8 6 -3 -7 -1 11 -6 -2 -13 -4
right_child=9 2 13 -5 10 7 -8 -9 -10 -11 -12 12 -14 -15
leaf_value=0.0065836503249235975 -0.079122285155641223 -0.017634833680465898 0.0051911183418072021 0.069906169306899565 0.009902471305755332 0.0014039711626383786 0.02794607106123724 -0.055895798346676809 0.057554424139567385 0.08003037585235559 -0.12000007471650516 0.081101068456280012 -0.080070886934795263 -0.082547736698478189
leaf_weight=883.45766947575544 1441.8722828212194 2526.7046302228409 76.403922221797984 1665.9123037084355 82.216559740494631 1123.9278111629537 3892.2288841224217 882.51725021615857 1298.8556027255988 39.342533268558327 126.40911425539525 49.786228406243026 57.435163328191265 412.68224673430086
leaf_count=435155 1587972 504575 7433 4469159 46476 27802 160437 170129 3782988 122034 17445 4951 52106 209969
internal_value=0.00370687 0.0127564 -0.00193011 0.0450285 0.0276947 0.00195403 0.0100039 -0.0237988 0.0369201 -0.0701928 -0.0688072 -0.074008 -0.00523373 -0.0688414
internal_weight=14559.8 12971.3 8914.46 4056.85 2390.94 8425.38 6418.93 2006.45 2182.31 1588.44 208.626 1549.09 107.221 489.086
internal_count=11598631 9831568 1080345 8751223 4282064 862943 665012 197931 4218143 1767063 63921 1645029 57057 217402
is_linear=0
shrinkage=0.1


Tree=218
num_leaves=15
num_cat=0
split_feature=5 5 2 2 3 1 3 0 0 0 2 4 4 0
split_gain=1050.25 153.219 7.61104 2.34175 2.18748 0.00379794 0.000493692 0.000312368 0.000212031 0.000744502 0.000672899 5.25696e-05 4.76989e-05 2.59614e-05
threshold=3.0012133121490483 3.00477147102356 2.3278195858001713 2.2028195858001713 94.187500000000014 4.5000000000000009 2.5625000000000004 0.17500000447034839 0.17500000447034839 0.27500000596046453 2.3278195858001713 -0.51500990986824025 4.8159308433532724 0.17500000447034839
decision_type=2 2 2 2 2 2 2 2 2 2 2 2 2 2
left_child=5 2 3 7 -5 6 -1 -2 12 10 -10 -11 -7 -3
right_child=1 13 -4 4 -6 8 -8 -9 9 11 -12 -13 -14 -15
leaf_value=-0.080007922690512878 -0.080151778080903582 -0.080016305437778976 -0.080234790420799895 0.081153013618508532 -0.090698187839651986 -0.080010038121148375 -0.086769230822945437 -0.085238917209314077 -0.081578593044498784 -0.080041284062151552 -0.080257014344455327 -0.080199636292668977 -0.080081227450469 -0.081534259661649566
leaf_weight=0.12188534739084278 0.74989107068540661 64.47396200302137 2.9458097106034975 781.97251002083067 0.74139628489501674 831.45868455943514 0.94745904163573869 0.14385882019996643 6.4560720689041782 114.81138100945827 9.5541941229166696 25.647885158054123 106.13337865733774 0.11286798978107881
leaf_count=1024 6997 607151 11113 572245 260 8911263 227 2 1161 970167 72904 175117 268665 335
internal_value=-0.0152811 0.0680443 0.0802024 0.0808055 0.0809902 -0.0800419 -0.0859986 -0.0809706 -0.0800361 -0.0801438 -0.0807899 -0.0800702 -0.0800181 -0.080019
internal_weight=1946.27 851.14 786.553 783.608 782.714 1095.13 1.06934 0.89375 1094.06 156.47 16.0103 140.459 937.592 64.5868
internal_count=11598631 1198103 590617 579504 572505 10400528 1251 6999 10399277 1219349 74065 1145284 9179928 607486
is_linear=0
shrinkage=0.1


Tree=219
num_leaves=15
num_cat=0
split_feature=0 2 0 2 2 5 5 3 5 2 2 3 2 3
split_gain=553.783 277.353 52.1833 69.5019 185.865 45.9537 42.8377 22.7574 4.93554 1.15109 26.8793 28.6862 0.113001 0.0852302
threshold=0.12500000372529033 2.3278195858001713 0.075000001117587103 2.4528195858001713 2.3278195858001713 2.0556275844573979 2.0556275844573979 66.062500000000014 2.0587884187698369 2.4528195858001713 2.3278195858001713 65.562500000000014 2.2028195858001713 65.562500000000014
decision_type=2 2 2 2 2 2 2 2 2 2 2 2 2 2
left_child=2 -2 9 4 12 13 -6 8 -7 10 -1 -12 -4 -3
right_child=1 5 3 -5 6 7 -8 -9 -10 -11 11 -13 -14 -15
leaf_value=-0.080013704380119621 -0.080116825496569455 -0.080534486363653957 -0.080158753916691305 -0.08027709932335475 -0.094659107996571804 0.08022283538003179 0.093435130501250532 -0.082416806322728464 -0.095034812030631535 -0.080036608659670994 -0.080010130949878841 0.14042149785044597 -0.11016057850985161 -0.11289731022275398
leaf_weight=284.06061065241721 139.16585781198592 17.587814077211082 150.83360320611973 186.6150004550218 13.292166714396442 706.60312923672609 135.91905027654866 8.7525676586810714 1.6105339948226163 323.25181682363058 11.721033228001035 11.895083206152774 1.2659552284021618 0.85324743669843783
leaf_count=3483800 1153398 72968 1885999 1698183 43192 527716 44305 69634 2051 2499396 103977 11222 1963 827
internal_value=-0.0102782 0.0493372 -0.0568777 -0.0323197 -0.00261757 0.0738346 0.0766792 0.0778437 0.0798243 -0.0758694 -0.0714913 0.031018 -0.0804085 -0.0820319
internal_weight=1993.43 874.573 1118.85 487.926 301.311 735.407 149.211 716.966 708.214 630.929 307.677 23.6161 152.1 18.4411
internal_count=11598631 1826594 9772037 3673642 1975459 673196 87497 599401 529767 6098395 3598999 115199 1887962 73795
is_linear=0
shrinkage=0.1


Tree=220
num_leaves=15
num_cat=0
split_feature=2 0 1 4 1 0 1 1 0 0 3 4 2 4
split_gain=835.031 151.189 12.6527 2.09149 2.07771 1.96947 0.0687799 0.00385896 0.00270088 0.000179552 0.00109037 0.00213457 0.000229365 3.2348e-05
threshold=-1.0000000180025095e-35 0.17500000447034839 13.500000000000002 -0.51500990986824025 19.500000000000004 0.12500000372529033 12.500000000000002 4.5000000000000009 0.12500000372529033 0.17500000447034839 65.562500000000014 -0.35098096728324885 2.2028195858001713 2.98427426815033
decision_type=2 2 2 2 2 2 2 2 2 2 2 2 2 2
left_child=1 2 5 4 -4 6 -1 -2 -5 13 11 -11 -12 -9
right_child=7 -3 3 8 -6 -7 -8 9 -10 10 12 -13 -14 -15
leaf_value=-0.08001056466343294 -0.086529444321783056 0.080068571631343732 0.011758420150639579 -0.080376459429339575 0.02580896968254744 0.01611476762568443 -0.067873208790266024 -0.080006199406210163 -0.088369920187328033 -0.083074143570283462 -0.081401069558032668 -0.080348344904379809 -0.080008085528327444 -0.080052797180504676
leaf_weight=10.778926248487554 0.91580558071211626 600.78010028158315 548.18649649751023 1.6710726530291133 130.25066202878952 2.7273140214383593 8.2365498016879428 619.59113224842065 0.5658312290906905 3.4822327758265628 1.1946328807389353 16.418603152807918 112.18427857960705 196.13596497764411
leaf_count=73081 249 565456 250299 586 59504 38 51894 8646922 6 506 77 68157 1157670 724186
internal_value=-0.00873624 0.0432392 0.0117389 0.0141376 0.0144559 -0.0633552 -0.0747533 -0.0800412 -0.0823984 -0.080035 -0.0801426 -0.0808253 -0.0800228 -0.0800174
internal_weight=2253.12 1303.2 702.417 680.674 678.437 21.7428 19.0155 949.923 2.2369 949.007 133.28 19.9008 113.379 815.727
internal_count=11598631 1000864 435408 310395 309803 125013 124975 10597767 592 10597518 1226410 68663 1157747 9371108
is_linear=0
shrinkage=0.1


Tree=221
num_leaves=15
num_cat=0
split_feature=0 4 4 2 3 5 3 2 3 5 4 5 3 1
split_gain=390.513 244.853 254.403 370.489 730.6 253.947 250.91 184.272 176.811 134.873 60.4378 55.8251 53.1628 46.227
threshold=0.075000001117587103 6.3878748416900644 4.8159308433532724 2.8750000000000004 104.18750000000001 2.483146190643311 132.68750000000003 2.8750000000000004 78.437500000000014 1.5365180373191836 4.1734840869903573 1.3744092583656313 96.312500000000014 17.500000000000004
decision_type=2 2 2 2 2 2 2 2 2 2 2 2 2 2
left_child=1 2 3 8 -5 9 -7 11 -1 -4 -2 -3 -13 -12
right_child=10 7 5 4 -6 6 -8 -9 -10 -11 13 12 -14 -15
leaf_value=-0.071825538065495242 -0.077975857615652636 0.082969968611932732 0.20298692213391042 0.13514871752828353 0.0082706036324239427 -0.058503695976910366 0.072785145396959655 0.067668593379492104 0.0024421745800469112 0.012550628812981711 -0.064485206126741954 -0.01903954846991163 0.027340723387939764 -0.0022018677282209195
leaf_weight=538.04145307642102 563.81951053312514 93.725997260771692 39.168435759958811 589.41671138230049 1973.1279090168828 1596.7278313222632 160.16835912375245 1066.5397924394347 793.05058526355424 736.26853652717546 213.83511785282462 538.61926185351331 456.68219572701491 269.16731121574412
leaf_count=4615218 5303510 1788 1288 143777 32715 27260 18449 336390 845304 34182 173134 7963 34061 23592
internal_value=0.00192522 0.0089591 -0.000824119 0.0152222 0.0374541 -0.0254964 -0.0465347 0.0381239 -0.0275776 0.0221698 -0.0557365 0.0091893 0.00224149 -0.029776
internal_weight=9628.36 8581.54 6425.97 3893.64 2562.54 2532.33 1756.9 2155.57 1331.09 775.437 1046.82 1089.03 995.301 483.002
internal_count=11598631 6098395 5718193 5637014 176492 81179 45709 380202 5460522 35470 5500236 43812 42024 196726
is_linear=0
shrinkage=0.1


Tree=222
num_leaves=15
num_cat=0
split_feature=0 4 5 1 2 3 5 1 4 4 3 2 3 1
split_gain=808.607 525.91 189.804 167.113 161.957 142.632 323.168 100.472 82.7575 82.7213 96.2088 45.0831 46.6114 36.0892
threshold=0.17500000447034839 1.6720426678657534 3.0405635833740239 19.500000000000004 1.0000000180025095e-35 65.062500000000014 1.4094989299774172 14.500000000000002 4.3785204887390146 -0.51500990986824025 65.562500000000014 2.0778195858001713 88.812500000000014 14.500000000000002
decision_type=2 2 2 2 2 2 2 2 2 2 2 2 2 2
left_child=1 4 3 7 13 -6 -7 -3 -5 -2 -11 -4 -13 -1
right_child=9 2 11 8 5 6 -8 -9 -10 10 -12 12 -14 -15
leaf_value=0.065908767237902482 -0.077941123407622812 0.065137799745789565 0.088940703376361993 -0.036200398864439647 0.079201171710205201 -10.785364619061442 0.033937126666755281 0.010222710463178644 -0.0041211606413153147 0.081986827766421119 -0.06040963234309446 0.0015777343263843697 -0.088519390822248009 -0.0010977532606547761
leaf_weight=89.637936166604959 1218.0764245342143 362.2305895202735 17.853133895638166 1151.2862272795464 1314.5317320827257 0.027608182652783309 1451.7619384303562 4152.4463748162379 2667.4389433807228 73.847500218107598 132.72526067587023 69.014184528932674 341.82679975806968 778.17761703737779
leaf_count=147394 1533498 152420 558 107525 5234259 18 3059669 443818 156779 68297 190101 7169 209670 287456
internal_value=0.00333177 0.0115317 -0.0017333 0.00160489 0.0435143 0.0553382 0.0337314 0.0146288 -0.0137926 -0.0680179 -0.00950446 -0.0666245 -0.0733846 0.00582345
internal_weight=13820.9 12396.2 8762.1 8333.4 3634.14 2766.32 1451.79 4514.68 3818.73 1424.65 206.573 428.694 410.841 867.816
internal_count=11598631 9806735 1077939 860542 8728796 8293946 3059687 596238 264304 1791896 258398 217397 216839 434850
is_linear=0
shrinkage=0.1


Tree=223
num_leaves=15
num_cat=0
split_feature=5 5 2 2 3 1 3 0 0 0 2 3 4 0
split_gain=904.918 131.983 6.81248 2.07025 1.96959 0.00379822 0.000425707 0.00023131 0.000197934 0.000632218 0.000563485 4.98927e-05 3.692e-05 1.73882e-05
threshold=3.0012133121490483 3.00477147102356 2.3278195858001713 2.2028195858001713 94.187500000000014 4.5000000000000009 2.5625000000000004 0.17500000447034839 0.17500000447034839 0.27500000596046453 2.3278195858001713 31.687500000000004 4.8159308433532724 0.17500000447034839
decision_type=2 2 2 2 2 2 2 2 2 2 2 2 2 2
left_child=5 2 3 7 -5 6 -1 -2 12 10 -10 -11 -7 -3
right_child=1 13 -4 4 -6 8 -8 -9 9 11 -12 -13 -14 -15
leaf_value=-0.080006821632479602 -0.080144473128277383 -0.080015893821297895 -0.080217755620747122 0.081047767059214723 -0.08972412900994281 -0.080009229225597611 -0.086745737183152316 -0.084743486082907188 -0.081546815119184476 -0.080006504365113362 -0.08025445865223356 -0.08013568064678156 -0.080075363110968079 -0.081345541957566381
leaf_weight=0.10413883772753141 0.6608806414224081 55.692031647064141 2.6417900619635466 667.52366131811868 0.67605488920526013 731.49223726278933 0.93888871623494197 0.13104693219065666 5.7264034875843182 57.372028251964366 8.2119843628024682 62.442538908970164 95.426075705952826 0.098525333643919022
leaf_count=1024 6997 607151 11113 572245 260 8911263 227 2 1161 564867 72904 580417 268665 335
internal_value=-0.0163852 0.0677739 0.0800506 0.0806835 0.080875 -0.0800417 -0.0860729 -0.0809055 -0.0800351 -0.080148 -0.0807854 -0.0800738 -0.0800169 -0.0800182
internal_weight=1689.14 727.424 671.633 668.992 668.2 961.714 1.04303 0.791928 960.671 133.753 13.9384 119.815 826.918 55.7906
internal_count=11598631 1198103 590617 579504 572505 10400528 1251 6999 10399277 1219349 74065 1145284 9179928 607486
is_linear=0
shrinkage=0.1


Tree=224
num_leaves=15
num_cat=0
split_feature=0 2 0 2 2 5 5 3 5 2 2 4 2 3
split_gain=469.414 237.72 54.3329 69.8515 170.8 39.8513 39.0351 19.9463 4.37679 1.27679 26.7566 26.4891 0.0820519 0.067193
threshold=0.12500000372529033 2.3278195858001713 0.075000001117587103 2.4528195858001713 2.3278195858001713 2.0556275844573979 2.0587884187698369 66.062500000000014 2.0587884187698369 2.4528195858001713 2.3278195858001713 0.68786904215812694 2.2028195858001713 65.562500000000014
decision_type=2 2 2 2 2 2 2 2 2 2 2 2 2 2
left_child=2 -2 9 4 12 13 -6 8 -7 10 -1 -12 -4 -3
right_child=1 5 3 -5 6 7 -8 -9 -10 -11 11 -13 -14 -15
leaf_value=-0.080012496181960033 -0.080124454932917644 -0.080559092085838113 -0.080147818129575721 -0.080257482234811633 0.093114197421362455 0.080218862439470726 -0.080554894208114305 -0.082476415674195724 -0.094102799786510996 -0.080033916810973008 0.14116478569736254 -0.072110134274164586 -0.10660594513742008 -0.11032796980917421
leaf_weight=250.56521122247079 119.01690620273075 15.19753613346256 131.40380309320608 164.28346647449143 132.58963778784528 613.63576932367869 14.342243163802776 7.6679666113341218 1.443689120998896 285.85315288216896 11.377914070326371 11.92928724437297 1.1826652321688005 0.79804262018296945
leaf_count=3483800 1153398 72968 1885999 1698183 44407 527716 43090 69634 2051 2499396 49661 65538 1963 827
internal_value=-0.00977929 0.049631 -0.0546398 -0.0285085 0.00190625 0.0738083 0.0761621 0.0778115 0.0798097 -0.075359 -0.0704796 0.0320046 -0.0803838 -0.0820443
internal_weight=1761.29 757.76 1003.53 443.802 279.518 638.743 146.932 622.747 615.079 559.726 273.872 23.3072 132.586 15.9956
internal_count=11598631 1826594 9772037 3673642 1975459 673196 87497 599401 529767 6098395 3598999 115199 1887962 73795
is_linear=0
shrinkage=0.1


Tree=225
num_leaves=15
num_cat=0
split_feature=2 0 1 0 4 0 1 1 0 0 3 4 2 4
split_gain=712.626 142.395 10.1512 2.03486 1.86157 1.91166 0.0782144 0.00378917 0.0020544 0.000162503 0.000928788 0.0019062 0.000221925 2.4682e-05
threshold=1.0000000180025095e-35 0.17500000447034839 13.500000000000002 0.12500000372529033 -0.51500990986824025 0.12500000372529033 12.500000000000002 4.5000000000000009 0.12500000372529033 0.17500000447034839 65.562500000000014 -0.35098096728324885 2.2028195858001713 2.98427426815033
decision_type=2 2 2 2 2 2 2 2 2 2 2 2 2 2
left_child=1 2 3 6 5 -4 -1 -2 -6 13 11 -11 -12 -9
right_child=7 -3 4 -5 8 -7 -8 9 -10 10 12 -13 -14 -15
leaf_value=-0.080009129172586443 -0.086501396997593641 0.080058528199385845 0.011367913431411804 0.02075128035101196 -0.08034346528834041 0.02885458442517266 -0.066134724507284956 -0.080005644991912345 -0.087607762189919447 -0.082959111302761818 -0.081384431053195025 -0.080305337298114288 -0.080007409178876568 -0.080048695669196895
leaf_weight=9.3161847066012395 0.90687227075250021 512.89800989086507 616.80476571439067 2.6296146884560576 1.5327497118851163 69.567881926894188 7.2057990185858207 540.68937886177901 0.52186191082000721 3.3552665028437358 1.1848137606866647 14.002931230243119 96.032152823867364 176.69485980918216
leaf_count=73081 249 565456 309437 38 586 366 51894 8646922 6 506 77 68157 1157670 724186
internal_value=-0.00872657 0.0399391 0.010858 -0.0609539 0.0128558 0.0131403 -0.073958 -0.080041 -0.0821886 -0.0800339 -0.0801445 -0.0808183 -0.0800242 -0.0800162
internal_weight=2053.34 1220.48 707.579 19.1516 688.427 686.373 16.522 832.866 2.05461 831.959 114.575 17.3582 97.217 717.384
internal_count=11598631 1000864 435408 125013 310395 309803 124975 10597767 592 10597518 1226410 68663 1157747 9371108
is_linear=0
shrinkage=0.1


Tree=226
num_leaves=15
num_cat=0
split_feature=2 5 0 5 5 3 3 1 3 3 4 3 2 4
split_gain=332.18 237.45 199.534 223.589 369.569 342.82 52.516 50.4326 41.7871 38.84 22.1079 55.5121 21.7161 16.0045
threshold=2.3278195858001713 3.0405635833740239 0.075000001117587103 2.0347924232482915 2.082067728042603 63.187500000000007 88.812500000000014 17.500000000000004 87.062500000000014 104.18750000000001 2.9432669878005986 93.437500000000014 2.8750000000000004 9.5727705955505389
decision_type=2 2 2 2 2 2 2 2 2 2 2 2 2 2
left_child=-1 2 3 5 -5 -2 8 13 -3 -9 11 -8 -10 -4
right_child=1 6 7 4 -6 -7 10 9 12 -11 -12 -13 -14 -15
leaf_value=-0.07906103539731188 -0.019060066285626134 0.071404065531223845 -0.076638247219411704 -0.080267106597580296 0.007500695455378033 0.10193157483936766 1.1074969017385559 -0.04493777197427256 -0.10639044388811687 0.02435064023943603 0.083898192997318863 0.15263215309554445 0.10462517030115977 0.012203574366223298
leaf_weight=480.96334790584297 397.86723488050313 40.982045646454935 370.48558644416187 519.77669450521353 6231.8384677021422 569.22953202422639 0.62117748323362576 220.10731699300561 32.096250961796613 127.91907864550012 354.99284056859324 30.657779487548396 5.7508329595439127 21.451155337388627
leaf_count=6525160 658087 35050 1749097 454182 1099922 136046 19 656653 63876 8787 209311 1327 736 378
internal_value=0.00189179 0.00625489 0.00242986 0.0071853 0.000743844 0.0521552 0.0758197 -0.0471751 0.00143643 -0.0194704 0.0909996 0.171595 -0.0743268 -0.0717758
internal_weight=9404.74 8923.78 8458.68 7718.71 6751.62 967.097 465.101 739.963 78.8291 348.026 386.272 31.279 37.8471 391.937
internal_count=11598631 5073471 4763152 2348237 1554104 794133 310319 2414915 99662 665440 210657 1346 64612 1749475
is_linear=0
shrinkage=0.1


Tree=227
num_leaves=15
num_cat=0
split_feature=0 3 5 2 3 2 3 4 3 5 2 5 4 3
split_gain=672.358 418.516 490.146 224.984 406.276 220.644 131.045 85.7302 79.4852 81.9512 71.2843 71.1067 39.6038 50.9552
threshold=0.22500000149011615 59.437500000000007 1.8408593535423281 2.8750000000000004 95.937500000000014 -1.0000000180025095e-35 66.062500000000014 5.130319595336915 66.187500000000014 1.5563072562217715 2.4528195858001713 1.3560934066772463 6.4972276687622079 91.562500000000014
decision_type=2 2 2 2 2 2 2 2 2 2 2 2 2 2
left_child=1 5 8 6 -5 -1 -4 -7 9 -3 12 -9 -2 -14
right_child=10 2 3 4 -6 7 -8 11 -10 -11 -12 -13 13 -15
leaf_value=0.0055608556935142035 -0.078791711202873274 -0.16841185588670698 -0.034374073521404251 -0.10174843401682006 -0.00024937592837316088 0.078548974183350814 0.028406907674707216 -0.059238603571876582 -0.13599317382931103 0.033832085836067324 0.080023841735858747 0.050072402542668627 0.080821270787428734 -0.080052379577374433
leaf_weight=865.40416839471436 1052.2294703797088 29.223582356681788 365.47162008614305 430.95986265310785 4644.0353550614973 1351.8431629610131 3682.9269904629327 83.467157573089935 290.56615189848782 63.726757936659851 31.008603453825344 207.32229387902771 36.713380706962198 42.458609233784955
leaf_count=435747 1587972 1432 154417 121758 421685 5404506 3208199 2688 38900 33374 122034 8862 4951 52106
internal_value=0.00306187 0.0100878 0.0005017 0.0051571 -0.0088685 0.0464247 0.0227393 0.0679534 -0.110245 -0.0297534 -0.06956 0.0186962 -0.0736597 -0.00545257
internal_weight=13177.4 12014.9 9506.91 9123.39 5075 2508.04 4048.4 1642.63 383.516 92.9503 1162.41 290.789 1131.4 79.172
internal_count=11598631 9831568 3979765 3906059 543443 5851803 3362616 5416056 73706 34806 1767063 11550 1645029 57057
is_linear=0
shrinkage=0.1


Tree=228
num_leaves=15
num_cat=0
split_feature=5 5 2 3 2 4 1 3 0 0 1 3 4 0
split_gain=785.084 115.045 6.14663 1.84845 1.74035 0.00385001 0.00377917 0.000364734 0.000181357 0.000551603 0.000454851 4.45019e-05 2.81486e-05 1.40445e-05
threshold=3.0012133121490483 3.00477147102356 2.3278195858001713 94.187500000000014 2.2028195858001713 6.3878748416900644 4.5000000000000009 2.5625000000000004 0.17500000447034839 0.27500000596046453 15.500000000000002 31.687500000000004 4.8159308433532724 0.17500000447034839
decision_type=2 2 2 2 2 2 2 2 2 2 2 2 2 2
left_child=6 2 3 4 -2 -5 7 -1 12 10 -10 -11 -8 -3
right_child=1 13 -4 5 -6 -7 8 -9 9 11 -12 -13 -14 -15
leaf_value=-0.080005828390966552 -0.080779201023136571 -0.080014318836756221 -0.080200274388982737 -0.083448660429919899 0.081125940301716756 -0.10014267348189497 -0.080008570517181257 -0.086714079416833456 -0.081405284792881172 -0.080005538830367484 -0.080195628093677959 -0.080137411095812905 -0.080069590782401556 -0.081269776047253384
leaf_weight=0.088791588030288748 0.66468695453659066 48.570045078871772 2.3825981058507741 0.44249416576349077 574.43058351479704 0.20085318386554718 643.45421587967803 0.92969964145959239 6.0082161321806762 48.89211848150444 6.4406242870609276 53.692939345837658 85.661790332884266 0.089268894589621506
leaf_count=1024 6970 607151 11113 288 572245 1 8911263 227 15845 564867 58220 580417 268665 335
internal_value=-0.0171492 0.0676566 0.080086 0.0807493 0.0809388 -0.0886605 -0.0800415 -0.0861293 -0.0800342 -0.0801508 -0.0807794 -0.0800746 -0.0800157 -0.0800166
internal_weight=1471.95 626.781 578.121 575.739 575.095 0.643347 845.168 1.01849 844.15 115.034 12.4488 102.585 729.116 48.6593
internal_count=11598631 1198103 590617 579504 579215 289 10400528 1251 10399277 1219349 74065 1145284 9179928 607486
is_linear=0
shrinkage=0.1


Tree=229
num_leaves=15
num_cat=0
split_feature=0 2 2 2 5 5 5 3 5 4 3 2 3 2
split_gain=396.695 203.601 54.3162 246.633 66.955 74.1348 34.3429 18.7495 3.85345 0.698206 0.0480707 0.0427191 0.0263263 0.0195211
threshold=0.12500000372529033 2.3278195858001713 2.4528195858001713 2.3278195858001713 2.0556275844573979 2.0587884187698369 2.0556275844573979 66.062500000000014 2.0587884187698369 9.9144968986511248 65.562500000000014 2.2028195858001713 66.062500000000014 2.4528195858001713
decision_type=2 2 2 2 2 2 2 2 2 2 2 2 2 2
left_child=2 -2 3 11 9 -6 10 8 -8 -5 -3 -1 -13 -9
right_child=1 6 -4 4 5 -7 7 13 -10 -11 -12 12 -14 -15
leaf_value=-0.080055923031361068 -0.080134305323613209 -0.080573622890924901 -0.080109889669639889 -0.086372693080572882 0.12437037150075576 -0.080342816061280964 0.080218526884045308 -0.093350387448649777 -0.092963234918456761 -0.23317894269503806 -0.10677757115251743 -0.10666225042192271 -0.080043848140065585 -0.080020693509651825
leaf_weight=332.90236792659948 102.03314376402341 13.089526164490959 400.60287980079875 22.891163562897422 121.90477455309883 20.692943184199976 529.77199825074058 1.3521302455337707 1.2879541555084859 0.32861286459956218 0.73963830134380337 0.97821990595184505 0.59912355848246079 5.8608776931760076
leaf_count=5367037 1153398 72968 4197579 98232 2229 102193 527716 72 2051 42 827 147 4578 69562
internal_value=-0.00963178 0.049642 -0.0526699 -0.0306979 0.0690218 0.0946636 0.0736258 0.0776234 0.0797985 -0.0884503 -0.0819751 -0.0801337 -0.0965518 -0.0825194
internal_weight=1555.04 654.135 900.9 500.297 165.817 142.598 552.102 538.273 531.06 23.2198 13.8292 334.48 1.57734 7.21301
internal_count=11598631 1826594 9772037 5574458 202696 104422 673196 599401 529767 98274 73795 5371762 4725 69634
is_linear=0
shrinkage=0.1


Tree=230
num_leaves=15
num_cat=0
split_feature=2 0 1 0 4 0 1 1 0 0 3 4 2 4
split_gain=611.765 131.222 9.03364 1.94859 1.68382 1.67646 0.0835194 0.00372581 0.00158281 0.000154508 0.000862049 0.00187165 0.000187986 1.93642e-05
threshold=1.0000000180025095e-35 0.17500000447034839 13.500000000000002 0.12500000372529033 -0.51500990986824025 0.12500000372529033 12.500000000000002 4.5000000000000009 0.12500000372529033 0.17500000447034839 65.562500000000014 -0.35098096728324885 2.2028195858001713 2.98427426815033
decision_type=2 2 2 2 2 2 2 2 2 2 2 2 2 2
left_child=1 2 3 6 5 -4 -1 -2 -6 13 11 -11 -12 -9
right_child=7 -3 4 -5 8 -7 -8 9 -10 10 12 -13 -14 -15
leaf_value=-0.080008383285080725 -0.086474807077727631 0.080050004381290174 0.010841867124919888 0.01929951343633219 -0.080315337084775562 0.027297176598809609 -0.065103010076677389 -0.08000506193964739 -0.086950336526720157 -0.083066721811451777 -0.08133667058565637 -0.080285868117700457 -0.080006583011847487 -0.080045404337747386
leaf_weight=8.5525114740012231 0.89903534603933977 437.64180071325973 620.08447678192169 2.6595360226929179 1.4081108860555094 68.780536457896233 6.7075538673961992 474.02639081054565 0.4828190654516219 3.0322883550834385 1.07656968187075 11.991900394707041 81.821666844200081 158.85273871138634
leaf_count=73081 249 565456 309437 38 586 366 51894 8646922 6 506 77 68157 1157670 724186
internal_value=-0.00860336 0.0369958 0.0104077 -0.0596903 0.0122262 0.0124849 -0.0734567 -0.0800412 -0.0820095 -0.0800333 -0.0801502 -0.0808471 -0.0800239 -0.0800152
internal_weight=1878.02 1146.32 708.676 17.9196 690.756 688.865 15.2601 731.701 1.89093 730.802 97.9224 15.0242 82.8982 632.879
internal_count=11598631 1000864 435408 125013 310395 309803 124975 10597767 592 10597518 1226410 68663 1157747 9371108
is_linear=0
shrinkage=0.1


Tree=231
num_leaves=15
num_cat=0
split_feature=2 5 1 5 5 3 3 3 4 4 4 4 3 0
split_gain=288.091 217.905 183.262 169.033 328.899 161.776 48.9199 37.5009 36.5366 22.0048 27.0997 20.0156 59.1292 16.1811
threshold=2.3278195858001713 3.0405635833740239 14.500000000000002 2.6154246330261235 2.7235324382781987 126.43750000000001 88.812500000000014 88.687500000000014 6.2101769447326669 9.1080212593078631 7.1806812286376962 2.8339143991470341 93.937500000000014 0.075000001117587103
decision_type=2 2 2 2 2 2 2 2 2 2 2 2 2 2
left_child=-1 2 9 5 -5 -4 7 13 -9 10 -2 12 -8 -3
right_child=1 6 3 4 -6 -7 11 8 -10 -11 -12 -13 -14 -15
leaf_value=-0.078697734591715404 -0.06176383164242636 0.049179613146459827 0.012520864479178346 -0.039697766846195165 0.021363811122665045 0.078736917517230956 1.2020023158966617 -0.088905561192687721 -0.58454736888514292 0.069863094672203682 -0.15972985256005379 0.084060480122002901 0.15186692752860681 -0.11370005502396943
leaf_weight=422.04290482615579 335.5705589486497 55.988947925583489 3993.2894852546196 1858.836429151459 1678.7941734195447 406.52872195802593 0.54698078264482575 9.2986250793837808 1.7704574947711069 11.603982993634416 30.831007263146603 325.78333140554605 27.155679639545269 6.844858000327803
leaf_count=6525160 1355498 46319 2374749 374552 619136 36280 19 20761 62 300 2637 209382 1256 32520
internal_value=0.00199771 0.00589312 0.002314 0.00555368 -0.0107208 0.018639 0.07553 0.00153767 -0.168182 -0.0657135 -0.0700072 0.0909994 0.172602 0.0314362
internal_weight=9164.89 8742.84 8315.45 7937.45 3537.63 4399.82 427.389 73.9029 11.0691 378.006 366.402 353.486 27.7027 62.8338
internal_count=11598631 5073471 4763152 3404717 993688 2411029 310319 99662 20823 1358435 1358135 210657 1275 78839
is_linear=0
shrinkage=0.1


Tree=232
num_leaves=15
num_cat=0
split_feature=0 3 5 5 4 2 5 5 3 2 5 2 4 3
split_gain=561.419 365.221 381.765 385.665 331.459 134.365 125.725 120.141 184.984 190.233 183.283 167.122 61.0041 70.4378
threshold=0.17500000447034839 78.437500000000014 1.9846659898757937 2.082067728042603 6.5929112434387216 2.6250000000000004 2.0556275844573979 2.4146019220352177 57.312500000000007 1.0000000180025095e-35 1.5563072562217715 2.8750000000000004 -0.51500990986824025 65.562500000000014
decision_type=2 2 2 2 2 2 2 2 2 2 2 2 2 2
left_child=1 7 5 6 -5 -3 -4 8 9 -1 -10 -9 -2 -14
right_child=12 2 3 4 -6 -7 -8 11 10 -11 -12 -13 13 -15
leaf_value=0.0049165785763620193 -0.077387544888875684 0.012840744560504498 -0.014550220843029 0.0049388731897586973 -0.051956102958408662 -0.13804505949860746 0.092568149932844901 0.078139182434000087 -0.16843081656928816 0.066529145397874342 -0.00051485069097824908 -0.13976057346842435 0.081755379954913915 -0.059019244139618898
leaf_weight=852.45389585892758 891.43680082177161 75.299983086965995 135.60382052414207 5499.9304172263073 1258.2046669658739 272.95448171003841 570.74362393234333 795.72115738819411 71.379688601743965 1215.918499643067 727.71413537868648 36.82724203390535 54.76600885312655 101.26351744426938
leaf_count=435408 1533498 47537 63803 1007768 326290 30645 618005 2174516 5582 4646941 447424 2816 68297 190101
internal_value=0.00280022 0.00917735 -0.00307977 0.00169492 -0.00565362 -0.10542 0.0720037 0.0350588 0.0253492 0.0411363 -0.0155141 0.0685005 -0.0672911 -0.00960767
internal_weight=12560.2 11512.8 7812.74 7464.48 6758.14 348.254 706.347 3700.01 2867.47 2068.37 799.094 832.548 1047.47 156.03
internal_count=11598631 9806735 2094048 2015866 1334058 78182 681808 7712687 5535355 5082349 453006 2177332 1791896 258398
is_linear=0
shrinkage=0.1


Tree=233
num_leaves=15
num_cat=0
split_feature=5 5 2 3 2 1 4 3 0 0 1 3 4 0
split_gain=683.001 99.1298 5.54581 1.66579 1.49258 0.00375841 0.00272866 0.000312718 0.000176599 0.000476864 0.000423559 4.6342e-05 2.20521e-05 9.47421e-06
threshold=3.0012133121490483 3.00477147102356 2.3278195858001713 94.187500000000014 2.2028195858001713 4.5000000000000009 6.3878748416900644 2.5625000000000004 0.17500000447034839 0.27500000596046453 15.500000000000002 31.687500000000004 4.8159308433532724 0.075000001117587103
decision_type=2 2 2 2 2 2 2 2 2 2 2 2 2 2
left_child=5 2 3 4 -2 7 -5 -1 12 10 -10 -11 -7 -14
right_child=1 -3 -4 6 -6 8 -8 -9 9 11 -12 -13 13 -15
leaf_value=-0.080005030525917148 -0.080678057792090085 -0.08001494439050412 -0.080181245698845341 -0.083117898925956391 0.081206196625632374 -0.080007849438776021 -0.097782289192642369 -0.086684128527971249 -0.081423843778854421 -0.080004725280554245 -0.080173040179376515 -0.080150418906181686 -0.080047750021490838 -0.08013686246839069
leaf_weight=0.075870642474909711 0.5702020977914789 41.911359607388363 2.1487458293086084 0.39935605574282718 494.21347234753193 567.98755247684778 0.18598039448261261 0.92162110948993359 5.2952755682708794 41.665310349817446 5.5394057058256294 45.864147153224621 63.513309878933796 14.690203495265449
leaf_count=1024 6970 607486 11113 288 572245 8911263 1 227 15845 564867 58220 580417 247870 20795
internal_value=-0.0180279 0.0676826 0.0801248 0.0808202 0.0810196 -0.0800419 -0.0877773 -0.0861761 -0.0800337 -0.0801585 -0.0807844 -0.0800811 -0.0800147 -0.0800645
internal_weight=1284.98 539.429 497.518 495.369 494.784 745.553 0.585336 0.997492 744.555 98.3641 10.8347 87.5295 646.191 78.2035
internal_count=11598631 1198103 590617 579504 579215 10400528 289 1251 10399277 1219349 74065 1145284 9179928 268665
is_linear=0
shrinkage=0.1


Tree=234
num_leaves=15
num_cat=0
split_feature=0 2 2 2 5 5 5 3 5 4 3 2 3 3
split_gain=342.633 173.975 50.7647 217.682 58.1862 66.4687 29.837 16.5776 3.53349 0.529476 0.0409326 0.0364967 0.0211796 0.0149337
threshold=0.12500000372529033 2.3278195858001713 2.4528195858001713 2.3278195858001713 2.0556275844573979 2.0587884187698369 2.0556275844573979 66.062500000000014 2.0587884187698369 9.9144968986511248 65.562500000000014 2.2028195858001713 66.062500000000014 66.062500000000014
decision_type=2 2 2 2 2 2 2 2 2 2 2 2 2 2
left_child=2 -2 3 11 9 -6 10 8 -8 -5 -3 -1 -13 -12
right_child=1 6 -4 4 5 -7 7 -9 -10 -11 13 12 -14 -15
leaf_value=-0.080056726783040377 -0.08014582377220586 -0.080615447198041132 -0.080111094451430484 -0.086502999018682913 0.12018541040872477 -0.080332646397337018 0.080199928449981694 -0.082358732258639405 -0.092953813323099155 -0.21367200604215603 -0.11384184049452589 -0.10484444156637807 -0.08004163357070343 -0.080073699601579937
leaf_weight=292.09861213108502 87.285781187893008 11.317928872387707 359.11760863518498 20.544553984913367 113.71640358791774 19.343469251230999 455.01835520321038 6.3965929468540699 1.1815881806360256 0.33270585827994992 0.52902479871409092 0.94171323537921015 0.54268591337495309 0.17405318846795126
leaf_count=5367037 1153398 72968 4197579 98232 2229 102193 527716 69634 2051 42 6 147 4578 821
internal_value=-0.0103449 0.0496058 -0.0521065 -0.0296338 0.0666823 0.0910353 0.0734681 0.0775099 0.0797514 -0.0885296 -0.0820698 -0.0801362 -0.0957767 -0.105482
internal_weight=1368.54 561.903 806.638 447.52 153.937 133.06 474.618 462.597 456.2 20.8773 12.021 293.583 1.4844 0.703078
internal_count=11598631 1826594 9772037 5574458 202696 104422 673196 599401 529767 98274 73795 5371762 4725 827
is_linear=0
shrinkage=0.1


Tree=235
num_leaves=15
num_cat=0
split_feature=3 0 1 0 1 0 4 1 1 0 3 4 2 4
split_gain=524.772 120.328 8.03171 1.86419 1.67052 2.01476 0.343399 0.0889896 0.00364983 0.00014574 0.000763483 0.00167729 0.000181131 1.48427e-05
threshold=1.0000000180025095e-35 0.17500000447034839 13.500000000000002 0.12500000372529033 19.500000000000004 0.075000001117587103 -0.51500990986824025 12.500000000000002 4.5000000000000009 0.17500000447034839 65.562500000000014 -0.35098096728324885 2.2028195858001713 2.98427426815033
decision_type=2 2 2 2 2 2 2 2 2 2 2 2 2 2
left_child=1 2 3 7 5 -4 -6 -1 -2 13 11 -11 -12 -10
right_child=8 -3 4 -5 6 -7 -8 -9 9 10 12 -13 -14 -15
leaf_value=-0.080007703481300957 -0.086438762157265356 0.080042693322867522 0.00078845653313148957 0.017941045364083485 0.021794886653599368 0.013483630140983803 -0.08007643174937279 -0.064021563830497216 -0.080004525746759675 -0.082966116722329883 -0.081318993428271868 -0.080251028518720097 -0.080006177860931296 -0.08004193249687086
leaf_weight=7.8564756327764389 0.89063283377981761 373.73540749360109 189.25889034595457 2.6880780272185794 135.37239526212215 368.24666419951245 0.33170952787622709 6.2542081345163751 412.8263127467053 2.92657239937762 1.0669555233325798 10.224405730237773 70.08512157948644 142.75619971870856
leaf_count=73081 249 565456 245363 38 59504 5241 287 51894 8646922 506 77 68157 1157670 724186
internal_value=-0.00830164 0.0341155 0.00994021 -0.0583826 0.0115959 0.00917394 0.0215459 -0.0729222 -0.0800416 -0.0800327 -0.0801552 -0.0808552 -0.0800259 -0.0800141
internal_weight=1724.52 1083.74 710.008 16.7988 693.21 557.506 135.704 14.1107 640.776 639.886 84.3031 13.151 71.1521 555.583
internal_count=11598631 1000864 435408 125013 310395 250604 59791 124975 10597767 10597518 1226410 68663 1157747 9371108
is_linear=0
shrinkage=0.1


Tree=236
num_leaves=15
num_cat=0
split_feature=0 4 4 2 3 5 3 2 3 3 4 1 5 5
split_gain=257.758 173.784 245.462 283.006 310.504 249.811 213.295 153.794 135.42 64.194 56.282 48.1495 44.6494 72.9527
threshold=0.075000001117587103 6.3878748416900644 4.3785204887390146 2.8750000000000004 100.43750000000001 2.483146190643311 132.68750000000003 2.8750000000000004 81.437500000000014 71.812500000000014 3.9684479236602788 15.500000000000002 2.0721787214279179 2.0703378915786748
decision_type=2 2 2 2 2 2 2 2 2 2 2 2 2 2
left_child=1 2 3 8 -5 9 -7 11 -1 -4 -2 -3 13 -9
right_child=10 7 5 4 -6 6 -8 12 -10 -11 -12 -13 -14 -15
leaf_value=-0.070420054979427923 -0.077866749978165228 -0.075722786629226435 -0.030271580271088755 0.14848813871959082 0.028304470652608285 -0.04377409879339253 0.070407582090177279 0.020729501669231397 0.009698274018524404 0.033487425615418627 -0.02624459802735768 0.01334295418177172 0.072835292805523852 -0.37601920053561066
leaf_weight=368.73192546898008 398.38176296695929 64.779007875942625 192.05338691466022 250.33468431766551 1521.6740269602064 2275.5444192186696 176.27510757948039 91.266480428574141 493.09087690671367 888.24832651368342 449.50711373940794 963.34987419634126 774.18987599917455 4.8825203957967451
leaf_count=4639430 5297926 850 40826 137148 31360 35674 20870 35151 777631 35254 202310 42962 301056 183
internal_value=0.00194851 0.00746285 -0.0006827 0.0224228 0.045283 -0.017912 -0.0355649 0.0339184 -0.0245804 0.0221525 -0.0504993 0.00773122 0.0648533 0.000582297
internal_weight=8912.31 8064.42 6165.95 2633.83 1772.01 3532.12 2451.82 1898.47 861.823 1080.3 847.889 1028.13 870.339 96.149
internal_count=11598631 6098395 5718193 5585569 168508 132624 56544 380202 5417061 76080 5500236 43812 336390 35334
is_linear=0
shrinkage=0.1


Tree=237
num_leaves=15
num_cat=0
split_feature=0 3 5 5 5 2 5 5 3 2 5 2 2 4
split_gain=467.02 299.991 341.791 336.151 310.6 124.478 115.619 114.987 162.817 174.09 166.849 152.027 56.2195 46.6693
threshold=0.22500000149011615 78.437500000000014 1.9846659898757937 2.082067728042603 2.3428381681442265 2.6250000000000004 2.0556275844573979 2.4146019220352177 57.312500000000007 1.0000000180025095e-35 1.5563072562217715 2.8750000000000004 2.4528195858001713 5.2396721839904794
decision_type=2 2 2 2 2 2 2 2 2 2 2 2 2 2
left_child=1 7 5 6 -5 13 -4 8 9 -1 -10 -9 -2 -3
right_child=12 2 3 4 -6 -7 -8 11 10 -11 -12 -13 -14 -15
leaf_value=0.0041413172860943759 -0.073245069124883641 0.068754330016943394 -0.014659149783585748 -0.066517434392237854 0.0022012235309106323 -0.13658455047475862 0.089139221727311077 0.07644666120097382 -0.168097250367508 0.064541021656044251 -0.0016620526009029472 -0.14100938431998755 0.080019672100618291 -0.099105454093227477
leaf_weight=843.1428280771388 827.29347691009752 48.344999256733217 133.82478880661074 740.48316496092593 5885.9851277806301 252.635665427704 541.65124397727777 723.2771664277825 65.672685249994629 1099.508773727614 727.14629946644709 33.645371906575747 24.646291752462275 25.19457850191975
leaf_count=435747 1645029 47199 63809 100980 1237826 30645 619206 2174669 5582 4648091 464658 2816 122034 340
internal_value=0.00254541 0.00801202 -0.00310131 0.0013725 -0.00547783 -0.103255 0.0685748 0.0322859 0.0227409 0.0383266 -0.0154486 0.0667807 -0.0688112 0.0112458
internal_weight=11972.5 11120.5 7628.12 7301.94 6626.47 326.175 675.476 3492.39 2735.47 1942.65 792.819 756.923 851.94 73.5396
internal_count=11598631 9831568 2100005 2021821 1338806 78184 683015 7731563 5554078 5083838 470240 2177485 1767063 47539
is_linear=0
shrinkage=0.1


Tree=238
num_leaves=15
num_cat=0
split_feature=5 5 2 3 2 1 4 3 0 0 1 0 4 0
split_gain=592.724 85.7614 5.04147 1.53248 1.27581 0.00371826 0.00206505 0.000266994 0.000168567 0.000425876 0.000366009 4.35525e-05 1.6809e-05 7.52066e-06
threshold=3.0012133121490483 3.00477147102356 2.3278195858001713 94.187500000000014 2.2028195858001713 4.5000000000000009 6.3878748416900644 2.5625000000000004 0.17500000447034839 0.27500000596046453 15.500000000000002 0.47499999403953558 4.8159308433532724 0.17500000447034839
decision_type=2 2 2 2 2 2 2 2 2 2 2 2 2 2
left_child=5 2 3 4 -2 7 -5 -1 12 10 -10 -11 -7 -3
right_child=1 13 -4 6 -6 8 -8 -9 9 11 -12 -13 -14 -15
leaf_value=-0.080004348787672097 -0.08058349010326292 -0.080012299887030458 -0.080169277547645523 -0.082877770827150338 0.081253669199829362 -0.080007150023564205 -0.09609100695771533 -0.08664483479960762 -0.081397091542634803 -0.080158046984838832 -0.080170442512178433 -0.080005572432028313 -0.080059142705255826 -0.081050406423063007
leaf_weight=0.064849165875670134 0.48766952804362418 36.207761935332769 1.953278187484101 0.36815878690685977 425.2525253026979 498.76392671939357 0.17426803708076477 0.91294067208218621 4.8926351449335908 38.602023488296254 4.8376309100967774 36.396739683554188 71.037247022788506 0.069921343801978675
leaf_count=1024 6970 607151 11113 288 572245 8911263 1 227 15845 570121 58220 575163 268665 335
internal_value=-0.0188041 0.0676136 0.0801198 0.0808543 0.0810683 -0.0800424 -0.0871228 -0.0862044 -0.0800332 -0.0801648 -0.0807872 -0.0800841 -0.0800136 -0.0800143
internal_weight=1120.02 464.514 428.236 426.283 425.74 655.508 0.542427 0.97779 654.53 84.729 9.73027 74.9988 569.801 36.2777
internal_count=11598631 1198103 590617 579504 579215 10400528 289 1251 10399277 1219349 74065 1145284 9179928 607486
is_linear=0
shrinkage=0.1


Tree=239
num_leaves=15
num_cat=0
split_feature=0 2 2 2 5 5 5 3 5 4 3 2 3 2
split_gain=292.397 149.122 48.9471 198.885 52.1567 57.4433 25.8485 15.4187 3.16498 0.377125 0.0309268 0.0282887 0.01603 0.0141364
threshold=0.12500000372529033 2.3278195858001713 2.4528195858001713 2.3278195858001713 2.0556275844573979 2.0587884187698369 2.0556275844573979 66.062500000000014 2.0587884187698369 9.9144968986511248 65.562500000000014 2.2028195858001713 66.062500000000014 2.4528195858001713
decision_type=2 2 2 2 2 2 2 2 2 2 2 2 2 2
left_child=2 -2 3 11 9 -6 10 8 -8 -5 -3 -1 -13 -9
right_child=1 6 -4 4 5 -7 7 13 -10 -11 -12 12 -14 -15
leaf_value=-0.080054054957347853 -0.080159970457425622 -0.08064492642183603 -0.080107397264238489 -0.086329304643009711 0.11750081096382509 -0.080304581362574845 0.080191513332819736 -0.092310724852854839 -0.092531792513880926 -0.1928705186329599 -0.10293231690604757 -0.10241780832961944 -0.0800409502222134 -0.080016270627476668
leaf_weight=255.92003935003981 74.907190093970712 9.776478652885995 318.42227341360217 18.472496881502597 107.2637868677848 17.009341726545244 393.26057844923344 1.162058759597129 1.0637555835619412 0.33832333894679223 0.66495758122982884 0.8892006538062549 0.50023347208843916 4.7913537316235306
leaf_count=5367037 1153398 72968 4197579 98232 2229 102193 527716 72 2051 42 827 147 4578 69562
internal_value=-0.0103477 0.0495971 -0.0508459 -0.027575 0.0669375 0.0904271 0.0732622 0.077314 0.0797256 -0.0882455 -0.0820643 -0.0801313 -0.0943615 -0.0824161
internal_weight=1204.44 485.626 718.816 400.393 143.084 124.273 410.719 400.278 394.324 18.8108 10.4414 257.309 1.38943 5.95341
internal_count=11598631 1826594 9772037 5574458 202696 104422 673196 599401 529767 98274 73795 5371762 4725 69634
is_linear=0
shrinkage=0.1


Tree=240
num_leaves=15
num_cat=0
split_feature=2 0 1 1 0 0 1 0 0 3 4 2 4 1
split_gain=451.747 110.152 7.1742 2.28374 2.76067 1.82684 0.00354288 0.00128735 0.000147173 0.000705611 0.00167295 0.000150346 1.14294e-05 3.84816e-06
threshold=1.0000000180025095e-35 0.17500000447034839 12.500000000000002 16.500000000000004 0.075000001117587103 0.12500000372529033 4.5000000000000009 0.12500000372529033 0.17500000447034839 65.562500000000014 -0.35098096728324885 2.2028195858001713 2.98427426815033 3.5000000000000004
decision_type=2 2 2 2 2 2 2 2 2 2 2 2 2 2
left_child=1 2 7 4 -4 -5 13 -1 12 10 -10 -11 -8 -2
right_child=6 -3 3 5 -6 -7 8 -9 9 11 -12 -13 -14 -15
leaf_value=-0.08000707756897707 -0.086489679815157081 0.080036640215732174 -0.041205002773425821 0.010587814723568574 0.0070323843523779454 0.029919564696563788 -0.080004087212655117 -0.083202996937832951 -0.08306896631967696 -0.081273919637078487 -0.080242006582731507 -0.080005416800593698 -0.080038858940801552 -0.08597697085082559
leaf_weight=7.222660518600831 0.69491357569131551 320.21959549788153 18.035699782645679 598.01482793150353 34.673957449151203 53.234498120844364 360.7895582440226 1.5268343798816202 2.6733460202176511 0.94920672208536316 9.648866077746785 59.693586693698307 128.09105811871359 0.1854582383093657
leaf_count=73081 25 565456 91203 268064 2705 322 8646922 33 506 77 68157 1157670 724186 224
internal_value=-0.00795456 0.0313183 0.0094291 0.0105476 -0.00947304 0.012168 -0.0800429 -0.0805648 -0.080033 -0.0801654 -0.0808553 -0.0800253 -0.0800132 -0.0863817
internal_weight=1595.65 1032.93 712.708 703.959 52.7097 651.249 562.726 8.74949 561.846 72.965 12.3222 60.6428 488.881 0.880372
internal_count=11598631 1000864 435408 362294 93908 268386 10597767 73114 10597518 1226410 68663 1157747 9371108 249
is_linear=0
shrinkage=0.1


Tree=241
num_leaves=15
num_cat=0
split_feature=2 5 1 5 5 3 3 3 5 4 4 4 3 3
split_gain=224.356 188.969 149.35 139.023 372.296 256.682 43.9024 37.9559 20.7212 18.9332 19.9365 16.5401 53.5628 12.6271
threshold=2.3278195858001713 3.0405635833740239 14.500000000000002 2.0347924232482915 2.0587884187698369 66.187500000000014 88.812500000000014 87.062500000000014 3.5934629440307622 9.1080212593078631 7.1806812286376962 2.8339143991470341 93.437500000000014 65.562500000000014
decision_type=2 2 2 2 2 2 2 2 2 2 2 2 2 2
left_child=-1 2 9 5 -5 -4 7 13 -9 10 -2 12 -8 -3
right_child=1 6 3 4 -6 -7 11 8 -10 -11 -12 -13 -14 -15
leaf_value=-0.078277376368091123 -0.059156233325040525 -0.035282863345093278 -0.01486183766847308 -0.10585296711999914 0.0050258633859073393 0.092107808666994931 1.257091290732939 -0.10116842929097314 0.1387882178837215 0.069210043825800135 -0.14330747591931556 0.084228478045423341 0.14897127581078679 0.10619117088471858
leaf_weight=335.78829196020524 299.90277457531192 8.1200793698735634 424.60985977179968 317.74464967754102 6449.0981780159564 475.56619204946531 0.44387132104020821 29.910865248930349 4.090941538779588 10.520567604806272 31.069799561108084 275.73613608098822 25.253041654941626 28.283956631705223
leaf_count=6525160 1355498 31401 989610 788586 1464416 162105 18 64338 274 300 2637 209382 1257 3649
internal_value=0.00187289 0.00508439 0.00184871 0.00473078 -0.000180576 0.0416506 0.0747731 0.00367507 -0.0722979 -0.0628578 -0.0670559 0.0913795 0.168112 0.0746348
internal_weight=8716.14 8380.35 8008.51 7667.02 6766.84 900.176 371.839 70.4058 34.0018 341.493 330.973 301.433 25.6969 36.404
internal_count=11598631 5073471 4763152 3404717 2253002 1151715 310319 99662 64612 1358435 1358135 210657 1275 35050
is_linear=0
shrinkage=0.1


Tree=242
num_leaves=15
num_cat=0
split_feature=0 1 3 4 3 5 1 4 3 2 3 3 3 5
split_gain=386.753 249.172 174.04 135.023 128.13 106.666 53.3591 50.8315 55.39 39.4616 35.5494 48.2405 22.3403 22.1714
threshold=0.17500000447034839 16.500000000000004 130.31250000000003 6.3878748416900644 122.68750000000001 2.082067728042603 12.500000000000002 -0.51500990986824025 65.562500000000014 2.8750000000000004 65.562500000000014 66.062500000000014 135.31250000000003 4.0690042972564706
decision_type=2 2 2 2 2 2 2 2 2 2 2 2 2 2
left_child=1 6 3 4 -3 -5 -1 -2 -9 13 -8 -12 -11 -4
right_child=7 2 9 5 -6 -7 10 8 -10 12 11 -13 -14 -15
leaf_value=0.081211647403575338 -0.076721478401160406 0.0049580042173235838 -0.024359986885435607 0.016632877567570654 0.042510057639320864 -0.040883399952009701 0.063247566221221949 0.081548984872355318 -0.057635779037127126 -0.037968715463454691 -0.058489209496925904 0.031188317801667337 -0.083933428670584953 0.085996614965613644
leaf_weight=312.75102964547705 657.02258912019897 5917.485304065438 230.94690812152112 473.91161557129817 1073.4462392663499 1008.7783207307803 327.56537082219438 45.07463993960846 78.191465850162786 177.29223311012174 64.553311872499762 847.68893412934221 262.00285541339326 19.7631505188765
leaf_count=1033883 1533498 5912746 21436 41033 17390 163169 1520985 68297 190101 28821 4941 914438 147535 358
internal_value=0.00230534 0.00725462 0.000978079 0.0049107 0.0107241 -0.0224995 0.0443005 -0.0656662 -0.00674017 -0.0473165 0.0349893 0.0248424 -0.0653828 -0.0156607
internal_weight=11496.5 10716.2 9163.63 8473.62 6990.93 1482.69 1552.56 780.289 123.266 690.005 1239.81 912.242 439.295 250.71
internal_count=11598631 9806735 6332488 6134338 5930136 204202 3474247 1791896 258398 198150 2440364 919379 176356 21794
is_linear=0
shrinkage=0.1


Tree=243
num_leaves=15
num_cat=0
split_feature=5 5 2 3 2 1 4 3 0 0 1 0 4 0
split_gain=515.464 75.1664 4.57958 1.41248 1.0927 0.0036393 0.00157241 0.000226153 0.00017307 0.000375412 0.000346896 4.82697e-05 1.30018e-05 5.39154e-06
threshold=3.0012133121490483 3.00477147102356 2.3278195858001713 94.187500000000014 2.2028195858001713 4.5000000000000009 6.3878748416900644 2.5625000000000004 0.17500000447034839 0.27500000596046453 15.500000000000002 0.47499999403953558 4.8159308433532724 0.075000001117587103
decision_type=2 2 2 2 2 2 2 2 2 2 2 2 2 2
left_child=5 2 3 4 -2 7 -5 -1 12 10 -10 -11 -7 -14
right_child=1 -3 -4 6 -6 8 -8 -9 9 11 -12 -13 13 -15
leaf_value=-0.08000376101173054 -0.080504645391402299 -0.080013227699049463 -0.080157890980761939 -0.082661187333528882 0.081293878888640994 -0.08000656545487593 -0.094602788716546884 -0.086583765475679059 -0.081428498683586772 -0.08017794442319727 -0.080151862740190261 -0.080005228883138768 -0.080040786162408922 -0.080114856354267822
leaf_weight=0.055442960227195637 0.41787351659149763 31.838811424909181 1.7743957229395153 0.34011000673490244 367.45108915946912 439.48712900356793 0.16316533088684082 0.90234819210672867 4.3324592397821089 33.74086840464588 4.1839542584111769 31.092289571470246 51.644013667697436 12.136528305272803
leaf_count=1024 6970 607486 11113 288 572245 8911263 1 227 15845 570121 58220 575163 247870 20795
internal_value=-0.0195258 0.0674268 0.0801091 0.0808811 0.0811101 -0.0800438 -0.0865327 -0.0862029 -0.0800336 -0.0801771 -0.0808013 -0.0800951 -0.0800127 -0.0800549
internal_weight=979.56 401.985 370.147 368.372 367.869 577.575 0.503275 0.957791 576.617 73.3496 8.51641 64.8332 503.268 63.7805
internal_count=11598631 1198103 590617 579504 579215 10400528 289 1251 10399277 1219349 74065 1145284 9179928 268665
is_linear=0
shrinkage=0.1


Tree=244
num_leaves=15
num_cat=0
split_feature=0 2 2 2 5 5 5 3 5 4 3 2 3 2
split_gain=250.184 127.376 46.957 181.392 46.8652 49.9205 24.2952 13.3481 2.87007 0.26946 0.0242886 0.0220469 0.0121866 0.00937083
threshold=0.12500000372529033 2.3278195858001713 2.4528195858001713 2.3278195858001713 2.0556275844573979 2.0587884187698369 2.0556275844573979 66.062500000000014 2.0587884187698369 9.9144968986511248 65.562500000000014 2.2028195858001713 66.062500000000014 2.4528195858001713
decision_type=2 2 2 2 2 2 2 2 2 2 2 2 2 2
left_child=2 -2 3 11 9 -6 10 8 -8 -5 -3 -1 -13 -9
right_child=1 6 -4 4 5 -7 7 13 -10 -11 -12 12 -14 -15
leaf_value=-0.080051668036776213 -0.080175629469377507 -0.08066430870629776 -0.080105275150618327 -0.086141559750295249 0.11518754622970005 -0.080280251395082713 0.080183699138910339 -0.090674104151733811 -0.09194114571082887 -0.17593403463901688 -0.10103475186228089 -0.10029608379675881 -0.080037734582121822 -0.08001464468222716
leaf_weight=224.76600447473203 64.147516457867823 9.2286237609659985 282.99215798647737 16.658419284416599 100.83685643406352 15.010510162865101 340.77552815643139 1.0296146628679697 0.97149830760645173 0.34104849578579788 0.62497089088174185 0.8384028498585383 0.45979092564812163 4.1443604233281803
leaf_count=5367037 1153398 72968 4197579 98232 2229 102193 527716 72 2051 42 827 147 4578 69562
internal_value=-0.0103574 0.0495572 -0.0496458 -0.0256294 0.0671082 0.0898605 0.072883 0.0772809 0.0796944 -0.087943 -0.0819563 -0.0801267 -0.093121 -0.0821359
internal_weight=1062.83 420.922 641.903 358.911 132.847 115.847 356.775 346.921 341.747 16.9995 9.85359 226.064 1.29819 5.17398
internal_count=11598631 1826594 9772037 5574458 202696 104422 673196 599401 529767 98274 73795 5371762 4725 69634
is_linear=0
shrinkage=0.1


Tree=245
num_leaves=15
num_cat=0
split_feature=2 0 1 0 1 1 1 0 0 3 4 2 4 1
split_gain=397.338 98.3117 6.10148 1.90812 2.60064 2.06389 0.00346493 0.000794547 0.000143007 0.000642619 0.00151048 0.000144059 8.88356e-06 2.81653e-06
threshold=-1.0000000180025095e-35 0.17500000447034839 12.500000000000002 0.12500000372529033 13.500000000000002 17.500000000000004 4.5000000000000009 0.12500000372529033 0.17500000447034839 65.562500000000014 -0.35098096728324885 2.2028195858001713 2.98427426815033 3.5000000000000004
decision_type=2 2 2 2 2 2 2 2 2 2 2 2 2 2
left_child=1 2 7 4 -4 -5 13 -1 12 10 -10 -11 -8 -2
right_child=6 -3 3 5 -6 -7 8 -9 9 11 -12 -13 -14 -15
leaf_value=-0.080006026298651708 -0.086433735059869898 0.080031302677964988 -0.061100822239281899 0.011081844923743298 0.0093176400110128073 0.046083019643636064 -0.080003666813729085 -0.082717840120061462 -0.082983745553906973 -0.081254620761209526 -0.080212364576751877 -0.080005201031261741 -0.080035931615026423 -0.085991752767565585
leaf_weight=6.1476112148011444 0.68971052671224597 273.59366826806217 5.2886010113870716 38.769985646009445 629.58964277850464 29.793107882142067 325.07771754451062 1.3108115606009958 2.5845445573813768 0.93978265509940584 8.2257641236210457 51.168290442936268 115.71008291168437 0.18228538378753001
leaf_count=73081 25 565456 51894 145 310023 232 8646922 33 506 77 68157 1157670 724186 224
internal_value=-0.00788847 0.0290927 0.00948865 0.0104426 0.00873105 0.0262911 -0.0800432 -0.0804826 -0.0800323 -0.0801733 -0.080875 -0.0800277 -0.0800121 -0.0863413
internal_weight=1489.07 984.493 710.9 703.441 634.878 68.5631 504.578 7.45842 503.706 62.9184 10.8103 52.1081 440.788 0.871996
internal_count=11598631 1000864 435408 362294 361917 377 10597767 73114 10597518 1226410 68663 1157747 9371108 249
is_linear=0
shrinkage=0.1


Tree=246
num_leaves=15
num_cat=0
split_feature=0 5 5 3 2 3 3 3 4 4 2 4 3 3
split_gain=203.729 145.762 408.505 285.597 426.647 333.107 183.683 172.88 152.279 126.146 103.436 79.8776 59.5026 52.6801
threshold=0.075000001117587103 2.7235324382781987 2.6430133581161503 126.43750000000001 2.8750000000000004 130.31250000000003 105.93750000000001 126.43750000000001 3.5173683166503911 4.3785204887390146 2.3278195858001713 8.8756470680236834 135.31250000000003 128.31250000000003
decision_type=2 2 2 2 2 2 2 2 2 2 2 2 2 2
left_child=1 2 7 4 6 9 -3 10 -6 -5 -1 13 -7 -4
right_child=-2 3 11 5 8 12 -8 -9 -10 -11 -12 -13 -14 -15
leaf_value=-0.079199815090123818 -0.047431610515232571 -0.031130443769028866 -0.060096648924981469 -0.010194438205221954 0.26781927091027841 -0.0075262162987857414 0.11104176078057751 0.075632348115647216 0.10435468210125105 -0.13664698484913362 0.010535723061069291 0.046760860665352844 0.071923281063793421 0.012531887672805201
leaf_weight=132.76798318984856 757.64467243769923 427.13343956694371 1205.4519566189174 124.93127252883278 63.993508664832916 145.96850814676145 115.43239807270584 411.36644742204408 520.66638031834736 214.06207786931191 3951.4275027500171 83.544838186004199 266.13239953480661 108.89072710357141
leaf_count=2901022 5500236 740405 510918 1734 1053 22940 7338 39266 90764 17176 1610900 8112 142067 4700
internal_value=0.00206714 0.00689261 -0.000838869 0.031151 0.0629808 -0.0166184 -0.00088291 0.0138422 0.122247 -0.0900447 0.00761862 -0.0480528 0.0437818 -0.0540795
internal_weight=8529.41 7771.77 5893.45 1878.32 1127.23 751.094 542.566 4495.56 584.66 338.993 4084.2 1397.89 412.101 1314.34
internal_count=11598631 6098395 5074918 1023477 839560 183917 747743 4551188 91817 18910 4511922 523730 165007 515618
is_linear=0
shrinkage=0.1


Tree=247
num_leaves=15
num_cat=0
split_feature=0 3 5 5 3 5 2 5 2 3 5 2 2 3
split_gain=320.93 212.668 275.117 281.971 438.499 345.212 113.733 108.978 134.415 117.76 151.133 144.177 44.0783 43.1941
threshold=0.22500000149011615 78.437500000000014 1.9846659898757937 2.7235324382781987 126.43750000000001 2.6430133581161503 2.6250000000000004 2.4146019220352177 2.8750000000000004 57.312500000000007 1.5365180373191836 -1.0000000180025095e-35 2.4528195858001713 95.187500000000014
decision_type=2 2 2 2 2 2 2 2 2 2 2 2 2 2
left_child=1 7 6 5 -5 -4 13 9 -9 11 -11 -1 -2 -3
right_child=12 2 3 4 -6 -7 -8 8 -10 10 -12 -13 -14 -15
leaf_value=0.0024503622957293644 -0.071845640732606117 0.04666311978224956 -0.0038194663265766955 -0.074638927891880799 0.023852326376284483 0.052567670658903554 -0.13318301249577832 0.075104460155982142 -0.14306324239496082 -0.16970788708705425 -0.0017000933449685515 0.060243900167806133 0.080016170587526553 -0.17295177465232858
leaf_weight=821.35313433036208 612.5580529042345 59.029107968934397 3678.0706479426499 1059.7846533440897 788.25483206647914 1540.4791746728879 221.87825719378696 610.38316258556006 29.610184006101917 58.241054307992727 663.69837240221386 909.79162908054741 19.728510987159098 10.557478190719847
leaf_count=435747 1645029 47200 927143 287301 187462 619915 30645 2174669 2816 5237 465003 4648091 122034 339
internal_value=0.00207471 0.00626017 -0.00298859 0.000938452 -0.0326289 0.0128256 -0.0982001 0.0282618 0.0650106 0.0186743 -0.0152538 0.0328234 -0.0671073 0.0133438
internal_weight=11083.4 10451.1 7358.05 7066.59 1848.04 5218.55 291.465 3093.08 639.993 2453.08 721.939 1731.14 632.287 69.5866
internal_count=11598631 9831568 2100005 2021821 474763 1547058 78184 7731563 2177485 5554078 470240 5083838 1767063 47539
is_linear=0
shrinkage=0.1


Tree=248
num_leaves=15
num_cat=0
split_feature=5 5 2 3 2 1 4 3 0 0 1 0 4 0
split_gain=451.409 65.8482 4.16508 1.29723 0.977793 0.00358602 0.00137274 0.000191764 0.000169817 0.000341061 0.000303826 4.64809e-05 1.00863e-05 4.19657e-06
threshold=3.0012133121490483 3.00477147102356 2.3278195858001713 94.187500000000014 2.2028195858001713 4.5000000000000009 6.3878748416900644 2.5625000000000004 0.17500000447034839 0.27500000596046453 15.500000000000002 0.47499999403953558 4.8159308433532724 0.17500000447034839
decision_type=2 2 2 2 2 2 2 2 2 2 2 2 2 2
left_child=5 2 3 4 -2 7 -5 -1 12 10 -10 -11 -7 -3
right_child=1 13 -4 6 -6 8 -8 -9 9 11 -12 -13 -14 -15
leaf_value=-0.080003211753461811 -0.080424590414856778 -0.080010091957150517 -0.080146589947935637 -0.082359892701503595 0.081375341902539047 -0.080005971224287126 -0.09385472404499684 -0.086540313690810639 -0.081410611567275401 -0.08018752044517842 -0.080152082499607799 -0.080004458843692811 -0.080050531480101592 -0.08088282233042432
leaf_weight=0.047246501892231119 0.37394033744567323 27.865999362112124 1.6132398308909603 0.30605132604614382 317.05265771696577 396.07587209697454 0.1572844535112381 0.89369683102268027 4.0244401065701814 29.07639036564251 3.6652299035067699 26.521517416955248 58.270171366819341 0.055206942181029173
leaf_count=1024 6970 607151 11113 288 572245 8911263 1 227 15845 570121 58220 575163 268665 335
internal_value=-0.0209492 0.0672575 0.0801273 0.0809407 0.0811847 -0.0800443 -0.0862619 -0.0862121 -0.0800331 -0.0801865 -0.0808107 -0.0801002 -0.0800117 -0.0800118
internal_weight=865.999 347.424 319.503 317.89 317.427 518.575 0.463336 0.940943 517.634 63.2876 7.68967 55.5979 454.346 27.9212
internal_count=11598631 1198103 590617 579504 579215 10400528 289 1251 10399277 1219349 74065 1145284 9179928 607486
is_linear=0
shrinkage=0.1


Tree=249
num_leaves=15
num_cat=0
split_feature=0 2 2 2 5 5 5 3 5 4 2 3 3 2
split_gain=217.834 109.257 43.5759 164.199 42.1407 44.6407 21.0388 12.5171 2.51994 0.186826 0.0169368 0.0167886 0.00912916 0.00879397
threshold=0.12500000372529033 2.3278195858001713 2.4528195858001713 2.3278195858001713 2.0556275844573979 2.0587884187698369 2.0556275844573979 66.062500000000014 2.0587884187698369 9.9144968986511248 2.2028195858001713 65.562500000000014 66.062500000000014 2.4528195858001713
decision_type=2 2 2 2 2 2 2 2 2 2 2 2 2 2
left_child=2 -2 3 10 9 -6 11 8 -8 -5 -1 -3 -12 -9
right_child=1 6 -4 4 5 -7 7 13 -10 -11 12 -13 -14 -15
leaf_value=-0.080049936851326636 -0.08019472446764464 -0.080704089032415605 -0.080100917057604207 -0.085921623753252796 0.11296543719615551 -0.080267383480844473 0.080172302533730727 -0.0906487564248281 -0.090290367653472148 -0.16085005485408943 -0.098307427096622338 -0.098457792736793115 -0.080036942365102795 -0.080012940330285387
leaf_weight=202.58134555108347 55.154135972075892 7.996655342551092 256.13709012105949 15.247624916044511 93.924695876456099 13.699309415856986 293.90354295555153 0.97169094334822048 0.86979260455700469 0.34019363374682221 0.78499334897787665 0.5706519125815247 0.41970318433050124 3.887889478886791
leaf_count=5367037 1153398 72968 4197579 98232 2229 102193 527716 72 2051 42 147 827 4578 69562
internal_value=-0.0113448 0.04943 -0.049214 -0.0250203 0.0661123 0.0883691 0.0726271 0.077045 0.0796693 -0.0875569 -0.0801202 -0.0818866 -0.0919422 -0.0821396
internal_weight=946.489 363.354 583.135 326.998 123.212 107.624 308.2 299.633 294.773 15.5878 203.786 8.56731 1.2047 4.85958
internal_count=11598631 1826594 9772037 5574458 202696 104422 673196 599401 529767 98274 5371762 73795 4725 69634
is_linear=0
shrinkage=0.1


Tree=250
num_leaves=15
num_cat=0
split_feature=3 0 1 0 1 1 1 0 0 3 4 2 4 1
split_gain=344.644 89.4906 5.53799 1.68391 2.31547 1.87375 0.00332685 0.000618533 0.000145766 0.000599481 0.00170566 0.000116304 6.92437e-06 2.20948e-06
threshold=1.0000000180025095e-35 0.17500000447034839 12.500000000000002 0.12500000372529033 13.500000000000002 17.500000000000004 4.5000000000000009 0.12500000372529033 0.17500000447034839 46.562500000000007 -0.35098096728324885 2.2028195858001713 2.98427426815033 3.5000000000000004
decision_type=2 2 2 2 2 2 2 2 2 2 2 2 2 2
left_child=1 2 7 4 -4 -5 13 -1 12 10 -10 -11 -8 -2
right_child=6 -3 3 5 -6 -7 8 -9 9 11 -12 -13 -14 -15
leaf_value=-0.080005551150815854 -0.086340540910454636 0.080026958539049092 -0.059860150329357535 0.010407345756833459 0.0087103079248265543 0.044092065982973896 -0.080003317291477846 -0.082496119602245857 -0.083442393442126325 -0.081047694762056671 -0.080205230939854003 -0.080006803093650158 -0.080033408792592298 -0.085945679595135646
leaf_weight=5.6611864056610548 0.68106646998239639 235.23576796625275 4.9631037415820165 38.687120318412781 633.5313027852244 28.812473744153976 286.29371875566426 1.2103552371263502 2.0734272493937169 1.1004000035463821 7.5707520463984093 43.838469261294449 104.33983423342488 0.17894265178983915
leaf_count=73081 25 565456 51894 145 310023 232 8646922 33 445 112 67013 1158840 724186 224
internal_value=-0.00755963 0.0265442 0.00889567 0.00976523 0.0081773 0.0247858 -0.0800447 -0.0804442 -0.0800327 -0.0801858 -0.0809012 -0.0800323 -0.0800114 -0.0862584
internal_weight=1394.18 948.101 712.866 705.994 638.494 67.4996 446.077 6.87154 445.217 54.583 9.64418 44.9389 390.634 0.860009
internal_count=11598631 1000864 435408 362294 361917 377 10597767 73114 10597518 1226410 67458 1158952 9371108 249
is_linear=0
shrinkage=0.1


Tree=251
num_leaves=15
num_cat=0
split_feature=2 5 1 5 5 3 3 3 1 3 5 4 3 3
split_gain=178.825 150.385 114.158 115.227 333.837 194.491 41.2512 37.54 19.8113 24.6833 18.244 12.5015 20.1034 10.4105
threshold=2.3278195858001713 3.0405635833740239 14.500000000000002 2.0347924232482915 2.0587884187698369 73.312500000000014 88.812500000000014 87.062500000000014 12.500000000000002 107.93750000000001 3.5934629440307622 2.8339143991470341 96.687500000000014 65.562500000000014
decision_type=2 2 2 2 2 2 2 2 2 2 2 2 2 2
left_child=-1 2 8 5 -5 -4 7 13 -2 -10 -9 12 -8 -3
right_child=1 6 3 4 -6 -7 11 10 9 -11 -12 -13 -14 -15
leaf_value=-0.077697894645338883 -0.091436148899516748 -0.02723388445006187 -0.0029638830117698529 -0.10356204902413631 0.004901433861449379 0.093269869324954832 0.52165227776148237 -0.10274866229791597 -0.068866766501203408 0.0028346227851542456 0.13941488238161154 0.083959904341537994 0.13735954123724228 0.10761974149284062
leaf_weight=271.8003179272464 111.0039339099294 7.4226959681927829 480.98319689293783 297.1729411747956 6292.275278683237 372.77952205978693 1.4569760986196367 28.298906927928332 113.7527577527635 83.075488921174838 3.495267735401284 227.93011799681699 20.724391573457979 25.023455742441001
leaf_count=6525160 626028 31401 1040374 788586 1464416 111341 33 64338 727812 4595 274 209382 1242 3649
internal_value=0.00208184 0.00477038 0.00202047 0.0044885 9.9147e-06 0.0390548 0.0725754 0.00109723 -0.057655 -0.0386037 -0.0761266 0.0909343 0.162602 0.0767693
internal_weight=8337.2 8065.39 7751.04 7443.21 6589.45 853.763 314.352 64.2403 307.832 196.828 31.7942 250.111 22.1814 32.4462
internal_count=11598631 5073471 4763152 3404717 2253002 1151715 310319 99662 1358435 732407 64612 210657 1275 35050
is_linear=0
shrinkage=0.1


Tree=252
num_leaves=15
num_cat=0
split_feature=0 1 3 4 4 3 1 4 3 2 2 3 3 3
split_gain=266.097 185.413 136.953 106.022 166.002 89.6747 50.4323 41.8291 43.7783 37.5117 29.4693 34.3252 22.6475 21.4233
threshold=0.17500000447034839 16.500000000000004 130.31250000000003 6.0188097953796396 4.8159308433532724 102.93750000000001 12.500000000000002 -0.51500990986824025 65.562500000000014 2.8750000000000004 2.8750000000000004 135.31250000000003 135.31250000000003 110.18750000000001
decision_type=2 2 2 2 2 2 2 2 2 2 2 2 2 2
left_child=1 6 3 4 -3 -5 -1 -2 -9 -4 -8 -12 -11 -10
right_child=7 2 9 5 -6 -7 10 8 13 12 11 -13 -14 -15
leaf_value=0.080328870212352022 -0.07586482953814884 -0.00060670437146556318 -0.012940685783548676 6.7334768462487101e-05 0.034888534553345889 -0.047526647941102507 0.043265736429266566 0.081384324186945411 -0.046041268664354006 -0.03567724624961207 0.016897826708335392 -0.10392819573870699 -0.083898823691932842 -0.39490904568720303
leaf_weight=251.77997424547743 485.43276455186424 4594.124288732537 236.45091114996467 998.2169568738027 1847.3837645899039 656.07371767191216 699.54283260919328 37.105782894810545 58.982769062873558 170.41843733241967 387.45589457882102 25.031124987464864 227.29553161101558 1.814357983006629
leaf_count=1033883 1533498 5875100 21794 75432 44915 138891 2343675 68297 190081 28821 91020 5669 147535 20
internal_value=0.00183002 0.00562514 0.000268242 0.00377374 0.00957311 -0.0188079 0.0399155 -0.063839 -0.00421151 -0.0444833 0.0307653 0.00956569 -0.0632361 -0.0564525
internal_weight=10677.1 10093.8 8729.96 8095.8 6441.51 1654.29 1363.81 583.336 97.9029 634.165 1112.03 412.487 397.714 60.7971
internal_count=11598631 9806735 6332488 6134338 5920015 214323 3474247 1791896 258398 198150 2440364 96689 176356 190101
is_linear=0
shrinkage=0.1


Tree=253
num_leaves=15
num_cat=0
split_feature=5 5 2 3 2 1 4 0 0 1 3 0 4 0
split_gain=391.143 58.2458 3.92969 1.28069 0.836904 0.00346388 0.00129678 0.000175654 0.000306545 0.000291443 0.000160745 5.06689e-05 7.93208e-06 3.52846e-06
threshold=3.0012133121490483 3.00477147102356 2.3278195858001713 94.187500000000014 2.2028195858001713 4.5000000000000009 6.3878748416900644 0.17500000447034839 0.27500000596046453 15.500000000000002 2.5625000000000004 0.47499999403953558 4.9252834320068368 0.075000001117587103
decision_type=2 2 2 2 2 2 2 2 2 2 2 2 2 2
left_child=5 2 3 4 -2 10 -5 12 9 -9 -1 -10 -7 -14
right_child=1 -3 -4 6 -6 7 -8 8 11 -11 -12 -13 13 -15
leaf_value=-0.080002790795139028 -0.080366488897984339 -0.080010665007114984 -0.080137825666773785 -0.082343331438897507 0.081277552723383759 -0.080005587491965818 -0.093582746768967384 -0.081452385640958649 -0.08020976006865331 -0.080136385890662118 -0.086452930025525176 -0.080004264301374958 -0.080035103222351203 -0.080102352807284505
leaf_weight=0.040408229420733188 0.32067550773353914 24.824906481417145 1.5254941197545111 0.30361248429835441 273.19483385980129 352.88283769971122 0.15509437024593353 3.5723121020855606 25.497260014004496 3.1816297607874731 0.88132103710267984 22.664382883327562 41.31327322524703 9.6184418057309795
leaf_count=1024 6970 607486 11113 288 572245 8919560 1 15845 570121 58220 227 575163 242159 18209
internal_value=-0.0220566 0.0666972 0.0799169 0.080808 0.081088 -0.080046 -0.0861435 -0.0800337 -0.0802015 -0.0808324 -0.0861702 -0.0801131 -0.0800109 -0.0800478
internal_weight=759.976 300.325 275.5 273.974 273.516 459.652 0.458707 458.73 54.9156 6.75394 0.921729 48.1616 403.815 50.9317
internal_count=11598631 1198103 590617 579504 579215 10400528 289 10399277 1219349 74065 1251 1145284 9179928 260368
is_linear=0
shrinkage=0.1


Tree=254
num_leaves=15
num_cat=0
split_feature=0 2 2 2 5 5 5 3 5 4 3 2 3 2
split_gain=187.708 93.3862 41.9664 149.437 38.0375 38.9605 19.84 11.024 2.29025 0.135412 0.0131349 0.0131127 0.00710225 0.00572514
threshold=0.12500000372529033 2.3278195858001713 2.4528195858001713 2.3278195858001713 2.0556275844573979 2.0587884187698369 2.0556275844573979 66.062500000000014 2.0587884187698369 9.9144968986511248 65.562500000000014 2.2028195858001713 66.062500000000014 2.4528195858001713
decision_type=2 2 2 2 2 2 2 2 2 2 2 2 2 2
left_child=2 -2 3 11 9 -6 10 8 -8 -5 -3 -1 -13 -9
right_child=1 6 -4 4 5 -7 7 13 -10 -11 -12 12 -14 -15
leaf_value=-0.080047920385514726 -0.080215196246895284 -0.080721620362698587 -0.08009880669103088 -0.085707122160688487 0.11115104426822171 -0.080247117536631093 0.08016551391389494 -0.089086188748651637 -0.0897455209499185 -0.14996033354471769 -0.096933499606941309 -0.096637588046503825 -0.080033775883121328 -0.080012361060948389
leaf_weight=177.74463145686627 47.273347467518761 7.5805715454152942 230.45329356316176 13.800341732568992 87.952036236165441 12.098213791961824 255.7602509536373 0.87246679229428892 0.79577066690398979 0.33598066476406607 0.53503090171943757 0.73754622548312798 0.3959092482041342 3.4253277220341261
leaf_count=5367037 1153398 72968 4197579 98232 2229 102193 527716 72 2051 42 827 147 4578 69562
internal_value=-0.0114247 0.0494055 -0.0481705 -0.0230635 0.066312 0.0880069 0.0721873 0.0769778 0.0796385 -0.0872342 -0.0817904 -0.0801163 -0.090838 -0.0818544
internal_weight=839.761 316.243 523.518 293.065 114.187 100.05 268.969 260.854 256.556 14.1363 8.1156 178.878 1.13346 4.29779
internal_count=11598631 1826594 9772037 5574458 202696 104422 673196 599401 529767 98274 73795 5371762 4725 69634
is_linear=0
shrinkage=0.1


Tree=255
num_leaves=15
num_cat=0
split_feature=2 0 1 0 1 1 1 0 0 3 4 2 4 1
split_gain=303.182 80.4883 4.65843 1.61675 1.92111 1.55273 0.00324873 0.000382678 0.000144579 0.000564087 0.00155845 0.000109429 5.3865e-06 1.63999e-06
threshold=-1.0000000180025095e-35 0.17500000447034839 12.500000000000002 0.12500000372529033 13.500000000000002 17.500000000000004 4.5000000000000009 0.12500000372529033 0.17500000447034839 46.562500000000007 -0.35098096728324885 2.2028195858001713 2.98427426815033 3.5000000000000004
decision_type=2 2 2 2 2 2 2 2 2 2 2 2 2 2
left_child=1 2 7 4 -4 -5 13 -1 12 10 -10 -11 -8 -2
right_child=6 -3 3 5 -6 -7 8 -9 9 11 -12 -13 -14 -15
leaf_value=-0.080004730650498027 -0.086284614136119264 0.080023047579119821 -0.057671436760778565 0.011010539130741513 0.0080646106823243011 0.041998962953339936 -0.080003025982778364 -0.082121342358562763 -0.083372668828865792 -0.081025368477282547 -0.080180257455366374 -0.08000655850659677 -0.080030923376739713 -0.085942062397531382
leaf_weight=4.8227538693754459 0.6758427227121605 201.11566760999267 4.4769709510292151 38.590103574097157 637.67885377777566 27.830941192805767 259.57150354581171 1.0380338989198206 2.0040015872855292 1.0846754047670391 6.4536789815774664 37.592915175071539 94.376001112592348 0.176199605812144
leaf_count=73081 25 565456 51894 145 310023 232 8646922 33 445 112 67013 1158840 724186 224
internal_value=-0.00764489 0.0241395 0.00840818 0.00914256 0.00760631 0.0239949 -0.0800455 -0.0803796 -0.0800324 -0.0801969 -0.0809367 -0.0800351 -0.0800105 -0.0862138
internal_weight=1317.49 915.553 714.438 708.577 642.156 66.421 401.935 5.86079 401.083 47.1353 8.45768 38.6776 353.948 0.852042
internal_count=11598631 1000864 435408 362294 361917 377 10597767 73114 10597518 1226410 67458 1158952 9371108 249
is_linear=0
shrinkage=0.1


Tree=256
num_leaves=15
num_cat=0
split_feature=0 4 4 2 5 3 5 2 5 4 5 5 5 3
split_gain=163.204 111.284 203.985 196.732 185.294 190.266 124.359 117.988 55.9135 51.1551 45.7535 39.9269 39.7073 38.7357
threshold=0.075000001117587103 6.5929112434387216 4.3785204887390146 2.6250000000000004 2.4432649612426762 95.937500000000014 2.7235324382781987 2.8750000000000004 1.3744092583656313 3.9684479236602788 2.0840848684310918 2.0721787214279179 2.0587884187698369 59.437500000000007
decision_type=2 2 2 2 2 2 2 2 2 2 2 2 2 2
left_child=1 2 3 -1 10 -6 -5 8 -3 -2 -4 -9 -10 -11
right_child=9 7 4 6 5 -7 -8 11 12 13 -12 -13 -14 -15
leaf_value=-0.06744755283786362 -0.076859799311204818 0.088730867032465841 0.00067460034631649807 0.018879841725034461 0.055972887364375459 -0.038179223816770608 0.076312188162797931 -0.0016585187432145269 -0.038843735931976708 -0.11936419988285329 0.04465365587587361 0.07173900491151157 0.011822725158479338 -0.011784453359988215
leaf_weight=222.4338964528406 284.45685710944144 75.722642954089679 477.8679728157731 1765.0141990840311 236.70674183705705 2301.9261272784643 479.42793716483357 85.045870742149418 207.6838249482098 36.810080282130002 468.44667191251938 576.60916160463239 606.0516515536583 368.81570158054819
leaf_count=3757453 5297926 1771 63203 1449798 8019 57751 378318 34179 5029 94215 14241 292996 35637 108095
internal_value=0.00219067 0.00647101 0.00025377 0.0222576 -0.015322 -0.0294003 0.0311478 0.0303274 0.00653983 -0.0443474 0.0224452 0.0623048 -0.00110851 -0.0215472
internal_weight=8193.02 7502.94 5951.82 2466.88 3484.95 2538.63 2244.44 1551.11 889.458 690.083 946.315 661.655 813.735 405.626
internal_count=11598631 6098395 5728783 5585569 143214 65770 1828116 369612 42437 5500236 77444 327175 40666 202310
is_linear=0
shrinkage=0.1


Tree=257
num_leaves=15
num_cat=0
split_feature=0 4 4 4 4 2 3 3 3 5 3 5 2 4
split_gain=220.947 155.336 145.671 98.6837 174.304 151.788 417.671 140.328 98.0579 130.696 79.7833 73.7485 47.4178 36.1956
threshold=0.17500000447034839 1.6720426678657534 -0.51500990986824025 4.3785204887390146 5.8137736320495614 2.8750000000000004 99.687500000000014 120.81250000000001 90.437500000000014 3.7715406417846684 101.93750000000001 2.4264835119247441 2.6250000000000004 -0.51500990986824025
decision_type=2 2 2 2 2 2 2 2 2 2 2 2 2 2
left_child=1 2 8 5 7 12 -7 -5 9 -1 -6 -10 -3 -2
right_child=13 3 -4 4 10 6 -8 -9 11 -11 -12 -13 -14 -15
leaf_value=0.019497515398834347 -0.075195784726716008 0.062371981175356001 0.06499803184092888 0.0066934250972605002 0.0041597986155383895 -0.19606173946015043 -0.019612981633977428 0.052901361443977071 0.010260248691724906 -6.4203214952261156 -0.032353240444737037 -0.12602469411017131 0.0038828765268602073 -0.004257404327914693
leaf_weight=1291.2213296145294 416.82246803140151 195.05147507572838 728.33726221700636 2015.4536446346465 1174.6168057886243 147.55256643300527 1477.1212411846936 975.24011263280408 73.205534108714119 0.031515667556958671 1219.9757880482211 86.768925348835182 478.99941994126857 86.927612750740082
leaf_count=4185152 1533498 282181 4467188 127638 79635 2739 32244 24089 51666 10 336992 24780 192421 258398
internal_value=0.0016436 0.00494274 0.0285056 -0.00174085 0.00566317 -0.0190865 -0.035638 0.0217614 0.0101909 0.0193403 -0.0144425 -0.0636597 0.020808 -0.0629546
internal_weight=10367.3 9863.58 2179.56 7684.01 5385.29 2298.72 1624.67 2990.69 1451.23 1291.25 2394.59 159.974 674.051 503.75
internal_count=11598631 9806735 8728796 1077939 568354 509585 34983 151727 4261608 4185162 416627 76446 474602 1791896
is_linear=0
shrinkage=0.1


Tree=258
num_leaves=15
num_cat=0
split_feature=5 5 2 3 2 1 4 0 0 1 3 0 4 0
split_gain=343.566 51.3538 3.57387 1.15771 0.752187 0.003401 0.00101193 0.000176128 0.000280235 0.000257389 0.000135804 5.02166e-05 6.09271e-06 2.77156e-06
threshold=3.0012133121490483 3.00477147102356 2.3278195858001713 94.187500000000014 2.2028195858001713 4.5000000000000009 6.3878748416900644 0.17500000447034839 0.27500000596046453 15.500000000000002 2.5625000000000004 0.47499999403953558 4.9252834320068368 0.075000001117587103
decision_type=2 2 2 2 2 2 2 2 2 2 2 2 2 2
left_child=5 2 3 4 -2 10 -5 12 9 -9 -1 -10 -7 -14
right_child=1 -3 -4 6 -6 7 -8 8 11 -11 -12 -13 13 -15
leaf_value=-0.0800023775364722 -0.080304702386807425 -0.08001018015277607 -0.080128544049294925 -0.082054408621019911 0.081363361671223711 -0.080005128427785233 -0.092396524018540316 -0.081439370790757165 -0.0802245738409475 -0.080138094033135487 -0.086404949465511527 -0.0800036444588791 -0.080032157016752897 -0.08009475312371564
leaf_weight=0.034435344952725155 0.28814181611599465 21.916963197251647 1.3867767185547553 0.27151174950995383 236.51122262925492 320.06291069615179 0.14520736038684845 3.3328504514138322 21.990547995996167 2.7945333844963898 0.87307238753965066 19.333215373289931 37.657638887618305 8.7093463903511275
leaf_count=1024 6970 607486 11113 288 572245 8919560 1 15845 570121 58220 227 575163 242159 18209
internal_value=-0.0235192 0.0664817 0.0799378 0.0808736 0.0811666 -0.0800469 -0.0856582 -0.0800335 -0.0802148 -0.0808459 -0.086162 -0.0801212 -0.08001 -0.0800439
internal_weight=675.308 260.52 238.603 237.216 236.799 414.789 0.416719 413.881 47.4511 6.12738 0.907508 41.3238 366.43 46.367
internal_count=11598631 1198103 590617 579504 579215 10400528 289 10399277 1219349 74065 1251 1145284 9179928 260368
is_linear=0
shrinkage=0.1


Tree=259
num_leaves=15
num_cat=0
split_feature=0 2 2 2 5 5 5 3 5 4 2 3 3 2
split_gain=162.746 80.36 40.0192 139.065 34.4689 34.8056 17.2289 10.2849 1.98877 0.0993177 0.0102707 0.00866503 0.00540518 0.00521369
threshold=0.12500000372529033 2.3278195858001713 2.4528195858001713 2.3278195858001713 2.0556275844573979 2.0587884187698369 2.0556275844573979 66.062500000000014 2.0587884187698369 9.9144968986511248 2.2028195858001713 65.562500000000014 66.062500000000014 2.4528195858001713
decision_type=2 2 2 2 2 2 2 2 2 2 2 2 2 2
left_child=2 -2 3 10 9 -6 11 8 -8 -5 -1 -3 -12 -9
right_child=1 6 -4 4 5 -7 7 13 -10 -11 12 -13 -14 -15
leaf_value=-0.080044147672523547 -0.080239908624113523 -0.080774430038599396 -0.080091918179627741 -0.085205597161074745 0.10981987450252569 -0.080223522974540884 0.080168162129077361 -0.088946717864478247 -0.088377671818319223 -0.14085439705324315 -0.095140315588023633 -0.094660920408389707 -0.080032952172499783 -0.080010981988202765
leaf_weight=161.19374757040725 40.728739263094212 6.5902424231808245 208.83531088377379 12.552796330304769 83.147996218365734 10.900434596567719 221.85687976452755 0.82067458768142287 0.70229678571649756 0.32912057929206717 0.69079734037222695 0.48223094626700902 0.3603768648786172 3.1950480900140974
leaf_count=5367037 1153398 72968 4197579 98232 2229 102193 527716 72 2051 42 147 827 4578 69562
internal_value=-0.012006 0.0493815 -0.0472423 -0.0217564 0.0667809 0.0877934 0.0719768 0.0767744 0.0796363 -0.0866274 -0.0801084 -0.0817213 -0.089961 -0.0818371
internal_weight=752.387 274.376 478.011 269.175 106.93 94.0484 233.647 226.575 222.559 12.8819 162.245 7.07247 1.05117 4.01572
internal_count=11598631 1826594 9772037 5574458 202696 104422 673196 599401 529767 98274 5371762 73795 4725 69634
is_linear=0
shrinkage=0.1


Tree=260
num_leaves=15
num_cat=0
split_feature=2 0 1 4 0 1 0 0 0 3 4 2 4 5
split_gain=270.825 69.0295 4.30639 1.49043 1.47061 0.00316208 0.00156349 0.000283444 0.000150875 0.000537092 0.00148285 9.68976e-05 4.00959e-06 1.20201e-05
threshold=1.0000000180025095e-35 0.17500000447034839 12.500000000000002 -0.51500990986824025 0.12500000372529033 4.5000000000000009 0.12500000372529033 0.12500000372529033 0.17500000447034839 46.562500000000007 -0.35098096728324885 2.2028195858001713 2.98427426815033 3.7715406417846684
decision_type=2 2 2 2 2 2 2 2 2 2 2 2 2 2
left_child=1 2 7 4 -4 -2 -5 -1 12 10 -10 -11 13 -7
right_child=5 -3 3 6 -6 8 -8 -9 9 11 -12 -13 -14 -15
leaf_value=-0.080004282060512244 -0.086161447486637802 0.080019710969374935 0.0088200811518476287 -0.080300645432393833 0.024553176232446579 -0.080002576419133178 -0.087071734268223622 -0.081916498389246986 -0.083334468402676151 -0.080977892967067436 -0.080169617552805217 -0.080006435911692514 -0.080029005055052255 -0.080497131212250925
leaf_weight=4.3660888267768305 0.84420410759952247 172.03971755338716 634.00085145432968 1.2864155584247772 65.554302409291267 229.19881157486992 0.46402712166309346 0.94249614700675 1.9667372181374956 1.0605790376430366 5.987325247253465 32.1926132064782 85.495536995322709 0.49250502227880488
leaf_count=73081 249 565456 361331 586 371 8644449 6 33 445 112 67013 1158840 724186 2473
internal_value=-0.0066337 0.0232149 0.0093846 0.0100638 0.0102944 -0.0800485 -0.0820956 -0.0803438 -0.080034 -0.080214 -0.0809522 -0.0800374 -0.0800105 -0.0800036
internal_weight=1235.89 878.654 706.614 701.306 699.555 357.238 1.75044 5.30858 356.394 41.2073 7.95406 33.2532 315.187 229.691
internal_count=11598631 1000864 435408 362294 361702 10597767 592 73114 10597518 1226410 67458 1158952 9371108 8646922
is_linear=0
shrinkage=0.1


Tree=261
num_leaves=15
num_cat=0
split_feature=2 3 5 5 3 2 5 4 5 2 5 5 0 1
split_gain=145.525 125.873 107.866 294.529 189.846 165.85 151.581 86.4594 68.9498 47.7902 49.9378 38.6961 3.20384 3.01252
threshold=2.3278195858001713 135.31250000000003 2.0347924232482915 2.0587884187698369 65.562500000000014 2.6250000000000004 2.4432649612426762 7.1806812286376962 0.85689011216163646 2.8750000000000004 2.7235324382781987 2.6430133581161503 0.075000001117587103 14.500000000000002
decision_type=2 2 2 2 2 2 2 2 2 2 2 2 2 2
left_child=-1 2 4 7 8 -6 -5 -4 -2 10 11 -3 -12 -11
right_child=1 9 3 6 5 -7 -8 -9 -10 13 12 -13 -14 -15
leaf_value=-0.077128624570787854 0.16441223408903349 0.016493153963347558 -0.068251829169964057 0.029690959940418878 -0.02226303433543389 0.11619814743302755 -0.00704951820506653 -0.19091151455206731 -0.023472833426077325 0.14603041769344435 0.079966571696750588 -0.11613860213051447 0.0042076039454266986 0.084022945686526046
leaf_weight=226.30263692774861 20.548671897207555 60.873996948415879 225.84597761177429 1462.8055797306479 117.39772183952675 328.78684156931484 4833.1907998959377 77.077847877400927 394.80587630118958 8.1043487339047697 77.433824791107327 34.444226402323693 6.0158447788562617 235.78158111678022
leaf_count=6525160 8578 2709 1397993 245180 109630 86800 1763913 2336 1286575 412 15592 792 150 152811
internal_value=0.00193532 0.00420503 0.00119738 -0.00314734 0.0344755 0.079767 0.00148673 -0.0994621 -0.0141777 0.0572943 0.0180185 -0.0314347 0.0745051 0.0860835
internal_weight=8109.42 7883.11 7460.46 6598.92 861.539 446.185 6296 302.924 415.355 422.654 178.768 95.3182 83.4497 243.886
internal_count=11598631 5073471 4901005 3409422 1491583 196430 2009093 1400329 1295153 172466 19243 3501 15742 153223
is_linear=0
shrinkage=0.1


Tree=262
num_leaves=15
num_cat=0
split_feature=0 1 3 4 4 5 2 4 3 1 5 2 0 3
split_gain=183.606 137.822 119.312 85.1782 99.7484 80.0996 48.4776 33.8646 26.3358 22.8261 21.0342 17.9678 17.5478 28.0096
threshold=0.22500000149011615 14.500000000000002 135.31250000000003 6.3878748416900644 4.8159308433532724 2.0840848684310918 2.8750000000000004 -0.51500990986824025 65.562500000000014 12.500000000000002 2.7235324382781987 2.4528195858001713 0.075000001117587103 107.93750000000001
decision_type=2 2 2 2 2 2 2 2 2 2 2 2 2 2
left_child=1 9 3 4 -3 -5 10 -2 -9 -1 -4 -10 13 -11
right_child=7 2 6 5 -6 -7 -8 8 11 12 -12 -13 -14 -15
leaf_value=0.079143858253607619 -0.07721432837924419 0.00016887432252990354 0.022071123632852116 0.015588500274542059 0.025221554854100471 -0.033863769364109148 -0.084191560606704449 0.081166102178556895 -0.07863591982060486 0.068525393336173301 -0.045983300155067033 0.080011333333511486 -0.013533275774444842 -0.0014211429403745103
leaf_weight=209.92337614800999 339.1523222214455 4919.354267164781 85.224867661308735 483.41824348806404 2347.7400738537835 1015.7366491512803 216.17191474197193 25.135563749325229 35.630319042160409 190.49169959859864 97.230985855450854 8.927616402936108 56.951444266960607 81.848399366950616
leaf_count=1035458 1513042 7196248 3439 44601 67351 195284 152811 67327 127171 973566 15924 59523 142513 4373
internal_value=0.00147726 0.00424298 0.0013523 0.00378537 0.00826251 -0.0179174 -0.0521535 -0.0641679 -0.000679499 0.053375 -0.0141952 -0.0468494 0.0369474 0.0475038
internal_weight=10112.9 9704.09 9164.88 8766.25 7267.09 1499.15 398.628 408.846 69.6935 539.215 182.456 44.5579 329.292 272.34
internal_count=11598631 9831568 7675658 7503484 7263599 239885 172174 1767063 254021 2155910 19363 186694 1120452 977939
is_linear=0
shrinkage=0.1


Tree=263
num_leaves=15
num_cat=0
split_feature=5 5 2 3 2 1 4 0 0 1 3 0 4 5
split_gain=297.718 45.8027 3.20208 1.04882 0.661199 0.00332604 0.000760976 0.00018655 0.00026327 0.000233375 0.000114714 5.26166e-05 4.87757e-06 3.08638e-06
threshold=3.0012133121490483 3.00477147102356 2.3278195858001713 94.187500000000014 2.2028195858001713 4.5000000000000009 6.3878748416900644 0.17500000447034839 0.27500000596046453 15.500000000000002 2.5625000000000004 0.47499999403953558 4.9252834320068368 3.8623161315917973
decision_type=2 2 2 2 2 2 2 2 2 2 2 2 2 2
left_child=5 2 3 4 -2 10 -5 12 9 -9 -1 -10 -7 -3
right_child=1 13 -4 6 -6 7 -8 8 11 -11 -12 -13 -14 -15
leaf_value=-0.080002064098261536 -0.08029717350260232 -0.080008146582462886 -0.080125758709435946 -0.081920226161148718 0.081175963154591149 -0.080004735079224745 -0.091264625754549106 -0.081436096991798906 -0.080246446556482748 -0.080143360604386857 -0.086349348821203181 -0.080003348109183636 -0.080041239098445488 -0.080147290100942681
leaf_weight=0.02944282114537955 0.25390513564889161 17.920984049107304 1.2460545015710511 0.24507965354496164 204.07268008834217 284.62436899988722 0.13524207472801208 3.1764435163058797 19.305767050685972 2.4920952725369716 0.86494258623861242 16.524034139136347 42.005482437651153 1.7497786634733525
leaf_count=1024 6970 577558 11113 288 572245 8919560 1 15845 570121 58220 227 575163 260368 29928
internal_value=-0.0247223 0.0657692 0.0796937 0.0806665 0.0809753 -0.0800496 -0.0852431 -0.0800348 -0.0802345 -0.0808678 -0.0861404 -0.0801343 -0.0800094 -0.0800205
internal_weight=594.646 225.624 205.953 204.707 204.327 369.023 0.380322 368.128 41.4983 5.66854 0.894385 35.8298 326.63 19.6708
internal_count=11598631 1198103 590617 579504 579215 10400528 289 10399277 1219349 74065 1251 1145284 9179928 607486
is_linear=0
shrinkage=0.1


Tree=264
num_leaves=15
num_cat=0
split_feature=0 2 2 2 5 5 5 3 5 4 2 3 2 1
split_gain=137.664 69.292 39.5875 132.025 31.0581 30.6295 15.943 9.38989 1.77022 0.0725648 0.00670745 0.00613673 0.00424633 0.00382306
threshold=0.12500000372529033 2.3278195858001713 2.4528195858001713 2.3278195858001713 2.0556275844573979 2.0587884187698369 2.0556275844573979 66.062500000000014 2.0587884187698369 9.9144968986511248 2.2028195858001713 65.562500000000014 2.4528195858001713 4.5000000000000009
decision_type=2 2 2 2 2 2 2 2 2 2 2 2 2 2
left_child=2 13 3 10 9 -6 11 8 -8 -5 -1 -3 -9 -2
right_child=1 6 -4 4 5 -7 7 12 -10 -11 -12 -13 -14 -15
leaf_value=-0.080040110767866435 -0.086834727220094873 -0.080804621663878362 -0.080087091074949421 -0.084731609692931267 0.10895597086638922 -0.080199644289196348 0.080174196650665594 -0.088428677715641432 -0.087220049013154305 -0.13300437299535056 -0.088520857973099248 -0.093052636357704721 -0.08001015653328139 -0.080104500865911324
leaf_weight=143.99510433563051 0.86526148836310213 6.1390729250560971 185.8619983740295 11.149846186659484 79.92725318679004 9.5873988057592197 193.68583184940508 0.75380854075774495 0.63381777243102888 0.32034910078800827 0.93866632514800485 0.43828223156924639 2.9204893599035131 34.378683591196932
leaf_count=5367037 1014 72968 4197579 98232 2229 102193 527716 72 2051 42 4725 827 69562 1152384
internal_value=-0.0115162 0.0492343 -0.0452575 -0.0189338 0.0688449 0.0886966 0.0715455 0.0766336 0.0796282 -0.0860798 -0.080095 -0.0816208 -0.0817373 -0.0802697
internal_weight=671.596 239.815 431.781 245.919 100.985 89.5147 204.571 197.994 194.32 11.4702 144.934 6.57736 3.6743 35.2439
internal_count=11598631 1826594 9772037 5574458 202696 104422 673196 599401 529767 98274 5371762 73795 69634 1153398
is_linear=0
shrinkage=0.1


Tree=265
num_leaves=15
num_cat=0
split_feature=3 0 1 4 1 1 0 0 0 3 4 2 4 5
split_gain=239.238 61.9164 3.61271 1.32963 1.30873 0.00309471 0.00117338 0.000175947 0.000147366 0.000510591 0.00140628 8.35367e-05 3.09822e-06 9.70281e-06
threshold=1.0000000180025095e-35 0.17500000447034839 12.500000000000002 -0.51500990986824025 19.500000000000004 4.5000000000000009 0.12500000372529033 0.12500000372529033 0.17500000447034839 46.562500000000007 -0.50134083628654469 2.2028195858001713 2.98427426815033 3.7715406417846684
decision_type=2 2 2 2 2 2 2 2 2 2 2 2 2 2
left_child=1 2 7 4 -4 -2 -5 -1 12 10 -10 -11 13 -7
right_child=5 -3 3 6 -6 8 -8 -9 9 11 -12 -13 -14 -15
leaf_value=-0.080003651295852657 -0.086120558032406758 0.080016882984983898 0.0073301918371740452 -0.080273243692338681 0.018121350183495158 -0.080002353019296674 -0.086406129439965396 -0.081631564479668517 -0.083571900566988447 -0.08096045407850086 -0.080210193336643629 -0.080005946914602333 -0.080026762656030967 -0.080459196984761824
leaf_weight=3.7238376213936126 0.83738205958058998 146.98329027526779 562.85529921596753 1.1700812410272181 140.42520308122039 208.74237736775845 0.42538509517908085 0.80798378400504578 1.6223818810140072 0.94859803951112809 5.3408785712254021 27.433885855420158 77.629974598518857 0.46594007438485974
leaf_count=73081 249 565456 302198 586 59504 8644449 6 33 332 112 67126 1158840 724186 2473
internal_value=-0.00671563 0.020945 0.00870581 0.00927801 0.00948488 -0.0800492 -0.0819084 -0.0802939 -0.0800334 -0.0802261 -0.0809934 -0.0800378 -0.0800097 -0.0800034
internal_weight=1179.41 856.391 709.408 704.876 703.281 323.021 1.59547 4.53182 322.184 35.3457 6.96326 28.3825 286.838 209.208
internal_count=11598631 1000864 435408 362294 361702 10597767 592 73114 10597518 1226410 67458 1158952 9371108 8646922
is_linear=0
shrinkage=0.1


Tree=266
num_leaves=15
num_cat=0
split_feature=0 1 4 4 3 2 2 4 5 3 1 5 1 2
split_gain=132.815 87.9632 88.9093 181.758 149.438 123.989 101.598 46.3006 46.204 36.5502 33.4758 29.8316 25.278 24.8566
threshold=0.075000001117587103 15.500000000000002 6.3878748416900644 4.3785204887390146 95.937500000000014 2.6250000000000004 2.8750000000000004 4.1734840869903573 1.3744092583656313 59.437500000000007 17.500000000000004 2.0721787214279179 12.500000000000002 2.8750000000000004
decision_type=2 2 2 2 2 2 2 2 2 2 2 2 2 2
left_child=1 12 3 5 -5 -3 8 -2 -4 13 -11 -8 -1 -9
right_child=7 2 6 4 -6 -7 11 9 -10 10 -12 -13 -14 -15
leaf_value=-0.08781670691689325 -0.074972359586339785 -0.062036036789734128 0.084117110077235283 0.032446743801049553 -0.022829635447727096 0.030786571864780728 0.0065117787792753059 -0.081835683863349273 0.0021435582768726297 -0.048354908646242062 0.015260206944252043 0.073247116181291455 -0.025961809685691502 -0.31564393269908964
leaf_weight=80.501832904040384 254.01821364778607 154.38863342497189 75.357409419433679 601.90289226264576 2609.3016694503312 2119.1663437983007 77.751754222263116 26.675935517079779 785.30894072999945 137.96411265284405 206.58080945818801 483.62341616878984 368.49567244759783 5.4812752385623744
leaf_count=721198 5303510 2368887 1759 42416 59347 1128584 34903 93311 41203 90389 12995 297650 1402448 31
internal_value=0.00206155 0.00583769 0.00862586 0.00284873 -0.0124687 0.0244833 0.030908 -0.0419779 0.00932092 -0.019729 -0.0102128 0.0640041 -0.0370519 -0.121689
internal_weight=7986.52 7355.8 6906.8 5484.76 3211.2 2273.55 1422.04 630.72 860.666 376.702 344.545 561.375 448.998 32.1572
internal_count=11598631 6098395 3974749 3599234 101763 3497471 375515 5500236 42962 196726 103384 332553 2123646 93342
is_linear=0
shrinkage=0.1


Tree=267
num_leaves=15
num_cat=0
split_feature=0 1 3 0 4 2 1 2 4 3 3 2 3 5
split_gain=153.357 124.884 90.6287 69.9539 81.0919 65.5472 42.5702 30.1067 26.852 30.2119 21.775 20.7295 26.6857 16.8636
threshold=0.17500000447034839 16.500000000000004 130.31250000000003 0.075000001117587103 6.3878748416900644 1.0000000180025095e-35 12.500000000000002 2.8750000000000004 -0.51500990986824025 65.562500000000014 135.31250000000003 2.8750000000000004 135.31250000000003 4.0690042972564706
decision_type=2 2 2 2 2 2 2 2 2 2 2 2 2 2
left_child=1 6 3 4 -3 -5 -1 13 -2 -10 -9 -8 -13 -4
right_child=8 2 7 5 -6 -7 11 10 9 -11 -12 12 -14 -15
leaf_value=0.078957539304194357 -0.073875901064047789 0.0034832636806164784 -0.018835902779413573 -0.010570440230033873 -0.025806860369880832 0.042538805587370124 0.038229955421294273 -0.032227984039194163 0.08102571251122713 -0.05540277419725869 -0.083213828384584784 0.014583142835777232 -0.1035402755396146 0.0850108608894629
leaf_weight=181.91639158126532 307.973255206467 5545.1198691064792 207.44277405133471 338.2894620122388 1139.4579856595083 742.3368046413525 583.69501814059186 163.58207975068763 25.690532285188965 44.086838813593204 171.66969108343528 373.26715543146815 20.158076091058319 16.91225606482476
leaf_count=1033883 1533498 3311633 21436 3413 199812 2619480 2343675 28821 68297 190101 147535 91020 5669 358
internal_value=0.00129862 0.00378741 -0.000494345 0.00230664 -0.00150955 0.025913 0.0345412 -0.0393613 -0.0611852 -0.00517273 -0.0583359 0.026272 0.00853081 -0.0110078
internal_weight=9861.6 9483.85 8324.81 7765.2 6684.58 1080.63 1159.04 559.607 377.751 69.7774 335.252 977.12 393.425 224.355
internal_count=11598631 9806735 6332488 6134338 3511445 2622893 3474247 198150 1791896 258398 176356 2440364 96689 21794
is_linear=0
shrinkage=0.1


Tree=268
num_leaves=15
num_cat=0
split_feature=5 5 2 3 2 1 4 0 0 3 3 0 4 5
split_gain=260.005 41.2674 2.91193 0.965823 0.603705 0.00326878 0.000652209 0.000185035 0.000232355 0.000216365 9.68935e-05 5.37691e-05 3.74786e-06 2.64147e-06
threshold=3.0012133121490483 3.00477147102356 2.3278195858001713 94.187500000000014 2.2028195858001713 4.5000000000000009 6.3878748416900644 0.17500000447034839 0.27500000596046453 2.5625000000000004 2.5625000000000004 0.47499999403953558 4.9252834320068368 3.8623161315917973
decision_type=2 2 2 2 2 2 2 2 2 2 2 2 2 2
left_child=5 2 3 4 -2 10 -5 12 9 -9 -1 -10 -7 -3
right_child=1 13 -4 6 -6 7 -8 8 11 -11 -12 -13 -14 -15
leaf_value=-0.080001762853010194 -0.080271313821969809 -0.080007451812660293 -0.080116921016709586 -0.08171659337957958 0.081240404618901807 -0.080004346498895429 -0.090648763982566535 -0.082633052131831308 -0.080268816465744908 -0.080634547718490435 -0.086306096721520412 -0.080002854574650062 -0.080037955018305629 -0.08014200733042677
leaf_weight=0.025092074247367147 0.23173285693698531 16.198450907871276 1.1331881320083983 0.22142127929328026 176.13123583883862 259.133105261271 0.12959125638008118 0.6178048429046602 16.519163281835066 4.3989310383612974 0.85788199785747565 14.080754058606543 38.05318598084159 1.6033693802423723
leaf_count=1024 6970 577558 11113 288 572245 8919560 1 815 570121 73250 227 575163 260368 29928
internal_value=-0.026385 0.0651434 0.0796737 0.0806984 0.0810282 -0.0800506 -0.0850143 -0.0800345 -0.0802499 -0.0808807 -0.0861269 -0.0801464 -0.0800086 -0.0800196
internal_weight=529.335 195.649 177.847 176.714 176.363 333.686 0.351013 332.803 35.6167 5.01674 0.882974 30.5999 297.186 17.8018
internal_count=11598631 1198103 590617 579504 579215 10400528 289 10399277 1219349 74065 1251 1145284 9179928 607486
is_linear=0
shrinkage=0.1


Tree=269
num_leaves=15
num_cat=0
split_feature=0 2 2 2 5 5 5 3 5 4 2 3 1 2
split_gain=120.606 59.7432 36.994 121.361 28.1846 27.5988 13.9224 8.25346 1.54446 0.0518165 0.00532951 0.00406688 0.003734 0.00298843
threshold=0.12500000372529033 2.3278195858001713 2.4528195858001713 2.3278195858001713 2.0556275844573979 2.0587884187698369 2.0556275844573979 66.062500000000014 2.0587884187698369 9.9144968986511248 2.2028195858001713 65.562500000000014 4.5000000000000009 2.4528195858001713
decision_type=2 2 2 2 2 2 2 2 2 2 2 2 2 2
left_child=2 12 3 10 9 -6 11 8 -8 -5 -1 -3 -2 -9
right_child=1 6 -4 4 5 -7 7 13 -10 -11 -12 -13 -14 -15
leaf_value=-0.080037450705781804 -0.086810605368480065 -0.080864503328788376 -0.080076688458716072 -0.084378890969926179 0.10773866541528798 -0.080183968877664755 0.080171590210326882 -0.087456489093416828 -0.086177036273594354 -0.12595957282310929 -0.087893152703046429 -0.091382920214118535 -0.080108314887161303 -0.080009612591891932
leaf_weight=131.04398485820076 0.85533610210041189 5.3559294849519565 169.11048202698379 10.213343560159043 74.704410027523409 8.728139444412589 168.31667350765201 0.68298865621909444 0.55998939228174904 0.30875875159108623 0.86933900894200533 0.39467481934843807 29.508787331875283 2.5540467388436809
leaf_count=5367037 1014 72968 4197579 98232 2229 102193 527716 72 2051 42 4725 827 1152384 69562
internal_value=-0.0122414 0.0493427 -0.0447078 -0.0182267 0.068629 0.0880795 0.0714742 0.0765882 0.07962 -0.085599 -0.0800892 -0.0815864 -0.0802971 -0.0815808
internal_weight=603.207 208.228 394.978 225.868 93.9547 83.4325 177.864 172.114 168.877 10.5221 131.913 5.7506 30.3641 3.23704
internal_count=11598631 1826594 9772037 5574458 202696 104422 673196 599401 529767 98274 5371762 73795 1153398 69634
is_linear=0
shrinkage=0.1


Tree=270
num_leaves=15
num_cat=0
split_feature=2 0 1 0 1 1 1 0 3 4 0 2 4 5
split_gain=209.596 55.6367 3.0234 1.29343 1.6459 1.30602 0.00300812 0.000151834 0.000501635 0.00132282 0.000109271 7.93277e-05 2.40625e-06 6.41407e-06
threshold=-1.0000000180025095e-35 0.17500000447034839 12.500000000000002 0.12500000372529033 19.500000000000004 17.500000000000004 4.5000000000000009 0.17500000447034839 46.562500000000007 -0.50134083628654469 0.12500000372529033 2.2028195858001713 4.8159308433532724 3.7715406417846684
decision_type=2 2 2 2 2 2 2 2 2 2 2 2 2 2
left_child=1 2 10 4 -4 -5 -2 12 9 -9 -1 -10 13 -8
right_child=6 -3 3 5 -6 -7 7 8 11 -11 -12 -13 -14 -15
leaf_value=-0.080003111906539359 -0.086065654882900813 0.080014460763296616 0.0043481703260742762 0.010056959307564686 0.016515051791785779 0.038968539064020577 -0.080003854582525791 -0.083531459998202412 -0.080944489357298768 -0.08018428792138739 -0.081389630768027341 -0.080005949504151297 -0.080030772831650554 -0.080374517210961269
leaf_weight=3.1766396405000701 0.8292288972058931 125.87573632791464 502.74996552096854 38.224557906389236 142.75557746351114 26.426443994045258 214.54022741786335 1.5939121080446055 0.93633820890682073 4.5546251425530526 0.69226966239511956 23.578166587941269 42.221960735593711 0.46786690674329534
leaf_count=73081 249 565456 302126 145 59791 232 8883409 332 112 67126 33 1158840 484164 3535
internal_value=-0.00655075 0.0187156 0.00790924 0.00838953 0.00703891 0.0218747 -0.0800513 -0.080034 -0.0802444 -0.081052 -0.0802512 -0.0800418 -0.0800089 -0.0800047
internal_weight=1128.62 839.901 714.025 710.157 645.506 64.651 288.722 287.893 30.663 6.14854 3.86891 24.5145 257.23 215.008
internal_count=11598631 1000864 435408 362294 361917 377 10597767 10597518 1226410 67458 73114 1158952 9371108 8886944
is_linear=0
shrinkage=0.1


Tree=271
num_leaves=15
num_cat=0
split_feature=2 5 5 5 5 3 2 5 5 3 3 4 4 2
split_gain=119.906 112.358 96.0645 258.045 263.317 179.797 155.994 56.7805 40.9867 38.7223 34.2803 16.9726 10.9382 14.0662
threshold=2.3278195858001713 3.0405635833740239 2.0347924232482915 2.082067728042603 2.3428381681442265 73.312500000000014 2.6250000000000004 0.82109650969505321 2.0556275844573979 88.812500000000014 87.062500000000014 11.37708902359009 2.7929071187973027 2.8750000000000004
decision_type=2 2 2 2 2 2 2 2 2 2 2 2 2 2
left_child=-1 2 5 8 -5 7 -7 -2 -4 10 -3 -12 13 -11
right_child=1 9 3 4 -6 6 -8 -9 -10 12 11 -13 -14 -15
leaf_value=-0.076364624818897414 0.18376977667075281 0.076676534953939945 0.0089431916207891489 0.058930511389329823 -0.0042730022506557632 -0.019129085525826817 0.13090087988541901 -0.011515055106477535 -0.078428650023425694 0.32402234308321437 -0.050203104755222785 -0.28965853710179673 0.084557023964939748 0.11561613909989571
leaf_weight=190.8109155801958 15.373629487843116 28.413861888250011 60.471109542224895 752.14133061153825 5332.6891123256528 96.136706672745191 248.28783405983629 472.19224142940823 478.84589182503851 4.3351847308222213 25.835597729919758 3.3430762280477202 171.94144922448322 12.802969690927767
leaf_count=6525160 1351 35050 55815 175634 1675016 92479 38965 1360195 1363697 113 64424 188 209406 1138
internal_value=0.0019432 0.00388301 0.00168627 -0.00233644 0.00353954 0.0337143 0.0890241 -0.00535745 -0.0686321 0.0702839 -0.00150543 -0.0776381 0.0921505 0.168334
internal_weight=7893.62 7702.81 7456.14 6624.15 6084.83 831.99 344.425 487.566 539.317 246.672 57.5925 29.1787 189.08 17.1382
internal_count=11598631 5073471 4763152 3270162 1850650 1492990 131444 1361546 1419512 310319 99662 64612 210657 1251
is_linear=0
shrinkage=0.1


Tree=272
num_leaves=15
num_cat=0
split_feature=0 3 5 5 5 5 5 2 2 3 5 2 3 3
split_gain=127.826 102.584 216.233 218.717 222.392 101.071 97.1486 110.103 80.2228 64.4447 133.287 90.8925 35.9464 25.797
threshold=0.17500000447034839 78.437500000000014 1.9846659898757937 2.082067728042603 2.284825444221497 2.0556275844573979 2.4146019220352177 2.8750000000000004 2.6250000000000004 57.312500000000007 1.5563072562217715 1.0000000180025095e-35 95.187500000000014 77.937500000000014
decision_type=2 2 2 2 2 2 2 2 2 2 2 2 2 2
left_child=1 6 8 5 -5 -4 9 13 12 11 -11 -1 -3 -8
right_child=-2 2 3 4 -6 -7 7 -9 -10 10 -12 -13 -14 -15
leaf_value=-6.5786357555093467e-05 -0.060267744773307576 0.040377825458017831 -0.024288369719577225 -0.070110825731954471 0.00056263540471845962 0.082027432980689222 0.066686271605911437 -0.14405756688260357 -0.12807783262278258 -0.17012143681730979 -0.0019446692149802628 0.050899903578844025 -0.16945707654031208 0.17061475029538431
leaf_weight=783.57521234443993 327.15846012309703 49.429794886361492 112.08152743694427 484.06920766100666 5552.6991268776164 442.23997747305475 427.34858454374626 24.763072383793769 184.29257823491923 51.593720795770878 544.13851939713641 632.28268123865155 9.7790670293034037 25.297436095337616
leaf_count=435408 1791896 47198 63803 75534 1258524 618005 2071256 2816 30645 5582 447424 4646941 339 103260
internal_value=0.00117093 0.00332677 -0.00300323 0.000415589 -0.00510444 0.0605308 0.0207084 0.0612621 -0.0955438 0.0110839 -0.0165097 0.0226941 0.00572103 0.0724946
internal_weight=9650.75 9323.59 6834.59 6591.09 6036.77 554.322 2489 477.409 243.501 2011.59 595.732 1415.86 59.2089 452.646
internal_count=11598631 9806735 2094048 2015866 1334058 681808 7712687 2177332 78182 5535355 453006 5082349 47537 2174516
is_linear=0
shrinkage=0.1


Tree=273
num_leaves=15
num_cat=0
split_feature=5 5 2 3 2 1 4 0 0 3 3 0 4 5
split_gain=228.084 36.7809 2.61629 0.861393 0.535878 0.00318782 0.000449582 0.000192393 0.000216474 0.000210557 8.13882e-05 5.55079e-05 2.91446e-06 1.92643e-06
threshold=3.0012133121490483 3.00477147102356 2.3278195858001713 94.187500000000014 2.2028195858001713 4.5000000000000009 6.3878748416900644 0.17500000447034839 0.27500000596046453 2.5625000000000004 2.5625000000000004 0.47499999403953558 4.9252834320068368 3.8623161315917973
decision_type=2 2 2 2 2 2 2 2 2 2 2 2 2 2
left_child=5 2 3 4 -2 10 -5 12 9 -9 -1 -10 -7 -3
right_child=1 13 -4 6 -6 7 -8 8 11 -11 -12 -13 -14 -15
leaf_value=-0.080001505462650724 -0.080230105992145098 -0.080007087499632049 -0.080106777156339973 -0.081511771826535129 0.081345488775293684 -0.080003974070539746 -0.089331598236026127 -0.082639316506102983 -0.080293988251634918 -0.080640580936251705 -0.086247941438482287 -0.080002428970831915 -0.080035198750343373 -0.080129668571560356
leaf_weight=0.02138428427042427 0.20554005950546539 14.485333436423785 1.0173118535685706 0.19803106174185714 153.27321169701463 232.50729789265108 0.11693535000085831 0.6072243119760995 14.302949735713812 3.9923321151845812 0.84944190290298138 12.015170651705374 34.302576638807295 1.4065458702972637
leaf_count=1024 6970 577558 11113 288 572245 8919560 1 815 570121 73250 227 575163 260368 29928
internal_value=-0.0273424 0.0648605 0.0797328 0.0807901 0.0811291 -0.080053 -0.084415 -0.0800354 -0.0802715 -0.0809045 -0.0860946 -0.0801609 -0.080008 -0.0800179
internal_weight=469.301 170.703 154.811 153.794 153.479 298.598 0.314966 297.728 30.9177 4.59956 0.870826 26.3181 266.81 15.8919
internal_count=11598631 1198103 590617 579504 579215 10400528 289 10399277 1219349 74065 1251 1145284 9179928 607486
is_linear=0
shrinkage=0.1


Tree=274
num_leaves=15
num_cat=0
split_feature=0 2 2 2 5 5 5 3 5 4 2 1 2 5
split_gain=102.919 51.6562 36.2949 114.372 25.4872 24.5011 12.1439 7.73586 1.33945 0.0349649 0.00373566 0.00360884 0.00279382 0.00260694
threshold=0.12500000372529033 2.3278195858001713 2.4528195858001713 2.3278195858001713 2.0556275844573979 2.0587884187698369 2.0556275844573979 66.062500000000014 2.0587884187698369 9.9144968986511248 2.2028195858001713 4.5000000000000009 2.4528195858001713 1.7118502259254458
decision_type=2 2 2 2 2 2 2 2 2 2 2 2 2 2
left_child=2 11 3 10 9 -6 13 8 -8 -5 -1 -2 -9 -3
right_child=1 6 -4 4 5 -7 7 12 -10 -11 -12 -13 -14 -15
leaf_value=-0.080033335956889828 -0.086763298479965778 -0.080647315634282013 -0.080070573113713309 -0.083919610368958591 0.10669492533346335 -0.08016261926930407 0.080179969695495706 -0.087419353843751449 -0.085292332137357763 -0.11900564794321594 -0.086954046788081649 -0.080117379868972161 -0.080008311413957825 -0.08720073203934825
leaf_weight=117.65930519073129 0.84420425702774338 4.3240508704238882 151.70776215789385 9.1920691634131764 71.747303107200423 7.7779325835726913 147.20060941777774 0.64609539831872043 0.4908200828012913 0.29308557625336185 0.78515373282652845 25.417841174078603 2.3915793174965074 0.70613651340318018
leaf_count=5367037 1014 71722 4197579 98232 2229 102193 527716 72 2051 42 4725 1152384 69562 2073
internal_value=-0.0118519 0.0494057 -0.0428969 -0.0157125 0.069939 0.0884194 0.0712802 0.0763811 0.0796301 -0.0850037 -0.0800792 -0.080331 -0.0815846 -0.0815673
internal_weight=541.184 182.021 359.163 207.455 89.0104 79.5252 155.759 150.729 147.691 9.48515 118.444 26.262 3.03767 5.03019
internal_count=11598631 1826594 9772037 5574458 202696 104422 673196 599401 529767 98274 5371762 1153398 69634 73795
is_linear=0
shrinkage=0.1


Tree=275
num_leaves=15
num_cat=0
split_feature=2 0 1 4 0 1 0 0 3 4 0 2 4 5
split_gain=183.875 50.0674 2.74689 1.2099 1.21715 0.00283268 0.0010168 0.00015862 0.000453638 0.00124105 8.58325e-05 7.48775e-05 1.87893e-06 4.8602e-06
threshold=-1.0000000180025095e-35 0.17500000447034839 12.500000000000002 -0.51500990986824025 0.12500000372529033 4.5000000000000009 0.12500000372529033 0.17500000447034839 46.562500000000007 -0.50134083628654469 0.12500000372529033 2.2028195858001713 4.9252834320068368 3.7715406417846684
decision_type=2 2 2 2 2 2 2 2 2 2 2 2 2 2
left_child=1 2 10 4 -4 -2 -5 12 9 -9 -1 -10 13 -7
right_child=5 -3 3 6 -6 7 -8 8 11 -11 -12 -13 -14 -15
leaf_value=-0.08000287495320911 -0.085944321506053634 0.080012509319715555 0.0065711228784690991 -0.080255207243385501 0.021093725100616353 -0.080003647632308272 -0.08613404333432513 -0.083456680454315701 -0.080929555730210545 -0.080180887553793045 -0.081281139804742164 -0.080006325541398471 -0.08002897945974366 -0.080341057062770505
leaf_weight=2.9326309622556432 0.81392540692456705 108.88163481740048 648.73545870761154 1.1068064966821101 63.34576278179884 191.16895348750373 0.40072454512119282 1.5607835454375161 0.91818856116151693 4.4652365516913077 0.63992939144372929 20.31297437964804 37.130963865420199 0.42786921389207933
leaf_count=73081 249 565456 361331 586 371 8892508 6 332 112 67126 33 1158840 474947 3653
internal_value=-0.00614754 0.0168285 0.00723567 0.00767357 0.00786303 -0.0800543 -0.0818179 -0.0800356 -0.0802636 -0.0810293 -0.0802318 -0.0800463 -0.0800084 -0.0800044
internal_weight=1082.84 826.043 717.161 713.589 712.081 256.799 1.50753 255.985 27.2572 6.02602 3.57256 21.2312 228.728 191.597
internal_count=11598631 1000864 435408 362294 361702 10597767 592 10597518 1226410 67458 73114 1158952 9371108 8896161
is_linear=0
shrinkage=0.1


Tree=276
num_leaves=15
num_cat=0
split_feature=2 5 5 5 3 5 3 3 4 3 3 5 4 2
split_gain=105.335 102.783 80.3899 179.168 321.707 147.875 117.724 82.1475 70.5329 36.3163 30.4128 15.6321 9.9611 13.8303
threshold=2.3278195858001713 3.0405635833740239 2.6154246330261235 2.7235324382781987 126.43750000000001 2.6003737449646001 126.43750000000001 96.687500000000014 4.8159308433532724 88.812500000000014 87.062500000000014 3.5934629440307622 2.7929071187973027 2.8750000000000004
decision_type=2 2 2 2 2 2 2 2 2 2 2 2 2 2
left_child=-1 2 5 7 -5 6 -2 -4 -7 10 -3 -12 13 -11
right_child=1 9 3 4 -6 8 -8 -9 -10 12 11 -13 -14 -15
leaf_value=-0.075672015508280163 0.0030663563495598833 0.075410025858703975 0.035875137156186149 0.05251564590937511 -0.040257312546612911 0.27292553625045352 0.067435311203234358 -0.037916572109681558 0.080400807646105979 0.33022865822537339 -0.096844192727309042 0.13206315043199995 0.084434076206757552 0.11404083666760459
leaf_weight=171.49656590727136 3606.2397392729322 27.648679322160888 166.03075072382399 926.3378825708096 626.62907279166393 26.732520770159681 308.42584341347583 1651.246681010316 66.035326127523149 3.9304557596333298 26.065683024400645 3.3688839529640964 157.78264985108399 11.974530674943026
leaf_count=6525160 3387668 35050 430350 744379 42226 48409 35003 71643 3474 113 64338 274 209406 1138
internal_value=0.0018308 0.00357774 0.00152212 -0.00986053 0.0150813 0.0110949 0.00813781 -0.0311748 0.13588 0.0692954 9.78049e-05 -0.070645 0.0920374 0.167465
internal_weight=7779.95 7608.45 7377.68 3370.24 1552.97 4007.43 3914.67 1817.28 92.7678 230.771 57.0832 29.4346 173.688 15.905
internal_count=11598631 5073471 4763152 1288598 786605 3474554 3422671 501993 51883 310319 99662 64612 210657 1251
is_linear=0
shrinkage=0.1


Tree=277
num_leaves=15
num_cat=0
split_feature=5 3 5 5 3 2 3 3 5 3 0 4 2 4
split_gain=108.038 93.7544 74.0383 185.082 283.605 430.754 196.191 162.518 64.3013 71.0042 54.6697 70.0441 38.2063 33.7197
threshold=2.9883444309234624 88.812500000000014 2.6292189359664921 2.7235324382781987 126.43750000000001 2.8750000000000004 135.31250000000003 126.43750000000001 2.7186124324798588 96.687500000000014 0.27500000596046453 5.8137736320495614 2.0778195858001713 3.2029795646667485
decision_type=2 2 2 2 2 2 2 2 2 2 2 2 2 2
left_child=2 -2 7 8 5 -5 -6 10 9 -4 11 -1 -3 -12
right_child=1 12 3 4 6 -7 -8 -9 -10 -11 13 -13 -14 -15
leaf_value=0.0088194975542943733 0.036345376309316821 0.085838079566442044 -0.038560452996945993 0.018398145437737299 0.072528508257425239 -0.11998113832943956 -0.074933237363134647 -0.069603114741384642 0.089502228088513394 0.037648971211129131 -0.069620479468269367 -0.019453444088526506 -0.07647752491888421 0.073237143879570324
leaf_weight=4120.8877452219222 107.9172364878026 15.128611806539991 134.29691247457959 490.25381527990612 471.53999548920547 415.68677357846173 111.57188253093045 347.15952882505735 213.28517404503509 1363.4379531908635 154.44337975191957 1112.8951086073466 349.87497396158017 18.501911223331263
leaf_count=7323146 404558 800 276263 738717 12823 25234 22854 38225 651249 57800 1072201 104559 796148 74054
internal_value=0.00104222 -0.0455397 0.00350254 0.0156958 -0.0100837 -0.0450966 0.0443134 -0.00327887 0.038131 0.0308155 0.000979728 0.00280763 -0.0697499 -0.0543374
internal_weight=9426.88 472.921 8953.96 3200.07 1489.05 905.941 583.112 5753.89 1711.02 1497.73 5406.73 5233.78 365.004 172.945
internal_count=11598631 1201506 10397125 1784940 799628 763951 35677 8612185 985312 334063 8573960 7427705 796948 1146255
is_linear=0
shrinkage=0.1


Tree=278
num_leaves=15
num_cat=0
split_feature=5 5 2 3 2 1 4 0 0 0 3 0 4 0
split_gain=200.624 32.1348 2.39652 0.795274 0.473223 0.00301018 0.000348941 0.000202458 0.000204229 0.000222811 6.70922e-05 5.58635e-05 2.24578e-06 1.66341e-06
threshold=3.0012133121490483 3.00477147102356 2.3278195858001713 94.187500000000014 2.2028195858001713 4.5000000000000009 6.3878748416900644 0.17500000447034839 0.27500000596046453 0.22500000149011615 2.5625000000000004 0.47499999403953558 4.9252834320068368 0.32500000298023229
decision_type=2 2 2 2 2 2 2 2 2 2 2 2 2 2
left_child=5 2 3 4 -2 10 -5 12 9 -9 -1 -10 -7 -12
right_child=1 -3 -4 6 -6 7 -8 8 11 -11 13 -13 -14 -15
leaf_value=-0.080001315953458552 -0.080239762052995406 -0.080017295995964466 -0.080098552463577388 -0.081398141745438649 0.081361732562183667 -0.080003684746242476 -0.088545261350627166 -0.080383561323648753 -0.080315044805455371 -0.081872657116504113 -0.086391566760211175 -0.080002379478844463 -0.080032393482268871 -0.086048020319204485
leaf_weight=0.018301878376404512 0.18145264166469033 13.896359952600163 0.93233140740267018 0.18301711228195827 133.79874025619938 206.88821954241917 0.10899202525615692 2.7753697375219444 12.839589150600661 1.5750920777099962 0.1796501242542945 10.29726754992498 31.381415369741262 0.65405635448769317
leaf_count=1024 6970 607486 11113 288 572245 8919560 1 20307 570121 53758 202 575163 260368 25
internal_value=-0.0281045 0.0647908 0.0796742 0.0807836 0.0811429 -0.0800561 -0.0840658 -0.0800371 -0.0802941 -0.0809227 -0.0859906 -0.0801759 -0.0800075 -0.086122
internal_weight=415.71 149.101 135.205 134.272 133.98 266.609 0.292009 265.757 27.4873 4.35046 0.852008 23.1369 238.27 0.833706
internal_count=11598631 1198103 590617 579504 579215 10400528 289 10399277 1219349 74065 1251 1145284 9179928 227
is_linear=0
shrinkage=0.1


Tree=279
num_leaves=15
num_cat=0
split_feature=2 2 5 5 0 4 3 0 1 2 3 5 3 1
split_gain=91.2215 187.783 32.2988 21.596 18.5661 0.0274143 0.0128425 0.00438202 0.00352244 0.000323649 0.00130711 0.000285426 0.00134223 7.92395e-05
threshold=2.4528195858001713 2.3278195858001713 2.0556275844573979 2.0587884187698369 0.075000001117587103 9.9144968986511248 65.562500000000014 0.12500000372529033 4.5000000000000009 2.0778195858001713 66.062500000000014 0.87155479192733776 65.562500000000014 6.5000000000000009
decision_type=2 2 2 2 2 2 2 2 2 2 2 2 2 2
left_child=1 8 5 4 -4 6 -3 -5 -1 13 -11 12 -2 -10
right_child=11 2 3 7 -6 -7 -8 -9 9 10 -12 -13 -14 -15
leaf_value=-0.086626270494281538 -0.080003692628405454 -0.080571226370811475 0.24707353373615062 -0.080150494191746885 0.082764617395596318 -0.1147730371362814 -0.087244500882049991 -0.087663432073817882 -0.081059302125020508 -0.082339575395854583 -0.080005610632113283 -0.080055820570209948 -0.090507740661202041 -0.080024085210126869
leaf_weight=0.8287405765704382 0.6601802374771627 7.4159408592631699 7.137214033631607 6.9186708546631044 188.60800562721852 0.28077017390751358 4.7188770265074709 0.87446940188601718 0.74426592732197505 3.129786399647398 10.283661762380007 138.66130099631818 0.14913097892076621 113.0861705006637
leaf_count=1141 26672 103156 1014 102193 528946 44 435 432 28658 122302 593169 4310474 105 5779890
internal_value=-0.0118476 0.0158089 0.0727047 0.0822562 0.0887556 -0.083881 -0.0831663 -0.0809935 -0.0801279 -0.0800856 -0.0805502 -0.0800667 -0.0819393 -0.0800309
internal_weight=483.497 344.027 215.954 203.538 195.745 12.4156 12.1348 7.79314 128.073 127.244 13.4134 139.471 0.809311 113.83
internal_count=11598631 7261380 736220 632585 529960 103635 103591 102625 6525160 6524019 715471 4337251 26777 5808548
is_linear=0
shrinkage=0.1


Tree=280
num_leaves=15
num_cat=0
split_feature=3 0 1 4 0 1 0 0 3 4 0 2 1 4
split_gain=165.63 43.6533 2.52001 1.13948 1.04055 0.00263517 0.000843148 0.000151143 0.0004242 0.00110872 6.56712e-05 5.89237e-05 3.31577e-06 1.49434e-06
threshold=1.0000000180025095e-35 0.17500000447034839 12.500000000000002 -0.51500990986824025 0.12500000372529033 4.5000000000000009 0.12500000372529033 0.17500000447034839 46.562500000000007 -0.50134083628654469 0.12500000372529033 2.2028195858001713 3.5000000000000004 4.9252834320068368
decision_type=2 2 2 2 2 2 2 2 2 2 2 2 2 2
left_child=1 2 10 4 -4 12 -5 13 9 -9 -1 -10 -2 -7
right_child=5 -3 3 6 -6 7 -8 8 11 -11 -12 -13 -14 -15
leaf_value=-0.080002630388627261 -0.085900391074474031 0.080010781503815742 0.0067632940934064861 -0.080240256357076434 0.020228600114658858 -0.080003955823834516 -0.085752153774872775 -0.083397669930658572 -0.080868011743406937 -0.080174002737658498 -0.081170800527515172 -0.080006005967207527 -0.085385690423523897 -0.080026963748255492
leaf_weight=2.6834176268313281 0.64009150134819393 93.568190305566532 647.42683560552541 1.0418191353091959 62.970835044980049 173.93764151435488 0.37829745560884465 1.4688016723539474 0.8306984940427381 3.8990439193494266 0.58640654943883408 17.470974863848824 0.15558564794173435 33.69786622668471
leaf_count=73081 25 565456 361331 586 371 8896161 6 332 112 67126 33 1158840 224 474947
internal_value=-0.00559215 0.0157801 0.00737565 0.00777799 0.00795688 -0.0800547 -0.0817085 -0.080035 -0.0802744 -0.0810561 -0.0802121 -0.0800451 -0.0857997 -0.0800077
internal_weight=1040.76 808.656 715.088 711.818 710.398 232.101 1.42012 231.305 23.6695 5.36785 3.26982 18.3017 0.795677 207.636
internal_count=11598631 1000864 435408 362294 361702 10597767 592 10597518 1226410 67458 73114 1158952 249 9371108
is_linear=0
shrinkage=0.1


Tree=281
num_leaves=15
num_cat=0
split_feature=0 5 4 5 3 4 5 5 4 2 2 3 1 3
split_gain=94.7261 68.6485 68.016 126.026 118.648 89.7798 79.4091 63.177 42.8709 40.5639 35.8288 31.0383 30.0174 20.6194
threshold=0.075000001117587103 3.0405635833740239 4.3785204887390146 2.483146190643311 73.312500000000014 6.8389544486999521 2.7235324382781987 2.0840848684310918 3.9684479236602788 2.8750000000000004 2.0778195858001713 59.437500000000007 17.500000000000004 88.812500000000014
decision_type=2 2 2 2 2 2 2 2 2 2 2 2 2 2
left_child=1 2 4 7 9 -5 -6 -4 -2 -1 -3 -10 -13 -12
right_child=8 10 3 5 6 -7 -8 -9 11 -11 13 12 -14 -15
leaf_value=-0.07099543725255178 -0.075301140988040194 -0.083713314619657309 -0.00025291606248668293 -0.024458417209610169 0.014716174740332159 0.019891194920387666 0.063401444744800209 0.039403851285966442 -0.11591123222793276 0.059219104252919735 0.017228871092915203 -0.045583112071256371 0.015713510978381647 0.092111877131915404
leaf_weight=184.203837501816 197.22328589179779 15.757392591972318 840.26348816007521 2404.8507491286218 1670.4004112099465 563.39120075447136 419.07522943027652 769.71235734712536 29.378344220975123 27.494030676952661 49.300247641966052 132.74378833891387 200.65519416243478 144.69352606916803
leaf_count=4073929 5297926 248047 105506 39120 944067 94055 169283 65191 94215 92830 57623 93638 14457 208744
internal_value=0.00181866 0.00494637 0.00322808 -0.0038214 0.0172531 -0.0160406 0.0244807 0.0187066 -0.0377755 -0.054084 0.0613025 -0.0173747 -0.00869192 0.0730816
internal_weight=7649.14 7089.14 6879.39 4578.22 2301.17 2968.24 2089.48 1609.98 560.001 211.698 209.751 362.777 333.399 193.994
internal_count=11598631 6098395 5583981 303872 5280109 133175 1113350 170697 5500236 4166759 514414 202310 108095 266367
is_linear=0
shrinkage=0.1


Tree=282
num_leaves=15
num_cat=0
split_feature=5 3 1 0 1 3 5 4 5 4 2 4 3 4
split_gain=85.7014 81.1444 60.0691 61.3229 70.2437 45.018 38.5892 33.8398 60.9885 57.6243 31.7751 29.0359 28.1017 30.5732
threshold=2.9883444309234624 88.812500000000014 19.500000000000004 0.12500000372529033 13.500000000000002 130.31250000000003 2.6154246330261235 5.9367952346801767 2.8991454839706425 4.8159308433532724 2.0778195858001713 -0.51500990986824025 88.687500000000014 6.2101769447326669
decision_type=2 2 2 2 2 2 2 2 2 2 2 2 2 2
left_child=2 12 3 4 -1 7 -6 9 -9 -4 -3 -5 -2 -14
right_child=1 10 5 11 6 -7 -8 8 -10 -11 -12 -13 13 -15
leaf_value=0.068876171517575052 0.011119591990726034 0.085044079542924422 -0.0088622703812429524 -0.051496080423803076 0.0030782618618960347 -0.050259826933268581 0.022044714963916655 -0.030910039093289984 0.076221793882641289 0.022198508444748799 -0.073813869131218318 0.025060414270681754 0.085691308414441225 0.4235253973159776
leaf_weight=213.1659875075693 86.486858928644665 13.121832367309251 1824.4019736394439 225.45547565862216 2875.8366205076654 222.86927293213012 1710.9547086240345 692.60282108079991 57.55445690616034 888.00371244666167 311.40134797511257 63.493943647579727 13.758284247785925 3.3264174849027759
leaf_count=1489077 366736 800 1936105 1044097 4449129 38663 1133530 75984 5634 15434 796148 209472 37750 72
internal_value=0.000894775 -0.042795 0.00302637 0.0100676 0.012761 -0.00669632 0.0101531 -0.00389234 -0.0226905 0.00130659 -0.0673906 -0.0346735 0.0342709 0.151468
internal_weight=9202.43 428.095 8774.34 5088.91 4799.96 3685.43 4586.79 3462.56 750.157 2712.41 324.523 288.949 103.572 17.0847
internal_count=11598631 1201506 10397125 8325305 7071736 2071820 5582659 2033157 81618 1951539 796948 1253569 404558 37822
is_linear=0
shrinkage=0.1


Tree=283
num_leaves=15
num_cat=0
split_feature=5 5 3 3 0 1 3 4 0 0 0 3 3 0
split_gain=174.415 27.9472 2.33419 1.13639 0.24354 0.00279228 0.000330278 0.000274113 0.000194685 0.000156113 0.000199383 6.00482e-05 5.45523e-05 2.51186e-06
threshold=3.0012133121490483 3.00477147102356 91.937500000000014 91.562500000000014 0.075000001117587103 4.5000000000000009 99.062500000000014 6.3878748416900644 0.17500000447034839 0.27500000596046453 0.22500000149011615 42.187500000000007 2.5625000000000004 0.17500000447034839
decision_type=2 2 2 2 2 2 2 2 2 2 2 2 2 2
left_child=5 2 3 13 -5 12 7 -4 -7 10 -10 -11 -1 -2
right_child=1 -3 6 4 -6 8 -8 -9 9 11 -12 -13 -14 -15
leaf_value=-0.080001154916275949 -0.08003194197125868 -0.080015303437925414 -0.081503305723702513 0.12017214305536675 0.080699229035387371 -0.080006874491854549 -0.080189840891913458 -0.088153364460004283 -0.08035128370340755 -0.080020358536107811 -0.081838182826110328 -0.080367221013277368 -0.085958630080773271 -0.080987222256878821
leaf_weight=0.015666146858193453 0.40871017654717334 12.152371169340652 0.13915189384533633 1.5849519888870407 113.08392091662972 216.89177401795391 0.64522644014141406 0.11177114823658485 2.5143315020577601 9.9475145675278345 1.4062050700686088 10.016621650453997 0.81452263248684176 0.02951305266469717
leaf_count=1024 15040 607486 331 25 572220 9179928 2969 30 20307 604214 53758 541070 227 2
internal_value=-0.0300366 0.0642644 0.079379 0.0806306 0.0812448 -0.0800567 -0.081387 -0.0844655 -0.0800367 -0.0803077 -0.0808846 -0.0801944 -0.0858462 -0.0800963
internal_weight=369.762 128.156 116.003 115.107 114.669 241.607 0.896149 0.250923 240.776 23.8847 3.92054 19.9641 0.830189 0.438223
internal_count=11598631 1198103 590617 587287 572245 10400528 3330 361 10399277 1219349 74065 1145284 1251 15042
is_linear=0
shrinkage=0.1


Tree=284
num_leaves=15
num_cat=0
split_feature=2 2 5 5 0 4 3 0 1 2 3 5 3 1
split_gain=83.0676 168.017 29.1412 19.5549 12.4939 0.0217099 0.00960483 0.00331309 0.0032757 0.000268066 0.00100774 0.000224626 0.00103976 7.01849e-05
threshold=2.4528195858001713 2.3278195858001713 2.0556275844573979 2.0587884187698369 0.075000001117587103 9.9144968986511248 65.562500000000014 0.12500000372529033 4.5000000000000009 2.0778195858001713 66.062500000000014 0.87155479192733776 65.562500000000014 6.5000000000000009
decision_type=2 2 2 2 2 2 2 2 2 2 2 2 2 2
left_child=1 8 5 4 -4 6 -3 -5 -1 13 -11 12 -2 -10
right_child=11 2 3 7 -6 -7 -8 -9 9 10 -12 -13 -14 -15
leaf_value=-0.08647176675190392 -0.080003405259329474 -0.080595559035338715 0.21362910180909456 -0.080138864438931534 0.082554628974932362 -0.11169172785510169 -0.086630465682745295 -0.086966506949283109 -0.08105893408010173 -0.082163204166313453 -0.080005501833012777 -0.080052068903570042 -0.089600929481542899 -0.080022271601048259
leaf_weight=0.80765313729261734 0.60449816049184235 6.6962386421364464 7.5965788379980941 6.3147258931430761 170.27996520686429 0.26963814673945385 4.3507069837942254 0.80084156277735008 0.65730251897002645 2.866974940619456 8.8344881377599886 126.26370539387615 0.13879744204132294 101.75588240699381
leaf_count=1141 26672 103156 1014 102193 528946 44 435 432 28658 122302 593169 4310474 105 5779890
internal_value=-0.0119087 0.0159034 0.0721203 0.0816497 0.0881524 -0.0836566 -0.0829723 -0.0809073 -0.0801256 -0.0800807 -0.0805342 -0.0800623 -0.0817956 -0.0800289
internal_weight=438.238 311.231 196.309 184.992 177.877 11.3166 11.0469 7.11557 114.922 114.115 11.7015 127.007 0.743296 102.413
internal_count=11598631 7261380 736220 632585 529960 103635 103591 102625 6525160 6524019 715471 4337251 26777 5808548
is_linear=0
shrinkage=0.1


Tree=285
num_leaves=15
num_cat=0
split_feature=2 0 1 4 1 1 0 0 5 4 0 2 1 4
split_gain=147.463 39.543 2.17599 1.02492 0.86456 0.00243857 0.000620343 0.000150249 0.000395565 0.00101215 5.88158e-05 5.27628e-05 2.87888e-06 1.17422e-06
threshold=-1.0000000180025095e-35 0.17500000447034839 12.500000000000002 -0.51500990986824025 19.500000000000004 4.5000000000000009 0.12500000372529033 0.17500000447034839 1.8093436360359194 -0.50134083628654469 0.12500000372529033 2.2028195858001713 3.5000000000000004 4.9252834320068368
decision_type=2 2 2 2 2 2 2 2 2 2 2 2 2 2
left_child=1 2 10 4 -4 12 -5 13 9 -9 -1 -10 -2 -7
right_child=5 -3 3 6 -6 7 -8 8 11 -11 -12 -13 -14 -15
leaf_value=-0.080002263895616516 -0.085742874703346988 0.080009385710698114 0.0052272688409572832 -0.080220215538588033 0.0138406231587425 -0.08000359741855724 -0.085168009539125192 -0.083322025398171295 -0.08076505352730734 -0.080138158814587523 -0.081136581671318111 -0.080005266987826604 -0.085257117494050447 -0.08002502643522405
leaf_weight=2.3122769553956455 0.62526526584491549 81.484911884894245 565.07023848994868 0.96701221205876098 146.80983000993729 158.78567611494219 0.34338297322392464 1.4245659220732703 0.97352462919661675 3.3381661150724566 0.56974756717681874 14.947361771586655 0.15158590794362681 30.479150339231637
leaf_count=73081 25 565456 302198 586 59504 8896161 6 332 176 66947 33 1158955 224 474947
internal_value=-0.00565568 0.0140018 0.00649052 0.00684094 0.00700359 -0.0800557 -0.0815168 -0.080035 -0.0802909 -0.0810905 -0.0802265 -0.0800517 -0.0856481 -0.080007
internal_weight=1008.28 797.557 716.072 713.19 711.88 210.725 1.3104 209.948 20.6836 4.76273 2.88202 15.9209 0.776851 189.265
internal_count=11598631 1000864 435408 362294 361702 10597767 592 10597518 1226410 67279 73114 1159131 249 9371108
is_linear=0
shrinkage=0.1


Tree=286
num_leaves=15
num_cat=0
split_feature=2 5 5 5 3 2 5 5 5 3 3 5 3 4
split_gain=86.0193 75.1087 76.8866 228.179 143.298 143.359 96.8656 73.3924 50.6105 29.4882 24.7786 14.4541 9.30402 8.13287
threshold=2.3278195858001713 3.0405635833740239 2.0347924232482915 2.0587884187698369 73.312500000000014 2.6250000000000004 2.4021030664443974 2.0556275844573979 0.85689011216163646 88.812500000000014 87.062500000000014 3.3085975646972661 65.562500000000014 0.7972216308116914
decision_type=2 2 2 2 2 2 2 2 2 2 2 2 2 2
left_child=-1 2 4 7 8 -6 -5 -4 -2 10 12 -12 -3 -11
right_child=1 9 3 6 5 -7 -8 -9 -10 13 11 -13 -14 -15
leaf_value=-0.074675778638485332 0.15184803573244099 -0.027544809972771523 0.0061113324313190739 0.027205146292275079 -0.019398273149922304 0.12879789945129036 -0.0041417538583252865 -0.11943678431774914 -0.010668603643583865 0.2081203653216005 0.11466182570263128 -0.088273849713882357 0.1083207461578138 0.086780815753819962
leaf_weight=144.14612712108647 20.025842720187086 6.7267327368244905 59.751114011943628 1229.4145946330718 93.433487857741056 216.59551578153321 4974.4073385198008 210.93953103144349 444.32214336371823 5.7806916064855605 4.0925494728144285 24.645779899130503 20.103587519446592 124.30554212167044
leaf_count=6525160 8644 31401 55815 229779 92479 38965 1639756 1344812 1352902 976 287 64325 3649 209681
internal_value=0.00183571 0.00331917 0.00171061 -0.00185113 0.0314901 0.084136 0.00207028 -0.0917238 -0.00365978 0.0661251 0.00514733 -0.0593743 0.0742574 0.0921728
internal_weight=7578.69 7434.54 7248.89 6474.51 774.377 310.029 6203.82 270.691 464.348 185.655 55.5686 28.7383 26.8303 130.086
internal_count=11598631 5073471 4763152 3270162 1492990 131444 1869535 1400627 1361546 310319 99662 64612 35050 210657
is_linear=0
shrinkage=0.1


Tree=287
num_leaves=15
num_cat=0
split_feature=0 1 3 3 5 5 2 5 4 3 3 2 1 1
split_gain=72.5094 79.3809 67.4511 52.0353 181.581 85.4816 46.6125 24.408 17.7737 22.6085 13.6047 10.2103 8.17702 7.80152
threshold=0.17500000447034839 13.500000000000002 135.31250000000003 78.437500000000014 1.9846659898757937 2.4146019220352177 2.8750000000000004 2.7235324382781987 -0.51500990986824025 110.18750000000001 65.562500000000014 2.4528195858001713 4.5000000000000009 12.500000000000002
decision_type=2 2 2 2 2 2 2 2 2 2 2 2 2 2
left_child=1 13 3 5 -5 -3 7 -4 12 10 -10 -12 -2 -1
right_child=8 2 6 4 -6 -7 -8 -9 9 -11 11 -13 -14 -15
leaf_value=0.077805253536984934 0.1040121763800745 0.0064110235797636894 0.029390889742357096 -0.093172153870197408 0.00098865427078677478 0.057993681511444739 -0.084210546900911024 -0.048667831774292319 0.080795826625868178 -0.35225059141212478 -0.068768670102814233 0.066975523515728025 -0.072835724629103663 0.039293304182917516
leaf_weight=127.64961444345499 2.6546451449248698 1770.0900482793159 85.546369677263556 212.13015073593306 5926.535172777586 392.50508188011008 153.3655633919393 75.333737898094114 17.785361550693779 1.7649001380777907 20.057689010609469 7.6562315126211606 173.06710836687853 89.46664068798782
leaf_count=1033883 1021 4596713 3466 70169 1581460 1817636 153137 15961 68297 20 128625 61456 1532477 534310
internal_value=0.000795658 0.00221744 0.000712498 0.00243404 -0.0022652 0.0157731 -0.0447645 -0.0071609 -0.055522 -0.00108464 0.012537 -0.0312681 -0.0701641 0.0619357
internal_weight=9055.61 8832.62 8615.51 8301.26 6138.67 2162.6 314.246 160.88 222.986 47.2642 45.4993 27.7139 175.722 217.116
internal_count=11598631 9806735 8238542 8065978 1651629 6414349 172564 19427 1791896 258398 258378 190081 1533498 1568193
is_linear=0
shrinkage=0.1


Tree=288
num_leaves=15
num_cat=0
split_feature=5 5 3 3 0 1 3 4 0 0 1 3 3 0
split_gain=151.834 24.4605 2.2778 1.00495 0.156254 0.00258848 0.000317178 0.000261435 0.000195283 0.000144684 0.000380226 4.42705e-05 2.78624e-05 1.91068e-06
threshold=3.0012133121490483 3.00477147102356 91.937500000000014 91.562500000000014 0.075000001117587103 4.5000000000000009 99.062500000000014 6.3878748416900644 0.17500000447034839 0.37500000000000006 13.500000000000002 2.5625000000000004 44.562500000000007 0.17500000447034839
decision_type=2 2 2 2 2 2 2 2 2 2 2 2 2 2
left_child=5 2 3 13 -5 11 7 -4 -7 10 -10 -1 -11 -2
right_child=1 -3 6 4 -6 8 -8 -9 9 12 -12 -13 -14 -15
leaf_value=-0.080001014185283104 -0.080028672158336839 -0.080013575823056668 -0.081500151222561906 0.11346297582229714 0.08061649739003085 -0.080006329032744364 -0.08018852831520952 -0.088047170635702027 -0.081674855193470286 -0.080017005363110044 -0.08020254031288708 -0.085801445079343591 -0.080340313318970985 -0.08090092859396146
leaf_weight=0.013379505085139409 0.36129123888349468 10.704395304353396 0.13691049411136091 1.4702213897835452 97.072861334774643 198.00574056152703 0.63032158180612896 0.10999352582439315 2.5281554732964668 8.7972750911003441 5.7284767260498484 0.79518579443538329 3.8242805223153473 0.026988972909748554
leaf_count=1024 15040 607486 331 25 572220 9179928 2969 30 51358 600774 298512 227 268705 2
internal_value=-0.0319637 0.0636442 0.0790514 0.0804739 0.0811066 -0.0800579 -0.0813786 -0.0844168 -0.080037 -0.0803279 -0.0806534 -0.0857055 -0.080115 -0.0800893
internal_weight=330.205 110.513 99.8086 98.9314 98.5431 219.692 0.877226 0.246904 218.884 20.8782 8.25663 0.808565 12.6216 0.38828
internal_count=11598631 1198103 590617 587287 572245 10400528 3330 361 10399277 1219349 349870 1251 869479 15042
is_linear=0
shrinkage=0.1


Tree=289
num_leaves=15
num_cat=0
split_feature=2 2 5 5 0 4 3 1 0 2 3 5 3 1
split_gain=75.0018 150.99 26.4655 17.6345 8.51214 0.0163014 0.00714233 0.00303189 0.00243635 0.000224531 0.00078752 0.000206904 0.000908941 6.87133e-05
threshold=2.4528195858001713 2.3278195858001713 2.0556275844573979 2.0587884187698369 0.075000001117587103 9.9144968986511248 65.562500000000014 4.5000000000000009 0.12500000372529033 2.0778195858001713 66.062500000000014 0.87155479192733776 65.562500000000014 6.5000000000000009
decision_type=2 2 2 2 2 2 2 2 2 2 2 2 2 2
left_child=1 7 5 4 -4 6 -3 -1 -5 13 -11 12 -2 -9
right_child=11 2 3 8 -6 -7 -8 9 -10 10 -12 -13 -14 -15
leaf_value=-0.086309037061618535 -0.080003178465198208 -0.080614428317082001 0.18853757977937566 -0.080128142557864573 0.082334425483797408 -0.10831758556010343 -0.086045658178442785 -0.081108002668415446 -0.086261718086346723 -0.082010786288901211 -0.080005162046029421 -0.080048306214021703 -0.089204059699785843 -0.08002170014366683
leaf_weight=0.78669996096050354 0.55286135848919471 6.1369364561151052 7.9374150876537888 5.7393049936927119 153.36126797250472 0.25580913679732553 3.999068395822178 0.58597946073496032 0.72997689829571744 2.6374446061431609 7.5971009270558625 114.91909064103234 0.13324544501847413 92.469885273489126
leaf_count=1141 26672 103156 1014 102193 528946 44 435 28658 432 122302 593169 4310474 105 5779890
internal_value=-0.0122167 0.0155717 0.0714753 0.0810677 0.0875606 -0.0833865 -0.0827573 -0.0801245 -0.0808202 -0.0800774 -0.080522 -0.0800586 -0.08179 -0.0800285
internal_weight=397.842 282.237 178.16 167.768 161.299 10.3918 10.136 104.077 6.46928 103.29 10.2345 115.605 0.686107 93.0559
internal_count=11598631 7261380 736220 632585 529960 103635 103591 6525160 102625 6524019 715471 4337251 26777 5808548
is_linear=0
shrinkage=0.1


Tree=290
num_leaves=15
num_cat=0
split_feature=2 0 1 4 1 1 0 0 5 4 2 0 1 4
split_gain=132.612 34.3752 1.85819 0.938442 0.712511 0.00158179 0.000478276 0.000156727 0.000392444 0.000930016 4.87146e-05 3.66457e-05 1.86436e-06 9.33213e-07
threshold=-1.0000000180025095e-35 0.17500000447034839 12.500000000000002 -0.51500990986824025 19.500000000000004 4.5000000000000009 0.12500000372529033 0.17500000447034839 1.8093436360359194 -0.50134083628654469 2.2028195858001713 0.12500000372529033 3.5000000000000004 4.9252834320068368
decision_type=2 2 2 2 2 2 2 2 2 2 2 2 2 2
left_child=1 2 11 4 -4 12 -5 13 9 -9 -10 -1 -2 -7
right_child=5 -3 3 6 -6 7 -8 8 10 -11 -12 -13 -14 -15
leaf_value=-0.080001932340833248 -0.084944798059555487 0.080008045974046205 0.005348301860326591 -0.080201991107840126 0.01314559518360117 -0.08000333133558829 -0.084729016656567693 -0.083270214797871278 -0.080751749964398684 -0.080120041843255163 -0.080005625371448341 -0.080969619772368828 -0.084527043834519477 -0.080023381529315735
leaf_weight=1.974753872769724 0.54853663424159904 69.860167146136519 564.45094385067932 0.8873599920188997 147.90156700834632 143.65979119293638 0.31665319204330444 1.3974408969343128 0.93954750716511526 2.8454360094729081 12.748654930041083 0.48805682733654965 0.13266599065354967 27.687637140739753
leaf_count=73081 25 565456 302198 586 59504 8896161 6 332 176 66947 1158955 33 224 474947
internal_value=-0.00507248 0.0130516 0.00651883 0.00681811 0.00696721 -0.0800533 -0.0813926 -0.080036 -0.0803173 -0.0811576 -0.0800568 -0.0801937 -0.0848634 -0.0800066
internal_weight=975.839 785.88 716.019 713.557 712.353 189.96 1.20401 189.279 17.9311 4.24288 13.6882 2.46281 0.681203 171.347
internal_count=11598631 1000864 435408 362294 361702 10597767 592 10597518 1226410 67279 1159131 73114 249 9371108
is_linear=0
shrinkage=0.1


Tree=291
num_leaves=15
num_cat=0
split_feature=2 5 5 5 3 2 3 5 5 3 3 5 3 4
split_gain=76.8499 68.3888 60.8959 201.903 123.448 95.5934 92.5148 68.5722 65.3529 26.8642 22.9281 13.6645 8.23765 8.05838
threshold=2.3278195858001713 3.0405635833740239 2.0347924232482915 2.0587884187698369 59.437500000000007 2.6250000000000004 95.562500000000014 2.0556275844573979 1.69369512796402 88.812500000000014 87.062500000000014 3.5934629440307622 65.562500000000014 0.7972216308116914
decision_type=2 2 2 2 2 2 2 2 2 2 2 2 2 2
left_child=-1 2 4 7 8 -6 -5 -4 -2 10 12 -12 -3 -11
right_child=1 9 3 6 5 -7 -8 -9 -10 13 11 -13 -14 -15
leaf_value=-0.073927626982429689 -0.033336131879061939 -0.021080126140602191 0.0058772815035003359 0.03227020294683336 -0.015379290758988624 0.089924774522596493 -0.0028844877825245172 -0.11634616804260001 0.14693321710139504 0.21433613593593184 -0.082316569395159245 0.13091367705811391 0.10853348083413511 0.086760427307284088
leaf_weight=131.93106332406387 282.46731557842372 6.6079588316985705 59.680030197091583 871.48172281090137 117.03214606223617 327.28362818105632 5308.6545752334578 198.84039788399241 21.651939204313749 5.1799299917841486 24.379850092711425 3.4279182241298249 19.009531909763609 112.13405083683028
leaf_count=6525160 1208499 31401 55815 1491122 119685 122768 378413 1344812 42038 976 64338 274 3649 209681
internal_value=0.00171889 0.00307529 0.00158933 -0.00154899 0.0285877 0.0621878 0.00207279 -0.0881306 -0.0205018 0.0656253 0.00684638 -0.0560313 0.0751 0.0923935
internal_weight=7489.76 7357.83 7187.09 6438.66 748.435 444.316 6180.14 258.52 304.119 170.739 53.4253 27.8078 25.6175 117.314
internal_count=11598631 5073471 4763152 3270162 1492990 242453 1869535 1400627 1250537 310319 99662 64612 35050 210657
is_linear=0
shrinkage=0.1


Tree=292
num_leaves=15
num_cat=0
split_feature=5 3 2 3 3 5 3 4 4 3 3 4 5 5
split_gain=63.7895 225.107 369.017 165.795 162.45 161.154 125.227 102.577 88.7699 78.1145 61.2283 75.8872 55.7577 94.2104
threshold=2.7235324382781987 126.43750000000001 2.8750000000000004 135.31250000000003 107.93750000000001 2.6430133581161503 126.43750000000001 6.5929112434387216 4.6655707359313974 88.812500000000014 124.68750000000001 3.5173683166503911 2.7186124324798588 2.6706019639968877
decision_type=2 2 2 2 2 2 2 2 2 2 2 2 2 2
left_child=5 2 4 7 9 6 -1 8 -3 -2 11 -4 13 -7
right_child=1 3 10 -5 -6 12 -8 -9 -10 -11 -12 -13 -14 -15
leaf_value=0.0012117188517662598 0.063371325510570106 0.028137561764071173 -0.23749509130842636 -0.063886988861182908 -0.12174775978264446 0.060453987055350905 -0.060871051798537468 -0.061267547333347307 0.11539331474517872 -0.010500636418404204 -0.017682013003328455 -0.1091152998355244 0.086682929641035467 0.0045304431423415364
leaf_weight=5308.4970095474209 266.55647030013233 232.25684470142005 53.011582099692987 149.06800382268557 88.606848908122629 510.49740683193886 346.08798410788677 65.987302404537331 234.12835526821436 309.17343058844926 59.955720560392365 350.32963935044245 182.19561524780511 734.88134559525679
leaf_count=8624953 1087265 4410 889 143378 6288 72803 39973 32944 6730 627275 7282 84673 651249 208519
internal_value=0.000710457 -0.0160485 -0.0434703 0.0293285 0.00430178 0.0049914 -0.00258805 0.0554294 0.0719405 0.0237013 -0.111972 -0.125988 0.0350134 0.0274543
internal_weight=8891.23 1809.07 1127.63 681.441 664.337 7082.16 5654.58 532.373 466.385 575.73 463.297 403.341 1427.57 1245.38
internal_count=11598631 2001134 1813672 187462 1720828 9597497 8664926 44084 11140 1714540 92844 85562 932571 281322
is_linear=0
shrinkage=0.1


Tree=293
num_leaves=15
num_cat=0
split_feature=5 5 3 3 0 1 3 0 4 0 1 3 3 0
split_gain=133.392 21.3978 2.08838 0.891109 0.127321 0.00167827 0.000249589 0.000205376 0.000202611 0.000142244 0.000366309 3.16406e-05 2.79656e-05 1.18517e-06
threshold=3.0012133121490483 3.00477147102356 91.937500000000014 91.562500000000014 0.075000001117587103 4.5000000000000009 99.062500000000014 0.17500000447034839 6.3878748416900644 0.37500000000000006 13.500000000000002 44.562500000000007 2.5625000000000004 0.17500000447034839
decision_type=2 2 2 2 2 2 2 2 2 2 2 2 2 2
left_child=5 2 3 13 -5 12 8 -7 -4 10 -9 -11 -1 -2
right_child=1 -3 6 4 -6 7 -8 9 -10 11 -12 -13 -14 -15
leaf_value=-0.080000866174565491 -0.080024935739958281 -0.08001329489730169 -0.081390397916216287 0.11092946720911075 0.080624823752443786 -0.08000588073471844 -0.080167848918975326 -0.081729501334585133 -0.087377950087006898 -0.080014743131847851 -0.080214042786537113 -0.08038694322327028 -0.084993395982742692 -0.080767180644211289
leaf_weight=0.011403200783148715 0.32125598791571874 9.3803596408962431 0.1261676628191698 1.4095882710535068 84.199141285011137 179.59889233808639 0.5771251245350868 2.3458854546070169 0.10237019666965352 7.496677058592466 4.9829839942622129 3.2847173718628255 0.69735308502322368 0.023056253790855408
leaf_count=1024 15040 607486 331 25 572220 9179928 2969 51358 30 600774 298512 268705 227 2
internal_value=-0.0332132 0.0634633 0.078976 0.0804781 0.0811238 -0.0800557 -0.0812754 -0.0800382 -0.0840724 -0.0803592 -0.0806991 -0.0801281 -0.0849131 -0.0800746
internal_weight=294.557 96.1391 86.7587 85.953 85.6087 198.418 0.805663 197.709 0.228538 18.1103 7.32887 10.7814 0.708756 0.344312
internal_count=11598631 1198103 590617 587287 572245 10400528 3330 10399277 361 1219349 349870 869479 1251 15042
is_linear=0
shrinkage=0.1


Tree=294
num_leaves=15
num_cat=0
split_feature=2 2 5 5 0 4 3 0 1 2 3 5 3 1
split_gain=67.7112 134.899 23.7532 15.6843 5.89499 0.0121472 0.00522483 0.00207283 0.00196164 0.000184391 0.000612156 0.00017142 0.000731929 6.95865e-05
threshold=2.4528195858001713 2.3278195858001713 2.0556275844573979 2.0587884187698369 0.075000001117587103 9.9144968986511248 65.562500000000014 0.12500000372529033 4.5000000000000009 2.0778195858001713 66.062500000000014 0.87155479192733776 65.562500000000014 6.5000000000000009
decision_type=2 2 2 2 2 2 2 2 2 2 2 2 2 2
left_child=1 8 5 4 -4 6 -3 -5 -1 13 -11 12 -2 -10
right_child=11 2 3 7 -6 -7 -8 -9 9 10 -12 -13 -14 -15
leaf_value=-0.085426675714180667 -0.080002775325311304 -0.080633924516346267 0.16958350063363839 -0.080117467915259033 0.082118709785951122 -0.10529859138789488 -0.08550837622753478 -0.085988103649898645 -0.081178035394185305 -0.081869947728505046 -0.080005517047929145 -0.080045206141648617 -0.088589448787895417 -0.080022124885736928
leaf_weight=0.69014875451512026 0.49990339932490613 5.5030731036699727 8.1638112812943273 5.107848273189119 137.34417816276982 0.24158938001346619 3.662464241599082 0.68171200184588077 0.52408697871032828 2.4083957123475539 6.5517145447377061 104.17553714221783 0.12386772479430874 83.202734688319651
leaf_count=1141 26672 103156 1014 102193 528946 44 435 432 28658 122302 593169 4310474 105 5779890
internal_value=-0.0124215 0.0154748 0.0710171 0.0806036 0.087026 -0.0831651 -0.0825817 -0.0808087 -0.0801151 -0.0800755 -0.0805067 -0.0800551 -0.0817079 -0.0800294
internal_weight=358.881 254.082 160.705 151.298 145.508 9.40713 9.16554 5.78956 93.3771 92.6869 8.96011 104.799 0.623771 83.7268
internal_count=11598631 7261380 736220 632585 529960 103635 103591 102625 6525160 6524019 715471 4337251 26777 5808548
is_linear=0
shrinkage=0.1


Tree=295
num_leaves=15
num_cat=0
split_feature=2 0 1 4 1 1 0 0 5 4 2 0 1 4
split_gain=119.773 31.8331 1.69455 0.854822 0.586698 0.0012908 0.000374319 0.000134122 0.00031123 0.000750609 3.88567e-05 2.86888e-05 1.48681e-06 7.41652e-07
threshold=1.0000000180025095e-35 0.17500000447034839 12.500000000000002 -0.51500990986824025 19.500000000000004 4.5000000000000009 0.12500000372529033 0.17500000447034839 1.8093436360359194 -0.51500990986824025 2.2028195858001713 0.12500000372529033 3.5000000000000004 4.9252834320068368
decision_type=2 2 2 2 2 2 2 2 2 2 2 2 2 2
left_child=1 2 11 4 -4 12 -5 13 9 -9 -10 -1 -2 -7
right_child=5 -3 3 6 -6 7 -8 8 10 -11 -12 -13 -14 -15
leaf_value=-0.080001788424506309 -0.084609020328733062 0.080007308102672689 0.0050004926618394006 -0.08018624048062277 0.01204051708377446 -0.080003081154722613 -0.084350178425560876 -0.083135675347310256 -0.080704650882493456 -0.080151462925413738 -0.080005233121344166 -0.080893141345974764 -0.084223933857310598 -0.080021817913758175
leaf_weight=1.8207317696034118 0.51535115143496923 63.347837020301085 566.15854480070993 0.81845271692145505 149.67114216089249 130.73139192522967 0.29324106872081757 1.2260828352209503 0.85649077556445163 2.696628610548486 10.941771053237515 0.45041421335190523 0.1244802189839902 25.197552010702566
leaf_count=73081 25 565456 302198 586 59504 8896161 6 316 176 66963 1158955 33 224 474947
internal_value=-0.00456923 0.0120489 0.0060632 0.0063364 0.00647247 -0.0800509 -0.0812846 -0.0800342 -0.0803126 -0.0810842 -0.080056 -0.0801786 -0.0845341 -0.0800061
internal_weight=954.85 782.56 719.213 716.941 715.83 172.29 1.11169 171.65 15.721 3.92271 11.7983 2.27115 0.639831 155.929
internal_count=11598631 1000864 435408 362294 361702 10597767 592 10597518 1226410 67279 1159131 73114 249 9371108
is_linear=0
shrinkage=0.1


Tree=296
num_leaves=15
num_cat=0
split_feature=0 4 4 3 3 3 5 3 2 2 5 5 2 5
split_gain=71.6526 55.472 102.936 97.1995 94.8837 154.551 127.405 78.83 139.759 71.0937 74.3799 64.0003 40.1939 39.2579
threshold=0.075000001117587103 4.3785204887390146 5.8137736320495614 73.312500000000014 120.81250000000001 132.68750000000003 2.7235324382781987 104.18750000000001 2.8750000000000004 2.8750000000000004 2.543925523757935 2.7235324382781987 2.8750000000000004 2.0721787214279179
decision_type=2 2 2 2 2 2 2 2 2 2 2 2 2 2
left_child=1 3 4 12 6 -6 -3 8 -5 10 -4 -9 -1 -11
right_child=-2 2 9 7 5 -7 -8 11 -10 13 -12 -13 -14 -15
leaf_value=-0.069379345849728158 -0.034732435845959211 -0.012017869942325551 0.024455346157665123 -0.0017218401698437661 -0.054947492208930832 0.073099553111315649 0.063290814943324253 0.00090249880403264109 0.10191244009936673 -0.019250028987954981 -0.027331882316026186 0.049011213703805581 0.062477143979777931 0.04863940745106278
leaf_weight=165.73947791043929 506.13622080136065 1540.2772949888968 587.13653233440709 231.14880593094995 825.69272940407973 106.40848254747107 263.003963849922 1203.5463018657404 297.75356060800391 97.931822264275979 525.61910189301852 359.0111557932687 26.86575961898734 654.00040534387517
leaf_count=4339547 5500236 72191 17095 1067556 8607 13744 10231 25263 49493 38079 32849 10872 92838 320030
internal_value=0.00158179 0.00425169 -0.00207366 0.0169908 -0.0144245 -0.0403297 -0.00103429 0.023251 0.0566206 0.0160442 -6.76905e-06 0.0119559 -0.0509872 0.0397975
internal_weight=7390.27 6884.14 4600.07 2284.07 2735.38 932.101 1803.28 2091.46 528.902 1864.69 1112.76 1562.56 192.605 751.932
internal_count=11598631 6098395 512826 5585569 104773 22351 82422 1153184 1117049 408053 49944 36135 4432385 358109
is_linear=0
shrinkage=0.1


Tree=297
num_leaves=15
num_cat=0
split_feature=0 1 3 3 4 5 2 5 4 3 3 2 1 1
split_gain=55.0325 68.2589 52.5186 63.582 208.452 151.457 34.4396 30.4997 16.3608 15.3157 9.5167 9.12912 7.60841 5.87324
threshold=0.27500000596046453 13.500000000000002 130.31250000000003 122.68750000000001 4.3785204887390146 2.7235324382781987 2.8750000000000004 2.8287111520767216 -0.51500990986824025 160.68750000000003 65.562500000000014 2.6250000000000004 12.500000000000002 3.5000000000000004
decision_type=2 2 2 2 2 2 2 2 2 2 2 2 2 2
left_child=1 12 3 5 -5 -3 9 -8 13 -4 -10 -12 -1 -2
right_child=8 2 6 4 -6 -7 7 -9 10 -11 11 -13 -14 -15
leaf_value=0.076471382412641883 0.10324264203408451 0.0044326222412840064 0.0086333144268409996 -0.036933105708712048 0.049566214615212996 -0.039800002932045379 -0.078112602641798187 -0.014381568585503646 0.080474722986377811 -0.077130837331625623 -0.08000704050269801 0.080006841225727682 0.036661085356541022 -0.07778782166738521
leaf_weight=114.82641728512863 1.8191618638520584 5661.1394452615496 201.51872648859 404.76820068854067 893.78892898486811 896.73085472953971 180.95751666754938 128.35579136503657 11.211309361926398 23.221583997801645 13.200674238752983 4.8848080848692907 82.497653074045957 120.69552021673735
leaf_count=1040095 156 6993220 16483 9473 52486 1076323 43656 139474 64569 6293 120724 54706 539843 1441130
internal_value=0.00063679 0.00169184 0.000324635 0.00238737 0.0226038 -0.0016158 -0.0300201 -0.0516661 -0.0590464 -0.000228378 0.00808615 -0.036788 0.0598274 -0.0750998
internal_weight=8739.62 8587.81 8390.48 7856.43 1298.56 6557.87 534.054 309.313 151.811 224.74 29.2968 18.0855 197.324 122.515
internal_count=11598631 9917346 8337408 8131502 61959 8069543 205906 183130 1681285 22776 239999 175430 1579938 1441286
is_linear=0
shrinkage=0.1


Tree=298
num_leaves=15
num_cat=0
split_feature=5 5 3 3 0 1 3 0 4 0 1 3 3 1
split_gain=121.1 18.5912 1.93086 0.772518 0.0950653 0.00137084 0.000201798 0.000177272 0.000162918 0.000116809 0.000298319 2.75602e-05 2.0847e-05 9.1839e-07
threshold=3.0012133121490483 3.00477147102356 91.937500000000014 91.562500000000014 0.075000001117587103 4.5000000000000009 99.062500000000014 0.17500000447034839 6.3878748416900644 0.37500000000000006 13.500000000000002 44.562500000000007 2.5625000000000004 10.500000000000002
decision_type=2 2 2 2 2 2 2 2 2 2 2 2 2 2
left_child=5 2 3 -2 -5 12 8 -7 -4 10 -9 -11 -1 -8
right_child=1 -3 6 4 -6 7 13 9 -10 11 -12 -13 -14 -15
leaf_value=-0.080000769972415342 -0.080064837417590587 -0.080012823352857559 -0.081299710392604446 0.1075594765914117 0.080586700546432202 -0.08000544941452839 -0.08069762010021625 -0.081650493790822967 -0.086848630327715864 -0.080014522819844447 -0.080209698393719345 -0.080387428619461854 -0.084654178488141094 -0.080123130879887913
leaf_weight=0.0097708567228086407 0.29874985932200004 8.1281502819097806 0.11781798991432779 1.329592102440073 75.840741915344552 164.04933577607488 0.029456626158207655 2.132328658336518 0.096045296661031898 6.4880841523608961 4.4073710042275707 2.8536001325660436 0.65499928420513243 0.50292995064592105
leaf_count=1024 15042 607486 331 25 572220 9179928 107 51358 30 600774 298512 268705 227 2862
internal_value=-0.0334808 0.0639295 0.078888 0.0804301 0.0810514 -0.0800531 -0.0811972 -0.0800363 -0.0837917 -0.0803553 -0.0806795 -0.0801284 -0.0845858 -0.0801549
internal_weight=266.939 86.3435 78.2153 77.4691 77.1703 180.595 0.74625 179.931 0.213863 15.8814 6.5397 9.34168 0.66477 0.532387
internal_count=11598631 1198103 590617 587287 572245 10400528 3330 10399277 361 1219349 349870 869479 1251 2969
is_linear=0
shrinkage=0.1


Tree=299
num_leaves=15
num_cat=0
split_feature=2 2 5 5 3 4 3 1 0 2 3 5 3 1
split_gain=62.2464 121.809 21.7309 13.9708 4.76867 0.00923755 0.0040866 0.00159984 0.00143123 0.0001551 0.000478191 9.97994e-05 0.000456372 6.06587e-05
threshold=2.4528195858001713 2.3278195858001713 2.0556275844573979 2.0587884187698369 67.062500000000014 9.9144968986511248 65.562500000000014 4.5000000000000009 0.12500000372529033 2.0778195858001713 66.062500000000014 0.87155479192733776 65.562500000000014 6.5000000000000009
decision_type=2 2 2 2 2 2 2 2 2 2 2 2 2 2
left_child=1 7 5 4 -4 6 -3 -1 -5 13 -11 12 -2 -9
right_child=11 2 3 8 -6 -7 -8 9 -10 10 -12 -13 -14 -15
leaf_value=-0.085061436644304281 -0.080002577595933516 -0.080596614339539172 0.088300884538699664 -0.080109841048546127 -0.0801596947207565 -0.1027843474558114 -0.085078232355385169 -0.081166287920117111 -0.085258708314406143 -0.081737321916346181 -0.080005513767744285 -0.080041160613352105 -0.087238540755480723 -0.080020841190581823
leaf_weight=0.64754758734940665 0.46132125185935891 5.0809319401209869 132.76060808853799 4.5992089706887773 1.7018937031098165 0.22810067347018126 3.3936522199273895 0.46517403794632528 0.61166531300113991 2.221272370378073 5.6498371967103367 94.894503130877226 0.10746647006817511 75.36666928348086
leaf_count=1141 26672 103156 528215 102193 1745 44 435 28658 432 122302 593169 4310474 105 5779890
internal_value=-0.0120506 0.0158421 0.07039 0.0799427 0.0861687 -0.0829258 -0.0823913 -0.08011 -0.0807142 -0.0800717 -0.0804942 -0.0800491 -0.0813697 -0.0800279
internal_weight=328.19 232.727 148.376 139.673 134.463 8.70268 8.47458 84.3505 5.21087 83.703 7.87111 95.4633 0.568788 75.8318
internal_count=11598631 7261380 736220 632585 529960 103635 103591 6525160 102625 6524019 715471 4337251 26777 5808548
is_linear=0
shrinkage=0.1


Tree=300
num_leaves=15
num_cat=0
split_feature=2 0 1 4 0 1 0 0 5 4 2 0 4 5
split_gain=108.498 27.6803 1.44466 0.782023 0.494569 0.000825529 0.000290272 0.000125628 0.00029078 0.000678871 2.80221e-05 1.7945e-05 5.89617e-07 1.1503e-06
threshold=-1.0000000180025095e-35 0.17500000447034839 12.500000000000002 -0.51500990986824025 0.12500000372529033 4.5000000000000009 0.12500000372529033 0.17500000447034839 1.8093436360359194 -0.51500990986824025 2.2028195858001713 0.12500000372529033 4.9252834320068368 3.7715406417846684
decision_type=2 2 2 2 2 2 2 2 2 2 2 2 2 2
left_child=1 2 11 4 -4 -2 -5 12 9 -9 -10 -1 13 -7
right_child=5 -3 3 6 -6 7 -8 8 10 -11 -12 -13 -14 -15
leaf_value=-0.080001525752290803 -0.083888785965392412 0.080006282852169361 0.0055151949559909237 -0.080171172732087792 0.014953674878440208 -0.080002427855168964 -0.083989866457658824 -0.083119410097001939 -0.080636239451140512 -0.080136500880830644 -0.080004940023688464 -0.08076313044725375 -0.080020400485269053 -0.080214394128774638
leaf_weight=1.5570292246775341 0.55733113839082093 54.285228445471148 656.43091951366659 0.75231821602210291 60.645618431270123 119.68471871203748 0.27067327499389648 1.1355818931497199 0.76060741301625867 2.3252445042176069 9.3029907892737338 0.38608740456402291 22.874323839182125 0.25657023865529893
leaf_count=73081 249 565456 361331 586 371 8892508 6 316 176 66963 1158955 33 474947 3653
internal_value=-0.00421764 0.0111472 0.00595579 0.0061888 0.00631344 -0.080047 -0.0811816 -0.0800333 -0.0803246 -0.0811153 -0.0800527 -0.0801529 -0.0800057 -0.0800029
internal_weight=931.225 774.328 720.043 718.1 717.077 156.897 1.02299 156.34 13.5244 3.46083 10.0636 1.94312 142.816 119.941
internal_count=11598631 1000864 435408 362294 361702 10597767 592 10597518 1226410 67279 1159131 73114 9371108 8896161
is_linear=0
shrinkage=0.1


Tree=301
num_leaves=15
num_cat=0
split_feature=2 5 5 3 3 2 4 4 3 4 5 4 2 3
split_gain=66.366 89.8938 236.255 216.609 73.3054 312.185 159.642 60.5748 60.9 41.6867 50.2319 37.9398 34.729 24.8462
threshold=2.6250000000000004 2.0556275844573979 2.0587884187698369 72.812500000000014 95.937500000000014 2.8750000000000004 8.8756470680236834 7.1806812286376962 101.93750000000001 4.9252834320068368 1.3560934066772463 5.2396721839904794 2.8750000000000004 100.43750000000001
decision_type=2 2 2 2 2 2 2 2 2 2 2 2 2 2
left_child=11 3 7 9 5 -4 -6 -3 -9 12 -11 13 -2 -1
right_child=1 2 4 -5 6 -7 -8 8 -10 10 -12 -13 -14 -15
leaf_value=-0.073749274142134433 -0.06657552659076553 -0.071422774773062192 -0.0074528666477401877 0.12483821397730147 -0.005049393004908251 0.12440672421112298 0.069259157126394189 -0.24182173548039221 0.023783705967003774 0.087460946555295432 -0.0074610981348426173 -0.0071984090452717215 0.057762049097431357 0.010743929074447149
leaf_weight=214.72823884944137 121.33054050527426 113.20183445973998 620.15961525246621 204.22810840604518 4844.4638101393775 252.72020173754299 307.46281652864127 49.649928027531132 10.44949167082086 82.090560437259228 173.74587879449246 288.89247126935516 27.568159775654635 41.534934162431455
leaf_count=7485406 987732 761007 1402400 41559 351858 50604 177367 435 213 49514 21672 93258 160344 15262
internal_value=0.00152774 0.00421645 0.000614389 0.0408787 0.00392563 0.0307237 -0.000614719 -0.114501 -0.195641 -0.00148707 0.0229967 -0.0320447 -0.0435548 -0.0600547
internal_weight=7352.23 6807.07 6198.11 608.963 6024.81 872.88 5151.93 173.301 60.0994 404.735 255.836 545.156 148.899 256.263
internal_count=11598631 4004705 2743884 1260821 1982229 1453004 529225 761655 648 1219262 71186 7593926 1148076 7500668
is_linear=0
shrinkage=0.1


Tree=302
num_leaves=15
num_cat=0
split_feature=0 1 3 5 5 5 5 2 2 3 4 3 1 2
split_gain=46.3518 58.2166 43.6271 128.182 140.714 77.7292 77.5811 61.0618 29.1383 12.724 17.2443 9.45633 7.46855 6.46676
threshold=0.17500000447034839 13.500000000000002 78.437500000000014 1.9846659898757937 2.082067728042603 2.8991454839706425 2.9092143774032597 2.6250000000000004 2.8750000000000004 110.18750000000001 -0.51500990986824025 65.562500000000014 12.500000000000002 2.4528195858001713
decision_type=2 2 2 2 2 2 2 2 2 2 2 2 2 2
left_child=1 12 5 7 -5 8 -7 -4 -3 10 -2 -12 -1 -13
right_child=9 2 3 4 -6 6 -8 -9 -10 -11 11 13 -14 -15
leaf_value=0.076361358809232907 -0.068029388771441546 0.011191052812675595 0.0042384096348999584 0.050394197108368122 -0.0057470352555450349 0.16081561614536624 0.0042027606827148992 -0.12176990580756392 -0.040285708019866265 -0.32344199246617245 0.080587428701044947 -0.066656528495261033 0.034865088999544228 0.061800973744909338
leaf_weight=99.975833183096256 120.5870664803806 1784.3786695145427 54.107719024410756 485.03878425164385 5611.6126060360666 68.715645331463747 58.607441122863747 132.949299401014 117.18308024758517 1.7296141296974372 12.913912414707736 13.750473929336296 76.607920673068293 5.4810479738553104
leaf_count=1033883 1533497 5536156 40435 576738 1176389 429148 278137 30631 170908 21 68297 128625 534310 61456
internal_value=0.000553408 0.0015412 0.000334221 -0.0037823 -0.00128054 0.0130836 0.088726 -0.085321 0.00801882 -0.053735 -0.0506807 0.0143994 0.0583589 -0.0300457
internal_weight=8643.64 8489.18 8312.59 6283.71 6096.65 2028.88 127.323 187.057 1901.56 154.462 152.733 32.1454 176.584 19.2315
internal_count=11598631 9806735 8238542 1824193 1753127 6414349 707285 71066 5707064 1791896 1791875 258378 1568193 190081
is_linear=0
shrinkage=0.1


Tree=303
num_leaves=15
num_cat=0
split_feature=5 5 3 3 0 1 3 0 4 0 1 3 3 4
split_gain=105.617 17.0658 1.80731 0.729294 0.0743847 0.000877812 0.000177072 0.000166849 0.000142064 9.62354e-05 0.000263159 3.19501e-05 1.30864e-05 6.56704e-07
threshold=3.0012133121490483 3.00477147102356 91.937500000000014 91.562500000000014 0.075000001117587103 4.5000000000000009 99.062500000000014 0.17500000447034839 6.3878748416900644 0.37500000000000006 13.500000000000002 44.562500000000007 2.5625000000000004 5.0209670066833505
decision_type=2 2 2 2 2 2 2 2 2 2 2 2 2 2
left_child=5 2 3 -2 -5 12 8 13 -4 10 -9 -11 -1 -7
right_child=1 -3 6 4 -6 7 -8 9 -10 11 -12 -13 -14 -15
leaf_value=-0.080000657898443434 -0.080059930460280357 -0.080012175082334006 -0.081254504557785684 0.10515387884044257 0.080561215653010471 -0.080002495488740166 -0.080140402539285324 -0.081654833386579251 -0.086549608936323907 -0.080012575155754675 -0.080208288541113129 -0.080446971699601702 -0.083993395547528382 -0.080022199965907204
leaf_weight=0.0083285525829513984 0.28225268844880602 7.5272305554572077 0.11262609506775234 1.2533660773187865 65.71384741289512 130.62312799503152 0.49534006444991974 1.873372363807446 0.092103356335428543 5.5291793658457209 3.8263273426910018 2.4405048383546273 0.57070740594417657 19.42958034733465
leaf_count=1024 15042 607486 331 25 572220 8926334 2969 51358 30 600774 298512 268705 227 253594
internal_value=-0.0350661 0.0628551 0.0786814 0.0803454 0.0810215 -0.0800493 -0.0811629 -0.0800355 -0.0836367 -0.08037 -0.0806837 -0.0801456 -0.083936 -0.080005
internal_weight=239.778 75.4768 67.9495 67.2495 66.9672 164.301 0.70007 163.722 0.204729 13.6694 5.6997 7.96968 0.579036 150.053
internal_count=11598631 1198103 590617 587287 572245 10400528 3330 10399277 361 1219349 349870 869479 1251 9179928
is_linear=0
shrinkage=0.1


Tree=304
num_leaves=15
num_cat=0
split_feature=2 2 5 5 3 4 3 0 1 2 3 5 3 1
split_gain=56.6936 110.196 19.6539 12.8633 4.35261 0.0069612 0.00300473 0.00102578 0.00102122 0.000129607 0.000371222 8.90058e-05 0.000388817 4.27359e-05
threshold=2.4528195858001713 2.3278195858001713 2.0556275844573979 2.0587884187698369 67.062500000000014 9.9144968986511248 65.562500000000014 0.12500000372529033 4.5000000000000009 2.0778195858001713 66.062500000000014 0.87155479192733776 65.562500000000014 6.5000000000000009
decision_type=2 2 2 2 2 2 2 2 2 2 2 2 2 2
left_child=1 8 5 4 -4 6 -3 -5 -1 13 -11 12 -2 -10
right_child=11 2 3 7 -6 -7 -8 -9 9 10 -12 -13 -14 -15
leaf_value=-0.08433631149549381 -0.080002372004389477 -0.080613073863058521 0.088399721605375473 -0.080100315372112249 -0.08014640414927221 -0.10051351814401693 -0.084642525117694531 -0.084693462063339858 -0.081054961120914426 -0.081613287430882295 -0.080005417138004353 -0.080038508325277868 -0.086871396190007569 -0.08001894002747019
leaf_weight=0.56426668195677976 0.42124556251476875 4.5694618113129755 119.95158399265347 4.2529782127971876 1.5520122460729897 0.21440514091955254 3.1102226781795252 0.54898488946309942 0.40048467230417273 2.0359512526936205 4.872258987257851 86.894503818284562 0.10244618252227156 68.552850405973004
leaf_count=1141 26672 103156 528215 102193 1745 44 435 432 28658 122302 593169 4310474 105 5779890
internal_value=-0.0123474 0.0157504 0.0703353 0.0799026 0.0862468 -0.0827412 -0.082245 -0.0806254 -0.0800979 -0.0800663 -0.0804793 -0.0800463 -0.0813461 -0.080025
internal_weight=298.044 210.625 134.2 126.306 121.504 7.89409 7.67968 4.80196 76.4258 75.8615 6.90821 87.4182 0.523692 68.9533
internal_count=11598631 7261380 736220 632585 529960 103635 103591 102625 6525160 6524019 715471 4337251 26777 5808548
is_linear=0
shrinkage=0.1


Tree=305
num_leaves=15
num_cat=0
split_feature=2 0 1 4 1 1 0 0 5 4 2 0 1 4
split_gain=98.7545 23.736 1.24861 0.720382 0.496702 0.000792404 0.000220769 0.000133167 0.000292627 0.000630083 2.59694e-05 1.1228e-05 4.74569e-07 4.63978e-07
threshold=1.0000000180025095e-35 0.17500000447034839 12.500000000000002 -0.51500990986824025 19.500000000000004 4.5000000000000009 0.12500000372529033 0.17500000447034839 1.8093436360359194 -0.51500990986824025 2.2028195858001713 0.12500000372529033 3.5000000000000004 5.0209670066833505
decision_type=2 2 2 2 2 2 2 2 2 2 2 2 2 2
left_child=1 2 11 4 -4 12 -5 13 9 -9 -10 -1 -2 -7
right_child=5 -3 3 6 -6 7 -8 8 10 -11 -12 -13 -14 -15
leaf_value=-0.080001303441568805 -0.083883627285996867 0.080005407071990567 0.0053858488231173507 -0.080156261802036499 0.011861628291991928 -0.080002727062347179 -0.083635932708165758 -0.083084585968134117 -0.080627299803713554 -0.080118416096841949 -0.0800053872273499 -0.080652195298474796 -0.08365002030716813 -0.080019275815850804
leaf_weight=1.3316639422173455 0.44175486084165427 46.70775401328865 563.55240424482326 0.68692646195995521 149.96157099679112 109.03953348042083 0.2482159323990345 1.1211296581386707 0.73361066800134533 1.9825789833494116 7.9222306897991075 0.3308712514117359 0.10827645016343013 20.058719174434373
leaf_count=73081 25 565456 302198 586 59504 8903752 6 316 176 66963 1158955 33 224 467356
internal_value=-0.00329319 0.0109355 0.0064305 0.00663193 0.00674688 -0.0800494 -0.0810799 -0.0800346 -0.0803568 -0.0811899 -0.0800581 -0.0801308 -0.0838376 -0.0800053
internal_weight=904.227 762.819 716.112 714.449 713.514 141.408 0.935142 140.858 11.7595 3.10371 8.65584 1.66254 0.550031 129.098
internal_count=11598631 1000864 435408 362294 361702 10597767 592 10597518 1226410 67279 1159131 73114 249 9371108
is_linear=0
shrinkage=0.1


Tree=306
num_leaves=15
num_cat=0
split_feature=2 5 5 5 5 3 3 2 3 3 3 5 4 2
split_gain=59.9521 54.8627 49.4491 94.4964 187.174 65.749 232.865 77.5572 61.9255 24.8185 21.967 12.6064 8.75807 10.5377
threshold=2.0778195858001713 3.0405635833740239 2.4432649612426762 2.0840848684310918 2.0556275844573979 78.437500000000014 95.562500000000014 2.8750000000000004 91.562500000000014 88.812500000000014 87.062500000000014 3.3085975646972661 0.7972216308116914 2.8750000000000004
decision_type=2 2 2 2 2 2 2 2 2 2 2 2 2 2
left_child=-1 2 3 4 -2 7 -7 -4 -5 10 -3 -12 13 -11
right_child=1 9 5 8 -6 6 -8 -9 -10 12 11 -13 -14 -15
leaf_value=-0.080342267054050565 0.023788417454645185 0.07602677244768008 -0.069326364694322101 0.088088648473249515 -0.058018799301815853 0.090839997594346508 -0.0076528938140491762 0.14461782067560913 0.02360926330715634 0.41352828330547098 0.11544808160785625 -0.084436252221423702 0.086407519073910713 0.087835588585122984
leaf_weight=88.699093342182096 751.37827076095937 23.576466244969993 237.87652387101753 176.04552263052847 445.50870324564539 254.73946479351162 4161.6024138440307 18.243712032213807 967.57723390986121 1.8386517732869827 3.662738477112728 22.772085396770308 92.250803046030342 2.160975829975655
leaf_count=5809680 1681174 35051 1126607 89516 1377054 798618 266331 1647 137676 90 287 64325 209689 886
internal_value=0.00136655 0.00237887 0.00111466 0.0129791 -0.0066621 -0.0048284 -0.00197172 -0.0540869 0.033535 0.0629954 0.00584886 -0.0567408 0.0926885 0.237558
internal_weight=7247.93 7159.23 7012.97 2340.51 1196.89 4672.46 4416.34 256.12 1143.62 146.262 50.0113 26.4348 96.2504 3.99963
internal_count=11598631 5788951 5478623 3285420 3058228 2193203 1064949 1128254 227192 310328 99663 64612 210665 976
is_linear=0
shrinkage=0.1


Tree=307
num_leaves=15
num_cat=0
split_feature=1 0 1 3 4 4 4 2 5 5 5 5 5 2
split_gain=40.2461 47.6673 42.1977 30.635 23.0997 32.6308 32.1766 49.1964 30.1818 23.7453 22.4347 80.0765 63.8571 12.8398
threshold=19.500000000000004 0.17500000447034839 12.500000000000002 132.68750000000003 1.5353519320487978 -0.51500990986824025 2.4921875000000004 2.8750000000000004 1.4445886611938479 3.3829249143600468 2.6154246330261235 2.6003737449646001 2.7235324382781987 2.6250000000000004
decision_type=2 2 2 2 2 2 2 2 2 2 2 2 2 2
left_child=1 2 -1 4 5 9 7 -6 -8 -2 11 -4 -12 -5
right_child=3 -3 10 13 6 -7 8 -9 -10 -11 12 -13 -14 -15
leaf_value=0.075539036046220018 0.0028440908533445882 -0.05215027412818958 0.0033574988058168278 0.015695784897868333 0.039836711990301088 0.070320806304200012 -0.066109774229217197 -0.19641745164748398 -0.0055338356976814777 -0.42606026024735111 0.033739518198125103 -0.1329143144106508 -0.0039236253148713955 -0.065574720082912707
leaf_weight=91.172939758364009 256.88629685818205 134.76398639223407 2746.5556184278012 23.148875492159277 14.743355746970336 91.02716702852922 84.534893169839052 21.916233119904064 3045.4270618779265 1.2973120151727915 931.13265080791984 43.809246989058011 871.51631470055349 121.32990816437223
leaf_count=1033883 953454 1791896 4840040 580 68788 961470 15649 673 207089 1427 704324 36018 874959 108381
internal_value=0.000481356 0.0064857 0.00817266 -0.00742361 -0.00556907 0.0188396 -0.00826082 -0.101403 -0.00716989 0.000688947 0.00683541 0.00121801 0.0155307 -0.0525533
internal_weight=8479.26 4818.95 4684.19 3660.31 3515.83 349.211 3166.62 36.6596 3129.96 258.184 4593.01 2790.36 1802.65 144.479
internal_count=11598631 9281120 7489224 2317511 2208550 1916351 292199 69461 222738 954881 6455341 4876058 1579283 108961
is_linear=0
shrinkage=0.1


Tree=308
num_leaves=15
num_cat=0
split_feature=5 5 3 3 0 1 0 3 4 0 5 3 3 4
split_gain=92.5876 15.4276 1.66043 0.664745 0.0611819 0.000843824 0.000178005 0.000141375 0.000112625 9.8781e-05 0.000275877 1.13129e-06 9.75062e-06 5.15615e-07
threshold=3.0012133121490483 3.00477147102356 91.937500000000014 91.562500000000014 0.075000001117587103 4.5000000000000009 0.17500000447034839 99.062500000000014 6.3878748416900644 0.47499999403953558 1.8093436360359194 2.6875000000000004 2.5625000000000004 5.0209670066833505
decision_type=2 2 2 2 2 2 2 2 2 2 2 2 2 2
left_child=5 2 3 -2 -5 11 13 8 -4 10 -8 12 -1 -7
right_child=1 -3 7 4 -6 6 9 -9 -10 -11 -12 -13 -14 -15
leaf_value=-0.080000558959104878 -0.080050360590426195 -0.080011587177715227 -0.081169176947278709 0.10343702029683484 0.08056179573180304 -0.080002309347322775 -0.08131228051674122 -0.080126998427956467 -0.086059626393063748 -0.080001076038425559 -0.080114846687844868 -0.083940843923216962 -0.08393508561220675 -0.080020676667829208
leaf_weight=0.007099194655352358 0.25732630298035175 6.8412248222161542 0.10442749458616063 1.1935684538912017 57.29169819434901 118.05110715382639 3.290729191081935 0.45412939058314805 0.085767124357516877 3.9709901131191145 4.6326683867423526 0.50734400615965569 0.055855721235275269 17.556950770516778
leaf_count=1024 15042 607486 331 25 572220 8926334 102759 2969 30 575163 541427 226 1 253594
internal_value=-0.036093 0.0621905 0.0785718 0.080323 0.0810286 -0.0800521 -0.0800372 -0.0810856 -0.0833745 -0.0804081 -0.0806122 -0.0838912 -0.0834914 -0.0800047
internal_weight=214.301 66.2281 59.3869 58.7426 58.4853 148.073 147.502 0.644324 0.190195 11.8944 7.9234 0.570299 0.0629549 135.608
internal_count=11598631 1198103 590617 587287 572245 10400528 10399277 3330 361 1219349 644186 1251 1025 9179928
is_linear=0
shrinkage=0.1


Tree=309
num_leaves=15
num_cat=0
split_feature=2 2 5 5 3 4 3 1 0 2 3 5 3 1
split_gain=51.2662 99.9427 17.8182 11.5214 3.83194 0.00514707 0.00213366 0.000981551 0.000891818 0.000104046 0.000283438 5.31108e-05 0.000244314 4.31456e-05
threshold=2.4528195858001713 2.3278195858001713 2.0556275844573979 2.0587884187698369 67.062500000000014 9.9144968986511248 65.562500000000014 4.5000000000000009 0.12500000372529033 2.0778195858001713 66.062500000000014 0.87155479192733776 65.562500000000014 6.5000000000000009
decision_type=2 2 2 2 2 2 2 2 2 2 2 2 2 2
left_child=1 7 5 4 -4 6 -3 -1 -5 13 -11 12 -2 -9
right_child=11 2 3 8 -6 -7 -8 9 -10 10 -12 -13 -14 -15
leaf_value=-0.084283225188737626 -0.080002119142373374 -0.080658334837559451 0.088544234221878251 -0.08009394951464642 -0.080132423142726977 -0.098373041954165102 -0.084223680537552734 -0.081116756078439767 -0.0845315899647755 -0.081491673735013773 -0.080005733974395213 -0.080036060477824397 -0.085828939493737613 -0.080019457018058904
leaf_weight=0.55587667839188171 0.38101594791078142 4.1128240636735418 108.49780176984495 3.7738636440953988 1.3637476915173454 0.200299473828636 2.835846324926024 0.36041129742579769 0.51462368272223091 1.8493024109286569 4.1969780653885209 78.250918859429078 0.088713385634491715 62.129649035561215
leaf_count=1141 26672 103156 528215 102193 1745 44 435 28658 432 122302 593169 4310474 105 5779890
internal_value=-0.0121645 0.0159008 0.070582 0.0801735 0.0864504 -0.082569 -0.0821134 -0.0800981 -0.0806265 -0.0800641 -0.0804602 -0.0800424 -0.0811026 -0.0800258
internal_weight=269.112 190.391 121.299 114.15 109.862 7.14897 6.94867 69.0922 4.28849 68.5363 6.04628 78.7206 0.469729 62.4901
internal_count=11598631 7261380 736220 632585 529960 103635 103591 6525160 102625 6524019 715471 4337251 26777 5808548
is_linear=0
shrinkage=0.1


Tree=310
num_leaves=15
num_cat=0
split_feature=3 0 1 4 0 1 0 0 5 4 2 0 1 4
split_gain=89.3427 20.9803 1.06183 0.6661 0.435374 0.00073063 0.000172702 0.000131518 0.000254422 0.000571878 2.38157e-05 7.04227e-06 3.89571e-07 3.63544e-07
threshold=1.0000000180025095e-35 0.17500000447034839 12.500000000000002 -0.51500990986824025 0.12500000372529033 4.5000000000000009 0.12500000372529033 0.17500000447034839 1.8093436360359194 -0.51500990986824025 2.2028195858001713 0.12500000372529033 3.5000000000000004 5.0209670066833505
decision_type=2 2 2 2 2 2 2 2 2 2 2 2 2 2
left_child=1 2 11 4 -4 12 -5 13 9 -9 -10 -1 -2 -7
right_child=5 -3 3 6 -6 7 -8 8 10 -11 -12 -13 -14 -15
leaf_value=-0.080001119253108544 -0.083776871788914506 0.080004706286949043 0.0056964623280177842 -0.080142610713410084 0.01456566817476483 -0.08000256922937965 -0.083339500350360654 -0.082982556819052783 -0.080612838324646177 -0.080115197594670548 -0.080005814982721135 -0.080557907271005313 -0.08356239969416672 -0.08001791609127365
leaf_weight=1.1398532433513526 0.43070826449569111 40.661927885121258 655.25113040016731 0.6433214194548772 60.453180275857449 99.087680245346647 0.22918294742703438 1.0881422850870879 0.71379317576065648 1.9279790185282744 6.8380619209715405 0.2836987767368554 0.10542232813781993 18.283502407146898
leaf_count=73081 25 565456 361331 586 371 8903752 6 316 176 66963 1158955 33 224 467356
internal_value=-0.0029341 0.0101252 0.00616776 0.00633916 0.00644561 -0.0800508 -0.0809823 -0.0800354 -0.0803733 -0.0811497 -0.0800632 -0.0801121 -0.0837347 -0.080005
internal_weight=887.138 758.662 718 716.577 715.704 128.475 0.872504 127.939 10.568 3.01612 7.55186 1.42355 0.536131 117.371
internal_count=11598631 1000864 435408 362294 361702 10597767 592 10597518 1226410 67279 1159131 73114 249 9371108
is_linear=0
shrinkage=0.1


Tree=311
num_leaves=15
num_cat=0
split_feature=0 4 4 3 3 2 3 3 2 2 5 5 4 5
split_gain=55.7182 46.371 80.2248 72.8231 69.4707 82.7109 82.1286 63.315 104.045 57.6196 63.9229 46.5791 36.6404 33.0696
threshold=0.075000001117587103 4.3785204887390146 5.8137736320495614 73.312500000000014 95.562500000000014 2.8750000000000004 132.68750000000003 104.18750000000001 2.6250000000000004 2.8750000000000004 2.6430133581161503 2.7235324382781987 3.9684479236602788 2.0721787214279179
decision_type=2 2 2 2 2 2 2 2 2 2 2 2 2 2
left_child=1 3 4 -1 5 -3 -6 8 -5 10 -4 -9 -2 -11
right_child=12 2 9 7 6 -7 -8 11 -10 13 -12 -13 -14 -15
leaf_value=-0.048154073271720416 -0.073597917762909984 -0.00079331368368715661 0.018750633931922302 -0.067160165602643027 -0.024169416452801056 0.10205514578163062 0.070840197166952223 0.00083900899908286204 0.067919236317771067 -0.017065477441776101 -0.030893783233132605 0.041826214060225318 -0.013291073858389516 0.045518299679655844
leaf_weight=167.05381950268065 146.0907233479993 330.71920408472579 682.14950241270708 65.280566537001505 2170.532660262852 102.40477215193096 94.963410077631124 1189.567246223583 450.72431834542476 98.357780495512998 418.4841372287483 361.53014732837619 324.57851907156328 596.32406193824136
leaf_count=4432385 5297926 59864 19413 392402 28238 2927 13744 25263 724647 38079 30531 10872 202310 320030
internal_value=0.00125305 0.00357997 -0.0022736 0.0153542 -0.0131714 0.0235234 -0.0201869 0.0204867 0.0508301 0.0141074 -0.000125221 0.0103923 -0.0320097 0.0366573
internal_weight=7198.76 6728.09 4493.94 2234.16 2698.62 433.124 2265.5 2067.1 516.005 1795.32 1100.63 1551.1 470.669 694.682
internal_count=11598631 6098395 512826 5585569 104773 62791 41982 1153184 1117049 408053 49944 36135 5500236 358109
is_linear=0
shrinkage=0.1


Tree=312
num_leaves=15
num_cat=0
split_feature=3 2 3 5 2 3 4 4 5 5 4 5 4 5
split_gain=38.017 52.4772 31.9631 133.506 378.133 134.89 121.746 97.951 79.8367 58.7333 55.9366 50.8244 49.7252 23.277
threshold=135.31250000000003 2.8750000000000004 122.68750000000001 2.7235324382781987 2.8750000000000004 107.93750000000001 4.3785204887390146 9.1080212593078631 2.7186124324798588 2.6403949260711674 3.5173683166503911 2.6403949260711674 5.8137736320495614 2.7235324382781987
decision_type=2 2 2 2 2 2 2 2 2 2 2 2 2 2
left_child=2 13 3 8 5 -5 11 9 12 -8 -6 -4 -1 -2
right_child=1 -3 6 4 10 -7 7 -9 -10 -11 -12 -13 -14 -15
leaf_value=0.0075657221294809108 0.036602045201838511 -0.085712930869338594 -0.066282986833633206 0.026892151103095008 -0.22852671034743258 -0.13069117058921328 0.007689320151055095 -0.076481572823562965 0.083326406837940709 0.059119656855553426 -0.10797810444854608 -0.00093045206075640481 -0.015346542921936435 -0.042551488239442686
leaf_weight=4297.4841306297058 86.856760670358028 120.15957826761968 193.81918708077137 524.30195865817996 44.821674547135899 60.598411650687922 334.38695388957422 75.253273203692515 125.02723267021793 660.93889301955642 272.57430786403711 308.27059587197436 1214.988765001206 64.922298868157668
leaf_count=8710317 3514 153223 3611 1714540 771 4776 15463 35094 649938 34713 77186 8641 170863 15981
internal_value=0.000437062 -0.0363414 0.00166992 -0.0014082 -0.037122 0.0105658 0.01447 0.0335241 0.0043079 0.0418413 -0.125002 -0.0261582 0.00251569 0.00274474
internal_weight=8384.4 271.939 8112.47 6539.8 902.296 584.9 1572.67 1070.58 5637.5 995.326 317.396 502.09 5512.47 151.779
internal_count=11598631 172718 11425913 11328391 1797273 1719316 97522 85270 9531118 50176 77957 12252 8881180 19495
is_linear=0
shrinkage=0.1


Tree=313
num_leaves=15
num_cat=0
split_feature=5 5 3 3 0 1 0 3 0 5 4 3 3 4
split_gain=83.1401 13.7819 1.52871 0.60909 0.0497982 0.000779158 0.000176855 0.000112327 9.12987e-05 0.000242021 8.85839e-05 8.07681e-07 7.99116e-06 4.03019e-07
threshold=3.0012133121490483 3.00477147102356 91.937500000000014 91.562500000000014 0.075000001117587103 4.5000000000000009 0.17500000447034839 99.062500000000014 0.47499999403953558 1.8093436360359194 6.3878748416900644 2.6875000000000004 2.5625000000000004 5.0209670066833505
decision_type=2 2 2 2 2 2 2 2 2 2 2 2 2 2
left_child=5 2 3 -2 -5 11 13 10 9 -8 -4 12 -1 -7
right_child=1 -3 7 4 -6 6 8 -9 -10 -11 -12 -13 -14 -15
leaf_value=-0.080000474195432811 -0.080050294255911009 -0.080011628308584298 -0.081087634458796631 0.10175085381222615 0.080547339053587561 -0.080002140201898053 -0.081285853979279218 -0.08011518301876458 -0.080001078607164655 -0.080122871894809766 -0.085588481732306029 -0.08383491158043771 -0.083830741338017656 -0.080019092818239407
leaf_weight=0.006051640783367839 0.23587290054321286 6.118690902876053 0.096654735810260628 1.1321540167555202 51.149598791023891 107.31503129143709 3.1645893664945088 0.41775971749848395 3.4069526421003502 4.1177615684291595 0.079858167351630982 0.49445138920623322 0.054510015994310379 16.131326402696232
leaf_count=1024 15042 607486 331 25 572220 8926334 102759 2969 575163 541427 30 226 1 253594
internal_value=-0.0366329 0.062106 0.0784784 0.0802831 0.0810065 -0.0800536 -0.0800381 -0.0810088 -0.0804284 -0.0806283 -0.0831239 -0.0837927 -0.083448 -0.0800044
internal_weight=193.921 59.2306 53.1119 52.5176 52.2818 134.691 134.136 0.594273 10.6893 7.28235 0.176513 0.555013 0.0605617 123.446
internal_count=11598631 1198103 590617 587287 572245 10400528 10399277 3330 1219349 644186 361 1251 1025 9179928
is_linear=0
shrinkage=0.1


Tree=314
num_leaves=15
num_cat=0
split_feature=2 2 5 5 3 4 3 1 0 2 3 1 5 3
split_gain=46.7171 90.4783 16.4948 10.5963 3.48848 0.00391588 0.00161512 0.000907454 0.000762516 8.53234e-05 0.000219185 4.32579e-05 3.85282e-05 0.000179596
threshold=2.4528195858001713 2.3278195858001713 2.0556275844573979 2.0587884187698369 67.062500000000014 9.9144968986511248 65.562500000000014 4.5000000000000009 0.12500000372529033 2.0778195858001713 66.062500000000014 6.5000000000000009 0.87155479192733776 65.562500000000014
decision_type=2 2 2 2 2 2 2 2 2 2 2 2 2 2
left_child=1 7 5 4 -4 6 -3 -1 -5 11 -11 -9 13 -2
right_child=12 2 3 8 -6 -7 -8 9 -10 10 -12 -13 -14 -15
leaf_value=-0.084174362057852295 -0.080001998000954727 -0.080659806428232214 0.088722909105540204 -0.080086976905189386 -0.080122069865343079 -0.096614365306909089 -0.08388801206381305 -0.081171421706539404 -0.084326335338119479 -0.081382408416238727 -0.080005909415998583 -0.080020082652077884 -0.080033340094770894 -0.085233926809576421
leaf_weight=0.54145884612670769 0.35046435853743574 3.8565702902269541 98.437053502151684 3.4549761158614269 1.2390584652748646 0.18757667776662845 2.5911023417547767 0.32823239780782287 0.48367165192757955 1.6996422968784362 3.6219537304160667 56.3505072947437 71.269652333014676 0.080722460521201356
leaf_count=1141 26672 103156 528215 102193 1745 44 435 28658 432 122302 593169 5779890 4310474 105
internal_value=-0.0121805 0.0159777 0.070479 0.0802671 0.086624 -0.0823715 -0.0819571 -0.0800983 -0.0806076 -0.0800627 -0.0804455 -0.0800268 -0.080039 -0.0809815
internal_weight=244.493 172.792 110.25 103.615 99.6761 6.63525 6.44767 62.5418 3.93865 62.0003 5.3216 56.6787 71.7008 0.431187
internal_count=11598631 7261380 736220 632585 529960 103635 103591 6525160 102625 6524019 715471 5808548 4337251 26777
is_linear=0
shrinkage=0.1


Tree=315
num_leaves=15
num_cat=0
split_feature=2 0 1 4 1 1 0 0 5 4 2 0 1 4
split_gain=81.7371 19.1735 0.975287 0.625236 0.415955 0.00058222 0.000141867 0.000113262 0.000202419 0.000472985 1.86502e-05 5.41228e-06 3.08746e-07 2.89752e-07
threshold=-1.0000000180025095e-35 0.17500000447034839 12.500000000000002 -0.51500990986824025 19.500000000000004 4.5000000000000009 0.12500000372529033 0.17500000447034839 1.8093436360359194 -0.51500990986824025 2.2028195858001713 0.12500000372529033 3.5000000000000004 5.0209670066833505
decision_type=2 2 2 2 2 2 2 2 2 2 2 2 2 2
left_child=1 2 11 4 -4 12 -5 13 9 -9 -10 -1 -2 -7
right_child=5 -3 3 6 -6 7 -8 8 10 -11 -12 -13 -14 -15
leaf_value=-0.080001021461982166 -0.083494705339225539 0.080004297587051493 0.0052969733901957533 -0.080133706633168753 0.011206615873199649 -0.080002378567260085 -0.083124355830280924 -0.082809060949938673 -0.080570703724235762 -0.080105837477598932 -0.080005608995924737 -0.080510855807756687 -0.083296801836733658 -0.08001675119317285
leaf_weight=1.0442905353029335 0.40122068533795996 37.112037502221938 563.35406358884939 0.60294887708732758 151.03471545130014 90.174617805789381 0.21524112112820148 1.0102748282588438 0.6486434323596767 1.8013854609612261 5.8638261827936731 0.26007630582898844 0.098106145958126945 16.610435363495071
leaf_count=73081 25 565456 302198 586 59504 8903752 6 316 176 66963 1158955 33 224 467356
internal_value=-0.00213649 0.00991887 0.00628876 0.00644632 0.00654638 -0.0800485 -0.0809205 -0.0800338 -0.080368 -0.0810771 -0.0800619 -0.0801027 -0.0834558 -0.0800046
internal_weight=870.232 753.623 716.511 715.207 714.389 116.609 0.81819 116.109 9.32413 2.81166 6.51247 1.30437 0.499327 106.785
internal_count=11598631 1000864 435408 362294 361702 10597767 592 10597518 1226410 67279 1159131 73114 249 9371108
is_linear=0
shrinkage=0.1


Tree=316
num_leaves=15
num_cat=0
split_feature=2 5 1 5 3 3 3 3 5 3 4 1 4 2
split_gain=51.6568 45.5492 43.4581 40.3435 100.703 51.2644 22.0904 19.5445 11.7723 6.77015 6.19784 5.85337 8.03217 4.78853
threshold=2.0778195858001713 3.0405635833740239 13.500000000000002 1.3744092583656313 42.937500000000007 74.187500000000014 88.812500000000014 87.062500000000014 3.5934629440307622 65.562500000000014 0.7972216308116914 12.500000000000002 4.5698873996734628 2.8750000000000004
decision_type=2 2 2 2 2 2 2 2 2 2 2 2 2 2
left_child=-1 2 11 4 -4 -5 7 9 -9 -3 13 -2 -13 -8
right_child=1 6 3 5 -6 -7 10 8 -10 -11 -12 12 -14 -15
leaf_value=-0.080283299836407696 -0.087019555123733244 -0.015686406164676647 -0.051246367051629854 -0.026638715286554739 0.11892893426054617 0.0034872787747161947 0.31972536478484676 -0.079263059265093416 0.12623092437875258 0.10686395225800652 0.086077132583588192 -0.082233004576441393 0.0025734472606414463 0.085446629826849987
leaf_weight=77.199278968271756 54.229492140729576 6.1722118748165569 56.426844979783908 623.09581252593671 90.616841521228508 6042.6391810087589 2.06394487898796 22.264158859571584 3.1868576846318311 16.717093024371025 78.835365538288897 21.487891350532323 23.2537778388878 1.5112599540781064
leaf_count=5809680 797093 31401 343927 1875974 159377 1799922 90 64338 274 3650 209689 454380 47950 886
internal_value=0.0010727 0.00196452 0.000858392 0.00181412 0.0536255 0.000671178 0.0604366 0.00676846 -0.0535321 0.0738177 0.0919172 -0.06493 -0.0381562 0.220694
internal_weight=7119.7 7042.5 6911.75 6812.78 147.044 6665.73 130.751 48.3403 25.451 22.8893 82.4106 98.9712 44.7417 3.5752
internal_count=11598631 5788951 5478623 4179200 503304 3675896 310328 99663 64612 35051 210665 1299423 502330 976
is_linear=0
shrinkage=0.1


Tree=317
num_leaves=15
num_cat=0
split_feature=1 0 1 3 3 3 2 5 5 3 3 5 2 2
split_gain=31.2197 34.8116 37.6245 24.1388 19.0445 56.6137 69.3712 57.5068 23.6391 52.1356 18.8894 20.0075 14.8121 11.3427
threshold=19.500000000000004 0.17500000447034839 12.500000000000002 132.68750000000003 74.187500000000014 91.687500000000014 2.8750000000000004 2.0556275844573979 1.4445886611938479 43.562500000000007 160.68750000000003 2.6292189359664921 2.8750000000000004 2.6250000000000004
decision_type=2 2 2 2 2 2 2 2 2 2 2 2 2 2
left_child=1 2 -1 4 8 6 -6 -7 9 -2 11 -4 -10 -5
right_child=3 -3 10 13 5 7 -8 -9 12 -11 -12 -13 -14 -15
leaf_value=0.075021172897024341 0.0091490459887000105 -0.048924888865154101 0.0012716167289968945 0.015011797298002373 -0.021170564714542595 -0.098346628817481629 -0.1351349239208792 -0.0015503519601075509 0.033580037708154924 -0.10811717789818368 -0.088779238870293209 0.015180536001276088 -0.0483104485991417 -0.062774692648346619
leaf_weight=80.211912673004917 210.7159835602431 113.5148226884321 2822.709603557139 22.755340847303216 197.866397353293 62.903252115251234 73.161594479502128 2528.6635272375906 325.22659495462199 46.231182040561862 20.963724447443383 1632.2344394232991 23.696967213458038 106.39272784552435
leaf_count=1033883 656996 1791896 4908762 580 278464 18271 27084 239310 912847 54847 19998 1526581 20731 108381
internal_value=0.000381829 0.00577569 0.00713854 -0.0066193 -0.00503868 -0.00844768 -0.0519342 -0.00389982 0.011068 -0.0119501 0.00592203 0.00636767 0.0280185 -0.049069
internal_weight=8267.25 4669.63 4556.12 3597.61 3468.47 2862.59 271.028 2591.57 605.871 256.947 4475.91 4454.94 348.924 129.148
internal_count=11598631 9281120 7489224 2317511 2208550 563129 305548 257581 1645421 711843 6455341 6435343 933578 108961
is_linear=0
shrinkage=0.1


Tree=318
num_leaves=15
num_cat=0
split_feature=5 5 3 3 0 1 0 3 0 5 4 3 3 4
split_gain=77.0972 12.4655 1.38012 0.547982 0.0411708 0.000621084 0.000153263 8.17987e-05 7.54608e-05 0.000194006 6.40014e-05 5.52423e-07 5.90548e-06 3.18941e-07
threshold=3.0012133121490483 3.00477147102356 91.937500000000014 91.562500000000014 0.075000001117587103 4.5000000000000009 0.17500000447034839 99.062500000000014 0.47499999403953558 1.8093436360359194 6.3878748416900644 2.6875000000000004 2.5625000000000004 5.0209670066833505
decision_type=2 2 2 2 2 2 2 2 2 2 2 2 2 2
left_child=5 2 3 -2 -5 11 13 10 9 -8 -4 12 -1 -7
right_child=1 -3 7 4 -6 6 8 -9 -10 -11 -12 -13 -14 -15
leaf_value=-0.080000421398418731 -0.080045354138220809 -0.080010876721934826 -0.080978885304512208 0.10025430861485536 0.080532454989076602 -0.080001985450755653 -0.081216558180284823 -0.080103993599169296 -0.080001043715591441 -0.080119596838753554 -0.08500171031234427 -0.083547758108578923 -0.083543330550555794 -0.080017797423031556
leaf_weight=0.0051852662786718842 0.2122828490869243 5.5141164209434868 0.0871412468914049 1.0826143270824093 47.537094508305017 97.772396798820196 2.9302407774302974 0.37755066982936114 2.9174275309746918 3.5844741961163891 0.072411517252476187 0.46050169242039374 0.050767805427312851 14.670862719963223
leaf_count=1024 15042 607486 331 25 572220 8926334 102759 2969 575163 541427 30 226 1 253594
internal_value=-0.0358902 0.0625907 0.0785181 0.0802716 0.0809716 -0.0800512 -0.0800365 -0.0809062 -0.0804237 -0.080613 -0.0828046 -0.0835117 -0.083215 -0.080004
internal_weight=177.275 54.8832 49.3691 48.832 48.6197 122.392 121.875 0.537103 9.43214 6.51471 0.159553 0.516455 0.0559531 112.443
internal_count=11598631 1198103 590617 587287 572245 10400528 10399277 3330 1219349 644186 361 1251 1025 9179928
is_linear=0
shrinkage=0.1


Tree=319
num_leaves=15
num_cat=0
split_feature=2 2 5 5 3 4 3 1 0 2 3 1 5 3
split_gain=43.3752 82.3601 15.2018 9.63642 3.19087 0.00315808 0.00123192 0.00072199 0.000561995 6.93986e-05 0.00016697 3.6445e-05 3.20036e-05 0.000145931
threshold=2.4528195858001713 2.3278195858001713 2.0556275844573979 2.0587884187698369 67.062500000000014 9.9144968986511248 65.562500000000014 4.5000000000000009 0.12500000372529033 2.0778195858001713 66.062500000000014 6.5000000000000009 0.87155479192733776 65.562500000000014
decision_type=2 2 2 2 2 2 2 2 2 2 2 2 2 2
left_child=1 7 5 4 -4 6 -3 -1 -5 11 -11 -9 13 -2
right_child=12 2 3 8 -6 -7 -8 9 -10 10 -12 -13 -14 -15
leaf_value=-0.08386143869360449 -0.080001839630558819 -0.080627300141875038 0.088575673020340751 -0.0800801747020157 -0.080112013062591511 -0.095335470960253257 -0.08356328748295834 -0.081138684223032609 -0.083892191170219385 -0.081272313202251978 -0.08000580078349144 -0.080018832225645598 -0.080031230302588352 -0.084885013320608368
leaf_weight=0.503819795748078 0.32130941537891899 3.5690363551443616 91.051076236639346 3.146802302843525 1.1353359203058051 0.17759584672603512 2.3835983559374654 0.29228046683010589 0.4409349055322308 1.5598594319906158 3.1288992096267521 50.977453280440848 64.962970306917697 0.075597839685542567
leaf_count=1141 26672 103156 528215 102193 1745 44 435 28658 432 122302 593169 5779890 4310474 105
internal_value=-0.0114976 0.0167893 0.0704689 0.0802405 0.0864982 -0.082195 -0.081803 -0.0800928 -0.0805487 -0.0800589 -0.0804271 -0.0800252 -0.0800367 -0.0809319
internal_weight=223.727 158.367 101.904 95.7741 92.1864 6.13023 5.95263 56.4623 3.58774 55.9585 4.68876 51.2697 65.3599 0.396907
internal_count=11598631 7261380 736220 632585 529960 103635 103591 6525160 102625 6524019 715471 5808548 4337251 26777
is_linear=0
shrinkage=0.1


Tree=320
num_leaves=15
num_cat=0
split_feature=2 0 1 4 1 1 0 5 4 0 2 0 1 4
split_gain=74.3193 16.9762 0.829644 0.571226 0.438329 0.000533602 0.000113162 0.000179892 0.000438712 0.000111009 1.69247e-05 3.39972e-06 2.65149e-07 2.26048e-07
threshold=1.0000000180025095e-35 0.17500000447034839 12.500000000000002 -0.51500990986824025 19.500000000000004 4.5000000000000009 0.17500000447034839 1.8093436360359194 -0.51500990986824025 0.12500000372529033 2.2028195858001713 0.12500000372529033 3.5000000000000004 5.0209670066833505
decision_type=2 2 2 2 2 2 2 2 2 2 2 2 2 2
left_child=1 2 11 4 -4 12 13 8 -8 -5 -9 -1 -2 -7
right_child=5 -3 3 9 -6 6 7 10 -10 -11 -12 -13 -14 -15
leaf_value=-0.080000876274075677 -0.08339302764481353 0.080003753812361078 0.0049590152358532221 -0.080123381922734105 0.011018720418313248 -0.080002190535474832 -0.082744621948051933 -0.080555897889793573 -0.0801029378592297 -0.082876225251728414 -0.080006029791411443 -0.080437280169472061 -0.083206967288406111 -0.080015486430489488
leaf_weight=0.89433389545956632 0.39048391613667277 32.408615569609537 565.01316328327084 0.55491218875977111 151.34538549929857 82.468889122360196 0.98223385028359222 0.62913676589960221 1.7464445138261888 0.19902493059635162 5.0764632251052717 0.2230284339748323 0.095280691359675984 15.133367316669135
leaf_count=73081 25 565456 302198 586 59504 8903752 316 176 66963 6 1158955 33 224 467356
internal_value=-0.00188433 0.00920804 0.00601353 0.00614769 0.00623925 -0.0800498 -0.0800346 -0.080386 -0.0810539 -0.0808501 -0.0800667 -0.080088 -0.0833565 -0.0800043
internal_weight=857.161 750.638 718.23 717.112 716.359 106.522 106.037 8.43428 2.72868 0.753937 5.7056 1.11736 0.485765 97.6023
internal_count=11598631 1000864 435408 362294 361702 10597767 10597518 1226410 67279 592 1159131 73114 249 9371108
is_linear=0
shrinkage=0.1


Tree=321
num_leaves=15
num_cat=0
split_feature=2 5 0 5 5 4 1 3 3 3 4 5 3 4
split_gain=46.9678 41.1685 36.5936 46.5886 65.5144 47.5032 32.8312 24.4932 20.6729 17.722 12.1389 11.0465 6.30321 4.90214
threshold=2.0778195858001713 3.0405635833740239 0.075000001117587103 2.4021030664443974 2.0840848684310918 4.3785204887390146 17.500000000000004 59.437500000000007 88.812500000000014 87.062500000000014 9.5727705955505389 3.3085975646972661 65.562500000000014 0.7972216308116914
decision_type=2 2 2 2 2 2 2 2 2 2 2 2 2 2
left_child=-1 2 3 4 -2 -5 10 -8 9 12 -4 -11 -3 -10
right_child=1 8 6 5 -6 -7 7 -9 13 11 -12 -13 -14 -15
leaf_value=-0.080117463842344985 -0.0011506171701461006 -0.012737604504435673 -0.065817484305859278 0.011750009885404002 0.035971144700911784 -0.010037989792848962 -0.10890866476222899 0.0080375864791060857 0.20704463881371044 0.11627049240058096 0.025238137381344641 -0.077697422885788736 0.10678823100862822 0.085995030445480375
leaf_weight=70.663816528905954 1045.8503713277514 6.1632603010713494 176.20418114855931 1491.2772668419775 871.6616412049998 3041.6326209582439 19.603688205006506 207.17202849361502 3.5081118264114073 3.4046152834780541 15.967511092865605 21.334578268309087 15.527616007659161 72.165997032810992
leaf_count=5809680 1380720 31401 2328647 822871 128347 148287 281437 387927 976 287 387 64325 3650 209689
internal_value=0.00100062 0.00182049 0.000797419 0.00265749 0.0157242 -0.00286998 -0.0278416 -0.00207186 0.0593766 0.00684634 -0.0582517 -0.0510035 0.0728261 0.0916067
internal_weight=7062.14 6991.47 6869.37 6450.42 1917.51 4532.91 418.947 226.776 122.104 46.4301 192.172 24.7392 21.6909 75.6741
internal_count=11598631 5788951 5478623 2480225 1509067 971158 2998398 669364 310328 99663 2329034 64612 35051 210665
is_linear=0
shrinkage=0.1


Tree=322
num_leaves=15
num_cat=0
split_feature=3 2 5 5 5 3 3 3 4 5 4 4 5 4
split_gain=27.9759 48.7672 28.5791 31.2904 103.657 160.293 94.9737 30.8884 26.8723 20.6971 18.8915 28.1977 16.8368 13.6131
threshold=135.31250000000003 2.8750000000000004 3.3127455711364751 2.6430133581161503 2.6706019639968877 124.68750000000001 126.43750000000001 96.687500000000014 5.8137736320495614 2.7235324382781987 8.6706109046936053 6.5929112434387216 4.0690042972564706 -0.51500990986824025
decision_type=2 2 2 2 2 2 2 2 2 2 2 2 2 2
left_child=2 9 3 6 7 -6 8 -5 -1 10 11 -2 -11 -4
right_child=1 -3 13 4 5 -7 -8 -9 -10 12 -12 -13 -14 -15
leaf_value=0.0042400005269355471 0.014022053038466041 -0.085248895493139076 -0.24827940286974004 -0.05052253390790104 -0.01744838608065916 0.038617946151152417 -0.063968307137354144 0.059654200408588279 -0.013784874030747133 -0.062783400371241915 -0.0813611873938416 0.14836546100989942 0.082398789471604922 -0.053215550444060435
leaf_weight=3826.7654692695814 51.116831435530912 103.22884012874965 3.7994417266982898 26.997639885515127 1492.6350885249431 774.53097339756641 240.95504435802559 442.68225795703984 1055.1638983466219 51.177781692851568 11.769693622249177 22.500850599055411 9.4652691292576474 61.30054766549793
leaf_count=8454387 941 153223 9548 54794 2561417 31660 16794 16339 170566 15617 1343 1230 364 110408
internal_value=0.000346951 -0.03264 0.00138449 0.00193102 0.0105635 0.00170553 -0.00268077 0.0533211 0.000344164 0.00454924 0.036276 0.0550834 -0.0401231 -0.0646001
internal_weight=8174.09 249.259 7924.83 7859.73 2736.85 2267.17 5122.88 469.68 4881.93 146.03 85.3874 73.6177 60.6431 65.1
internal_count=11598631 172718 11425913 11305957 2664210 2593077 8641747 71133 8624953 19495 3514 2171 15981 119956
is_linear=0
shrinkage=0.1


Tree=323
num_leaves=15
num_cat=0
split_feature=5 5 3 3 0 1 0 0 5 3 4 3 3 4
split_gain=69.1424 11.0755 1.25575 0.500006 0.0349049 0.000569646 0.000153896 7.01699e-05 0.000174086 6.14754e-05 4.78067e-05 3.9972e-07 4.79876e-06 2.46673e-07
threshold=3.0012133121490483 3.00477147102356 91.937500000000014 91.562500000000014 0.075000001117587103 4.5000000000000009 0.17500000447034839 0.47499999403953558 1.8093436360359194 99.062500000000014 6.3878748416900644 2.6875000000000004 2.5625000000000004 5.0209670066833505
decision_type=2 2 2 2 2 2 2 2 2 2 2 2 2 2
left_child=5 2 3 -2 -5 11 13 8 -8 10 -4 12 -1 -7
right_child=1 -3 9 4 -6 6 7 -9 -10 -11 -12 -13 -14 -15
leaf_value=-0.080000365137874355 -0.080044808586598362 -0.08001030647367513 -0.08089020813344075 0.099139694752787458 0.080538459411794369 -0.080001831619642583 -0.081203665993536761 -0.080001073110466114 -0.080126434730891941 -0.08009318594888537 -0.084526903795517014 -0.083445425952608968 -0.083439449187905496 -0.080016351436929478
leaf_weight=0.004420399387497719 0.19369326012338106 4.9019142081166214 0.079491920741019295 1.0334968934766937 42.204258532896347 89.459394634635046 2.8203223433051772 2.5067417228594877 3.205007667226937 0.34359091440819611 0.066292194558627671 0.44795768579774631 0.049402162432670593 13.460898127003928
leaf_count=1024 15042 607486 331 25 572220 8926334 102759 575163 541427 2969 30 226 1 253594
internal_value=-0.0367464 0.0625583 0.0784701 0.0802649 0.0809831 -0.0800527 -0.0800376 -0.0804457 -0.0806307 -0.0808233 -0.0825439 -0.0834145 -0.083157 -0.0800037
internal_weight=160.777 48.8227 43.9208 43.4314 43.2378 111.954 111.452 8.53207 6.02533 0.489375 0.145784 0.50178 0.0538226 102.92
internal_count=11598631 1198103 590617 587287 572245 10400528 10399277 1219349 644186 3330 361 1251 1025 9179928
is_linear=0
shrinkage=0.1


Tree=324
num_leaves=15
num_cat=0
split_feature=2 2 5 5 3 4 5 1 0 2 3 1 5 3
split_gain=39.6145 74.7516 14.0928 8.81604 2.93585 0.00242293 0.000934244 0.000661541 0.000487273 5.71857e-05 0.000130546 3.59054e-05 1.65694e-05 8.37525e-05
threshold=2.4528195858001713 2.3278195858001713 2.0556275844573979 2.0587884187698369 67.062500000000014 9.9144968986511248 1.6071687340736391 4.5000000000000009 0.17500000447034839 2.0778195858001713 66.062500000000014 6.5000000000000009 0.87155479192733776 65.562500000000014
decision_type=2 2 2 2 2 2 2 2 2 2 2 2 2 2
left_child=1 7 5 4 -4 6 -3 -1 -5 11 -11 -9 13 -2
right_child=12 2 3 8 -6 -7 -8 9 -10 10 -12 -13 -14 -15
leaf_value=-0.083751270320978205 -0.080001649364209934 -0.080393628006776463 0.088646015304093384 -0.080154693233664601 -0.080103230275925627 -0.093939105802737705 -0.082992175256626527 -0.081181247523351707 -0.084434309740266666 -0.081187952684766737 -0.080005965306128218 -0.080019290812404276 -0.08002923997181309 -0.084010735637968514
leaf_weight=0.48952603348106905 0.29398986328648291 2.788208248844966 82.801182769857405 2.9896421458270193 1.0439769565127779 0.16614452736757801 2.7463626601481792 0.26746938328915248 0.29203841368143901 1.4270122566184671 2.70689860912222 46.446936624210821 59.517161134678716 0.063333992685784324
leaf_count=1141 26672 87500 528215 102501 1745 44 16091 28658 124 122302 593169 5779890 4310474 105
internal_value=-0.0116612 0.016735 0.070285 0.0802517 0.0865449 -0.0820403 -0.0816831 -0.0800927 -0.0805355 -0.0800575 -0.080414 -0.0800259 -0.0800333 -0.0807122
internal_weight=204.04 144.165 92.8276 87.1268 83.8452 5.70072 5.53457 51.3378 3.28168 50.8483 4.13391 46.7144 59.8745 0.357324
internal_count=11598631 7261380 736220 632585 529960 103635 103591 6525160 102625 6524019 715471 5808548 4337251 26777
is_linear=0
shrinkage=0.1


Tree=325
num_leaves=15
num_cat=0
split_feature=2 0 1 4 0 1 0 5 4 0 2 0 5 3
split_gain=68.3719 15.5973 0.759726 0.532152 0.38224 0.000427606 9.7416e-05 0.000142809 0.000362383 9.08194e-05 1.34797e-05 2.63928e-06 3.10541e-07 8.77979e-07
threshold=-1.0000000180025095e-35 0.17500000447034839 12.500000000000002 -0.51500990986824025 0.12500000372529033 4.5000000000000009 0.17500000447034839 1.8093436360359194 -0.51500990986824025 0.12500000372529033 2.2028195858001713 0.12500000372529033 3.7715406417846684 89.937500000000014
decision_type=2 2 2 2 2 2 2 2 2 2 2 2 2 2
left_child=1 2 11 4 -4 -2 12 8 -8 -5 -9 -1 -7 -14
right_child=5 -3 3 9 -6 6 7 10 -10 -11 -12 -13 13 -15
leaf_value=-0.08000080738391005 -0.083112296768225652 0.080003426856429694 0.0053693136988730815 -0.080115487458685006 0.0137011502181889 -0.080003630746889931 -0.082582865042283501 -0.080518330260580903 -0.080094955684813451 -0.082687580499955227 -0.080006060892584344 -0.080401787219111287 -0.080362986496578956 -0.080020328350577638
leaf_weight=0.82208381483360315 0.45302833694725464 29.536750133709575 657.5887501915422 0.51939361949916829 60.094189077615738 89.533625304874263 0.91343515419794163 0.58215268587809976 1.6305690350072826 0.18659867905080318 4.3663766472263887 0.20510419877246022 0.091278478356460746 0.4135986977814341
leaf_count=73081 249 565456 361331 586 371 9322676 316 176 66963 6 1158955 33 2392 46040
internal_value=-0.00149414 0.0087828 0.00585872 0.00598161 0.00606697 -0.0800471 -0.0800329 -0.0803794 -0.0809882 -0.0807953 -0.0800663 -0.0800809 -0.0800041 -0.0800823
internal_weight=846.937 748.953 719.416 718.389 717.683 97.9841 97.531 7.49253 2.544 0.705992 4.94853 1.02719 90.0385 0.504877
internal_count=11598631 1000864 435408 362294 361702 10597767 10597518 1226410 67279 592 1159131 73114 9371108 48432
is_linear=0
shrinkage=0.1


Tree=326
num_leaves=15
num_cat=0
split_feature=2 5 3 5 3 2 4 3 4 5 3 4 3 5
split_gain=43.1053 64.993 189.466 183.986 55.0598 251.51 124.944 40.3623 47.4886 33.2339 32.2931 29.1897 22.7808 18.6935
threshold=2.6250000000000004 2.0556275844573979 72.812500000000014 2.0587884187698369 95.937500000000014 2.8750000000000004 8.8756470680236834 104.18750000000001 7.1806812286376962 0.85689011216163646 57.312500000000007 5.2396721839904794 100.43750000000001 2.0556275844573979
decision_type=2 2 2 2 2 2 2 2 2 2 2 2 2 2
left_child=11 2 9 7 5 -5 -6 8 -3 -2 -11 12 -1 -14
right_child=1 3 -4 4 6 -7 -8 -9 -10 10 -12 -13 13 -15
leaf_value=-0.072051954015971892 0.1375851924887331 -0.07937901092637796 0.12284376083059288 -0.005587013330018608 -0.0046368283494311576 0.12212172767371594 0.066409317718434932 -0.012639524036319197 -0.2032895383623263 -0.033533359310071016 0.027737271527498015 -0.006568145083369197 0.34666984581600024 -0.0018115925194534975
leaf_weight=169.0952132531902 15.961129886625768 74.08482635961991 172.31497924688858 600.87849279663988 4752.0895523457502 207.45109670274178 261.13662842075428 37.16021245250522 53.096771708922461 222.56599236209991 140.21334198081109 277.209049324435 1.6046827592053876 37.797083183274481
leaf_count=7485406 7354 760182 41559 1402400 351858 50604 177367 1021 452 1097009 114899 93258 23 15239
internal_value=0.000913185 0.00304875 0.0359121 2.33826e-05 0.00296904 0.0271884 -0.000936068 -0.104322 -0.13111 -0.003639 -0.00985241 -0.0278287 -0.0560959 0.0123807
internal_weight=7022.66 6536.95 551.055 5985.9 5821.56 808.33 5013.23 164.342 127.182 378.74 362.779 485.706 208.497 39.4018
internal_count=11598631 4004705 1260821 2743884 1982229 1453004 529225 761655 760634 1219262 1211908 7593926 7500668 15262
is_linear=0
shrinkage=0.1


Tree=327
num_leaves=15
num_cat=0
split_feature=5 3 2 3 5 3 3 4 2 5 5 3 4 3
split_gain=27.4452 164.367 278.101 133.879 92.3195 91.255 85.6028 69.6161 60.4781 56.2973 68.791 50.2488 39.3963 37.3319
threshold=2.7235324382781987 126.43750000000001 2.8750000000000004 107.93750000000001 2.7186124324798588 135.31250000000003 128.31250000000003 6.5929112434387216 2.8750000000000004 2.6430133581161503 2.6878424882888798 124.68750000000001 4.6655707359313974 79.062500000000014
decision_type=2 2 2 2 2 2 2 2 2 2 2 2 2 2
left_child=4 2 3 13 6 7 9 12 -8 -1 -11 -4 -3 -2
right_child=1 5 11 -5 -6 -7 8 -9 -10 10 -12 -13 -14 -15
leaf_value=-0.00036241884831657821 0.065637670386937699 0.026957667794276254 -0.11849219450629019 -0.11237749569574021 0.082632354847923112 -0.057539806998023912 0.0011782540576825943 -0.05967435513043863 -0.085163923570968983 0.042858512137258643 -0.010701865672602137 -0.020842181263605139 0.083939198688405645 0.007058435944437569
leaf_weight=4938.6500247872891 160.54406521484884 234.42630996360822 326.82544528441781 81.414206588509842 143.15882699966915 105.43572877211773 142.20710034418187 57.761370682157576 188.86693415067714 714.59632953068558 360.90731984876766 62.826376773344236 251.51636175176827 337.48238255870092
leaf_count=8629178 958645 4410 85562 6288 651249 143378 5046 32944 38802 134700 138522 7282 6730 755895
internal_value=0.0003133 -0.0113376 -0.0374216 0.0065075 0.0032191 0.0276028 0.0014274 0.0441137 -0.0480771 0.00415259 0.0248852 -0.102747 0.0564504 0.0259421
internal_weight=8106.62 1618.23 969.092 579.441 6488.39 649.14 6345.23 543.704 331.074 6014.15 1075.5 389.652 485.943 498.026
internal_count=11598631 2001134 1813672 1720828 9597497 187462 8946248 44084 43848 8902400 273222 92844 11140 1714540
is_linear=0
shrinkage=0.1


Tree=328
num_leaves=15
num_cat=0
split_feature=5 5 3 3 0 1 0 4 3 3 4 3 5 3
split_gain=62.313 10.1164 1.1681 0.469068 0.0258391 0.000456631 0.000133247 5.78251e-05 0.000127058 5.05832e-05 3.92206e-05 4.90373e-07 2.8932e-07 8.9991e-07
threshold=3.0012133121490483 3.00477147102356 91.937500000000014 91.562500000000014 0.075000001117587103 4.5000000000000009 0.17500000447034839 0.15477494895458224 2.3750000000000004 99.062500000000014 6.3878748416900644 32.312500000000007 3.7715406417846684 89.937500000000014
decision_type=2 2 2 2 2 2 2 2 2 2 2 2 2 2
left_child=5 2 3 -2 -5 -1 -7 8 -8 10 -4 -9 -3 -14
right_child=1 12 9 4 -6 6 7 11 -10 -11 -12 -13 13 -15
leaf_value=-0.083167681289856313 -0.08004210737986367 -0.080003017313800273 -0.080836998040839103 0.09711613808081894 0.080498356761455406 -0.080003465850990829 -0.080000301341195665 -0.080238163607992519 -0.081017434799151009 -0.080086278802421806 -0.084233651642272755 -0.080022061835974392 -0.08036499919936077 -0.08002055458410319
leaf_weight=0.46762522621860014 0.18191904092896649 3.9841127504251914 0.074690607862975322 0.95937124046031286 37.905435916021816 94.93553109557071 1.9946870282312819 0.11007737773570658 3.1958041130312722 0.31919180167096783 0.062391717121499823 2.2787474569270216 0.092611759540602745 0.41911026290889919
leaf_count=1251 15042 559053 331 25 572220 9179928 564463 1987 466312 2969 30 186587 2392 46041
internal_value=-0.0374903 0.0621234 0.0782998 0.0801587 0.0809086 -0.0800499 -0.0800357 -0.0804392 -0.0806266 -0.0807763 -0.082383 -0.080032 -0.0800121 -0.0800829
internal_weight=146.981 43.9988 39.503 39.0467 38.8648 102.982 102.515 7.57932 5.19049 0.456274 0.137082 2.38882 4.49583 0.511722
internal_count=11598631 1198103 590617 587287 572245 10400528 10399277 1219349 1030775 3330 361 188574 607486 48433
is_linear=0
shrinkage=0.1


Tree=329
num_leaves=15
num_cat=0
split_feature=2 2 5 5 3 4 5 1 0 2 3 1 5 3
split_gain=36.6358 68.5426 12.9897 8.16632 2.69308 0.00194958 0.000733026 0.000529557 0.000403571 4.67834e-05 9.99776e-05 3.02857e-05 1.66128e-05 7.82947e-05
threshold=2.4528195858001713 2.3278195858001713 2.0556275844573979 2.0587884187698369 67.062500000000014 9.9144968986511248 1.6071687340736391 4.5000000000000009 0.17500000447034839 2.0778195858001713 66.062500000000014 6.5000000000000009 0.87155479192733776 65.562500000000014
decision_type=2 2 2 2 2 2 2 2 2 2 2 2 2 2
left_child=1 7 5 4 -4 6 -3 -1 -5 11 -11 -9 13 -2
right_child=12 2 3 8 -6 -7 -8 9 -10 10 -12 -13 -14 -15
leaf_value=-0.083477513345123766 -0.080001532557172614 -0.080369968301804817 0.088465398342352064 -0.080141700750440151 -0.080095010540890577 -0.092873364836965122 -0.082763018794224499 -0.08114023989175298 -0.084156660456431887 -0.081095242185461047 -0.080005765786800465 -0.080018310021752442 -0.080027091894445637 -0.083942638902811728
leaf_weight=0.45621178484884595 0.27040003582917549 2.5835964650545966 76.486294737205753 2.7725264430196144 0.95973916545335569 0.15686385091248656 2.5368964371671154 0.24196873368896277 0.27520668725628628 1.3144490780813378 2.3449414176319578 42.709259910522405 54.889934202639544 0.06195770423914837
leaf_count=1141 26672 87500 528215 102501 1745 44 16091 28658 124 122302 593169 5779890 4310474 105
internal_value=-0.0115759 0.0168818 0.0700934 0.0800579 0.0863765 -0.081892 -0.0815556 -0.0800871 -0.0805042 -0.0800539 -0.0803971 -0.0800246 -0.0800314 -0.0807362
internal_weight=188.06 132.838 85.7711 80.4938 77.446 5.27736 5.12049 47.0668 3.04773 46.6106 3.65939 42.9512 55.2223 0.332358
internal_count=11598631 7261380 736220 632585 529960 103635 103591 6525160 102625 6524019 715471 5808548 4337251 26777
is_linear=0
shrinkage=0.1


Tree=330
num_leaves=15
num_cat=0
split_feature=2 0 1 4 1 1 0 5 4 0 2 0 5 3
split_gain=61.8164 14.4382 0.692965 0.485051 0.369757 0.000345599 8.45105e-05 0.000115622 0.000300158 7.14529e-05 1.07763e-05 2.07736e-06 2.3366e-07 6.32299e-07
threshold=1.0000000180025095e-35 0.17500000447034839 12.500000000000002 -0.51500990986824025 19.500000000000004 4.5000000000000009 0.17500000447034839 1.8093436360359194 -0.51500990986824025 0.12500000372529033 2.0778195858001713 0.12500000372529033 3.7715406417846684 89.937500000000014
decision_type=2 2 2 2 2 2 2 2 2 2 2 2 2 2
left_child=1 2 11 4 -4 -2 12 8 -8 -5 -9 -1 -7 -14
right_child=5 -3 3 9 -6 6 7 10 -10 -11 -12 -13 13 -15
leaf_value=-0.080000742760576837 -0.082894934576150325 0.080003115940495487 0.0043510667326719099 -0.080106650439310714 0.0098868552024398513 -0.080003394107926173 -0.082436433501272763 -0.080488205422329845 -0.080088245677604086 -0.082478601948805907 -0.080005908298633729 -0.08037087968708008 -0.080327394667866647 -0.0800207501799199
leaf_weight=0.75915612558685452 0.42352853118204237 26.861724881011469 567.43210603541957 0.47969583635858626 153.24418021738529 81.669491529005697 0.85241460343604591 0.52832445928652294 1.5062695809742752 0.17273320071399212 3.762704541490848 0.18947533704340458 0.081515638090339126 0.3840728013913095
leaf_count=73081 249 565456 302198 586 59504 9322676 316 175 66963 6 1158956 33 2392 46040
internal_value=-0.00135537 0.0080151 0.00533784 0.00545017 0.00552819 -0.0800452 -0.0800316 -0.0803744 -0.0809369 -0.0807346 -0.0800653 -0.0800747 -0.0800038 -0.0800744
internal_weight=838.347 749.139 722.277 721.329 720.676 89.2083 88.7848 6.64971 2.35868 0.652429 4.29103 0.948631 82.1351 0.465588
internal_count=11598631 1000864 435408 362294 361702 10597767 10597518 1226410 67279 592 1159131 73114 9371108 48432
is_linear=0
shrinkage=0.1


Tree=331
num_leaves=15
num_cat=0
split_feature=1 2 5 5 5 3 3 3 4 4 1 5 1 4
split_gain=40.6492 36.106 32.4863 33.6878 123.606 87.8952 17.9201 17.1377 5.45985 11.676 10.3536 26.8161 5.76082 4.18292
threshold=13.500000000000002 2.0778195858001713 3.0405635833740239 2.0347924232482915 2.0587884187698369 58.062500000000007 88.812500000000014 87.062500000000014 4.5698873996734628 4.6655707359313974 12.500000000000002 2.6292189359664921 12.500000000000002 0.7972216308116914
decision_type=2 2 2 2 2 2 2 2 2 2 2 2 2 2
left_child=8 -2 3 5 -5 -3 7 -4 -1 10 -10 -12 -11 -8
right_child=1 2 6 4 -6 -7 13 -9 9 12 11 -13 -14 -15
leaf_value=-0.085168912142978781 -0.079880746930575341 -0.02147860564712472 0.075298409226258703 -0.073982984402989407 0.0020637543669280874 0.054199246349445222 0.20939975029125069 -0.052026330917070068 -0.036068671461189611 -0.079386456986351897 0.26874216449457694 2.304283435424558 -0.0084217849737897674 0.085906837226193147
leaf_weight=52.014367339002547 53.696968256797845 258.47375162531932 19.834693843190649 221.9181319038471 5797.6073941120158 377.78511058417155 2.8746239631844608 22.635050037763904 0.33413108708009431 23.076805942030205 0.2837352940805431 0.083844395623600576 22.683807024441194 59.813636762632086
leaf_count=2684985 4333497 1110868 26672 972880 1861239 234213 971 54231 1035 60259 383 66 47756 209576
internal_value=0.000873983 0.00179578 0.00244447 0.00157317 -0.000739814 0.0234559 0.0575919 0.00743829 -0.0629147 -0.0380012 0.36682 0.733046 -0.0442088 0.0915697
internal_weight=6913.12 6814.64 6760.94 6655.78 6019.53 636.259 105.158 42.4697 98.4767 46.4623 0.701711 0.36758 45.7606 62.6883
internal_count=11598631 8804147 4470650 4179200 2834119 1345081 291450 80903 2794484 109499 1484 449 108015 210547
is_linear=0
shrinkage=0.1


Tree=332
num_leaves=15
num_cat=0
split_feature=1 0 1 3 5 3 3 5 5 2 4 3 5 4
split_gain=25.2266 23.0231 30.3597 18.1472 18.6374 15.9456 15.6979 91.3412 57.5603 81.1876 45.5971 15.1712 15.4804 14.5033
threshold=19.500000000000004 0.17500000447034839 12.500000000000002 130.31250000000003 2.8991454839706425 132.68750000000003 128.31250000000003 2.7186124324798588 2.7235324382781987 2.8750000000000004 5.8137736320495614 160.68750000000003 2.4021030664443974 4.7339162826538095
decision_type=2 2 2 2 2 2 2 2 2 2 2 2 2 2
left_child=1 2 -1 6 -5 -6 8 -8 10 -10 -2 12 -4 -9
right_child=3 -3 11 4 5 -7 7 13 9 -11 -12 -13 -14 -15
leaf_value=0.073495089628039245 0.0070331705451454913 -0.045503789229120073 -0.0014591586434678911 -0.055545433649398637 0.067476967905809676 -0.038925903935638724 -0.09241662455027605 0.036548292819608967 0.0028495251750695403 -0.07717086865959151 -0.024717929089894525 -0.08826050091597612 0.010687706216524652 0.10563080483036316
leaf_weight=66.103663834524014 2041.3295699459991 87.716376605907499 1809.2862086934138 138.26372052001852 27.342617420697934 29.046061768258369 47.402392801530368 60.517916843731655 255.86657678865595 251.3374722687995 581.03123191714258 17.295641908669495 2497.4093575626757 61.04466314696765
leaf_count=1033883 1796238 1791896 4213862 32535 5385 80235 2614 474 273375 57749 63777 19998 2221481 5129
internal_value=0.000255159 0.00522396 0.00623752 -0.0061142 -0.0357846 0.0126684 -0.00436329 0.0253263 -0.00596623 -0.0368034 -1.85702e-06 0.00520931 0.00558469 0.0712392
internal_weight=7970.99 4477.81 4390.09 3493.18 194.652 56.3887 3298.53 168.965 3129.56 507.204 2622.36 4323.99 4306.7 121.563
internal_count=11598631 9281120 7489224 2317511 118155 85620 2199356 8217 2191139 331124 1860015 6455341 6435343 5603
is_linear=0
shrinkage=0.1


Tree=333
num_leaves=15
num_cat=0
split_feature=5 5 3 3 0 1 0 0 1 3 3 4 0 4
split_gain=57.2802 9.05483 1.06778 0.415266 0.0204099 0.000369171 0.000118009 0.000105875 0.000118924 4.55684e-05 3.88873e-05 3.01172e-05 5.27354e-06 6.74297e-07
threshold=3.0012133121490483 3.00477147102356 91.937500000000014 91.562500000000014 0.075000001117587103 4.5000000000000009 0.22500000149011615 0.27500000596046453 14.500000000000002 42.187500000000007 99.062500000000014 6.3878748416900644 0.17500000447034839 -0.51500990986824025
decision_type=2 2 2 2 2 2 2 2 2 2 2 2 2 2
left_child=5 2 3 -2 -5 -1 12 8 -8 -9 11 -4 -7 -14
right_child=1 -3 10 4 -6 6 7 9 -10 -11 -12 -13 13 -15
leaf_value=-0.082947988039551224 -0.080035841757250981 -0.080011248660216458 -0.080768033760918345 0.09569717380718408 0.080472633545319486 -0.080003233451213684 -0.083236269017996314 -0.080014143912875979 -0.080194212363866729 -0.080618899080110953 -0.080080005448707137 -0.083873221120982472 -0.08026818939920452 -0.080108724547098095
leaf_weight=0.43687788054465571 0.16114029495042714 4.0137956118732765 0.068557278074421357 0.90342562738805909 34.772346623325575 86.791453960789738 0.28071334345099686 2.3008100934987397 0.23701234301893237 2.7176636404967667 0.29158651238230959 0.057375106944164145 0.79447950310077431 0.39800911563770458
leaf_count=1251 15042 607486 331 25 572220 9179928 8503 604214 45255 541070 2969 30 16314 3993
internal_value=-0.0372815 0.0625042 0.0782823 0.0801347 0.0808582 -0.0800478 -0.0800343 -0.0804821 -0.0818436 -0.0803416 -0.0807142 -0.0821828 -0.0800061 -0.080215
internal_weight=134.225 40.2682 36.2544 35.8369 35.6758 93.957 93.5201 5.5362 0.517726 5.01847 0.417519 0.125932 87.9839 1.19249
internal_count=11598631 1198103 590617 587287 572245 10400528 10399277 1199042 53758 1145284 3330 361 9200235 20307
is_linear=0
shrinkage=0.1


Tree=334
num_leaves=15
num_cat=0
split_feature=2 2 5 5 3 4 5 1 0 2 4 1 5 3
split_gain=33.7371 62.4383 11.9941 7.35021 2.48084 0.00150737 0.000580202 0.000427407 0.000265561 3.88183e-05 7.83395e-05 2.57866e-05 1.18819e-05 5.72942e-05
threshold=2.4528195858001713 2.3278195858001713 2.0556275844573979 2.0587884187698369 67.062500000000014 9.9144968986511248 1.6071687340736391 4.5000000000000009 0.12500000372529033 2.0778195858001713 -0.21429017931222913 6.5000000000000009 0.87155479192733776 65.562500000000014
decision_type=2 2 2 2 2 2 2 2 2 2 2 2 2 2
left_child=1 7 5 4 -4 6 -3 -1 -5 11 -11 -9 13 -2
right_child=12 2 3 8 -6 -7 -8 9 -10 10 -12 -13 -14 -15
leaf_value=-0.083233637531275662 -0.080001360590753454 -0.080350337951653111 0.088261397391479951 -0.080063848188626788 -0.080087837549921437 -0.091744528181001136 -0.082562891719086845 -0.081109583383368739 -0.083027400028540727 -0.08000024014169016 -0.08101298843781686 -0.080017276835316412 -0.080025113000794568 -0.083547668962088595
leaf_weight=0.42619498998763461 0.24826062306533359 2.3890460513532608 70.414947793426109 2.404299270400315 0.88635638856794585 0.14657502916088549 2.3520458374057398 0.2173334476490244 0.34586764088180633 2.020293934802567 1.2280917541571614 38.858889187561545 50.114642213113399 0.055796181796154087
leaf_count=1141 26672 87500 528215 102193 1745 44 16091 28658 432 619780 95691 5779890 4310474 105
internal_value=-0.0112454 0.017253 0.0699668 0.0799811 0.0861686 -0.0817568 -0.081448 -0.0800827 -0.0804366 -0.080051 -0.0803831 -0.0800234 -0.0800289 -0.0806521
internal_weight=172.109 121.69 78.9391 74.0515 71.3013 4.88767 4.74109 42.7508 2.75017 42.3246 3.24839 39.0762 50.4187 0.304057
internal_count=11598631 7261380 736220 632585 529960 103635 103591 6525160 102625 6524019 715471 5808548 4337251 26777
is_linear=0
shrinkage=0.1


Tree=335
num_leaves=15
num_cat=0
split_feature=2 0 1 4 1 1 0 3 4 0 2 0 0 4
split_gain=56.1812 12.8509 0.588481 0.445632 0.401898 0.000313723 8.29393e-05 0.000134722 0.000530522 5.65097e-05 3.62177e-05 4.44835e-06 1.31081e-06 5.24102e-07
threshold=-1.0000000180025095e-35 0.17500000447034839 12.500000000000002 -0.51500990986824025 19.500000000000004 4.5000000000000009 0.22500000149011615 46.562500000000007 -0.51500990986824025 0.12500000372529033 2.2028195858001713 0.17500000447034839 0.12500000372529033 -0.51500990986824025
decision_type=2 2 2 2 2 2 2 2 2 2 2 2 2 2
left_child=1 2 12 4 -4 -2 11 8 -8 -5 -9 -7 -1 -13
right_child=5 -3 3 9 -6 6 7 10 -10 -11 -12 13 -14 -15
leaf_value=-0.080000640027483541 -0.082802876457022764 0.080002729866863007 0.0038681445326863833 -0.080098328767870888 0.0096304504966457632 -0.080003523586718042 -0.084054218804916647 -0.082933998675193937 -0.080098584221112865 -0.082288613804974486 -0.080000297039478196 -0.080250422826397952 -0.08031799095368683 -0.080108425520041937
leaf_weight=0.65113542593280627 0.41071713741115345 23.538866617425811 569.84829678638198 0.44625870732124795 153.68095260113478 75.225625330543664 0.45902791615390026 0.042657386511564588 1.297272082767448 0.16003637295216322 3.1160424973811587 0.75533015433143191 0.16267098067328334 0.3963106321507428
leaf_count=73081 249 565456 302198 586 59504 9371108 120 1 66260 6 1135535 20117 33 4377
internal_value=-0.00130889 0.00728585 0.00492476 0.00502027 0.00509208 -0.0800461 -0.0800321 -0.0804303 -0.0811324 -0.0806765 -0.0800399 -0.0800065 -0.0800641 -0.0802016
internal_weight=830.191 748.488 724.949 724.136 723.529 81.703 81.2923 4.915 1.7563 0.606295 3.1587 76.3773 0.813806 1.15164
internal_count=11598631 1000864 435408 362294 361702 10597767 10597518 1201916 66380 592 1135536 9395602 73114 24494
is_linear=0
shrinkage=0.1


Tree=336
num_leaves=15
num_cat=0
split_feature=0 4 3 2 4 4 2 3 3 4 5 2 5 5
split_gain=37.9903 35.2898 102.991 202.045 80.4213 74.3402 81.7011 161.522 64.74 58.4132 49.544 39.6216 49.3363 31.7507
threshold=0.075000001117587103 4.8159308433532724 107.93750000000001 2.8750000000000004 0.78355255722999584 5.8137736320495614 2.8750000000000004 105.93750000000001 74.812500000000014 4.3785204887390146 1.5162785649299624 2.8750000000000004 2.8991454839706425 2.0721787214279179
decision_type=2 2 2 2 2 2 2 2 2 2 2 2 2 2
left_child=1 2 3 8 -5 6 10 -8 -1 -4 -3 12 -7 -13
right_child=-2 5 9 4 -6 11 7 -9 -10 -11 -12 13 -14 -15
leaf_value=-0.063782304876911236 -0.02840432418837301 0.23813449521124952 0.0076734513637432894 -0.0096166638521181513 0.087493331232326388 0.008143298755635733 -0.091513703355216081 -0.009562043709218683 0.01261884604927151 -0.030720992026915691 0.0074687180910062408 -0.023091880463463041 -0.052187014311569205 0.040609729468220446
leaf_weight=168.27881025043871 417.61102914041294 9.4612666115863231 1352.3100697473806 101.57044960942221 531.68882796121397 902.03166285414045 346.03193079394987 788.58238612926652 325.33541456787043 560.48928072170384 588.67380147145013 92.103878273879673 159.5197833613056 519.96643747139751
leaf_count=4423194 5500236 180 29132 138037 9392 25798 5574 20560 1030135 7124 27014 38079 24146 320030
internal_value=0.000825043 0.00271869 0.0105514 0.0345333 0.0719176 -0.0042708 -0.0187895 -0.0345555 -0.0134272 -0.0035769 0.0111174 0.0107608 -0.000922563 0.031024
internal_weight=6863.66 6446.04 3039.67 1126.87 633.259 3406.37 1732.75 1134.61 493.614 1912.8 598.135 1673.62 1061.55 612.07
internal_count=11598631 6098395 5637014 5600758 147429 461381 53328 26134 5453329 36256 27194 408053 49944 358109
is_linear=0
shrinkage=0.1


Tree=337
num_leaves=15
num_cat=0
split_feature=5 3 2 3 5 3 3 4 2 3 5 5 3 4
split_gain=21.5989 138.076 240.827 117.565 81.4282 73.323 69.1048 56.8579 55.8498 49.8565 47.958 59.1331 30.9742 26.6657
threshold=2.7235324382781987 126.43750000000001 2.8750000000000004 107.93750000000001 2.7186124324798588 135.31250000000003 128.31250000000003 7.4130558967590341 2.8750000000000004 124.68750000000001 2.6430133581161503 2.6878424882888798 79.062500000000014 6.2101769447326669
decision_type=2 2 2 2 2 2 2 2 2 2 2 2 2 2
left_child=4 2 3 12 6 7 10 -3 13 -4 -1 -12 -2 -8
right_child=1 5 9 -5 -6 -7 8 -9 -10 -11 11 -13 -14 -15
leaf_value=-0.0006004614364716874 0.061551330392395846 0.048941091767173768 -0.1162247213778545 -0.10812133602594008 0.080562631807415519 -0.054732529498321747 -0.031111193302675529 -0.071169404208121442 -0.081892624327248642 -0.017255961925215894 0.03979494124497434 -0.010197056979148304 0.006995504388279449 0.059149568112332823
leaf_weight=4832.8603415730768 152.65461118816722 502.14996147360944 296.61726676259866 77.857696853970992 131.96237794460285 97.286153178465611 87.034381357312668 42.76877937905374 175.92545455976779 61.445119639698532 700.43934347068625 357.30587235532403 326.97318941088633 52.458608023371198
leaf_count=8629178 958645 15268 85562 6288 651249 143378 1183 28816 38802 7282 134700 138522 755895 3863
internal_value=0.000238857 -0.010311 -0.0352458 0.0058573 0.0028318 0.0252368 0.00117897 0.039514 -0.044423 -0.0992412 0.00362077 0.0229077 0.0243594 0.00283283
internal_weight=7895.74 1557.75 915.548 557.485 6337.99 642.205 6206.02 544.919 315.418 358.062 5890.61 1057.75 479.628 139.493
internal_count=11598631 2001134 1813672 1720828 9597497 187462 8946248 44084 43848 92844 8902400 273222 1714540 5046
is_linear=0
shrinkage=0.1


Tree=338
num_leaves=15
num_cat=0
split_feature=5 5 3 3 0 1 0 0 1 3 3 4 0 4
split_gain=51.4636 8.11164 0.97353 0.379955 0.0173696 0.000335309 0.00011726 9.61322e-05 0.000105153 4.42812e-05 2.96083e-05 2.28085e-05 4.78478e-06 6.19175e-07
threshold=3.0012133121490483 3.00477147102356 91.937500000000014 91.562500000000014 0.075000001117587103 4.5000000000000009 0.22500000149011615 0.27500000596046453 14.500000000000002 42.187500000000007 99.062500000000014 6.3878748416900644 0.17500000447034839 -0.51500990986824025
decision_type=2 2 2 2 2 2 2 2 2 2 2 2 2 2
left_child=5 2 3 -2 -5 -1 12 8 -8 -9 11 -4 -7 -14
right_child=1 -3 10 4 -6 6 7 9 -10 -11 -12 -13 13 -15
leaf_value=-0.08285653016446605 -0.080035387147138121 -0.080010708324501495 -0.080702093751159942 0.094883338294699818 0.080473333312310158 -0.080002999290503654 -0.083159245747680466 -0.080014966291885523 -0.080199289672760243 -0.080645041300187625 -0.080072094238833019 -0.083524910206801334 -0.080260857201857896 -0.080105183189876847
leaf_weight=0.42326899745466917 0.1474477439201064 3.6000273209735729 0.062711040998691625 0.85971281339880334 30.967931669150857 79.580725849755225 0.26962395308714704 2.0295963851542638 0.21630236467012764 2.4763355507502638 0.26575251787380694 0.052660566083432059 0.76278071835599803 0.38417414629634439
leaf_count=1251 15042 607486 331 25 572220 9179928 8503 604214 45255 541070 2969 30 16314 3993
internal_value=-0.0381047 0.0623837 0.0782269 0.0801206 0.0808626 -0.0800489 -0.080035 -0.0805053 -0.0818417 -0.0803612 -0.0806528 -0.0819905 -0.0800059 -0.0802087
internal_weight=122.099 35.9562 32.3562 31.9751 31.8276 86.1428 85.7195 4.99186 0.485926 4.50593 0.381124 0.115372 80.7277 1.14695
internal_count=11598631 1198103 590617 587287 572245 10400528 10399277 1199042 53758 1145284 3330 361 9200235 20307
is_linear=0
shrinkage=0.1


Tree=339
num_leaves=15
num_cat=0
split_feature=2 2 5 5 3 4 5 1 0 2 4 1 5 3
split_gain=30.7287 56.7798 11.1493 6.73521 2.27666 0.0011677 0.00046556 0.00038791 0.00023594 3.20355e-05 6.21795e-05 2.4888e-05 7.70444e-06 3.89233e-05
threshold=2.4528195858001713 2.3278195858001713 2.0556275844573979 2.0587884187698369 67.062500000000014 9.9144968986511248 1.6071687340736391 4.5000000000000009 0.17500000447034839 2.0778195858001713 -0.21429017931222913 6.5000000000000009 0.87155479192733776 65.562500000000014
decision_type=2 2 2 2 2 2 2 2 2 2 2 2 2 2
left_child=1 7 5 4 -4 6 -3 -1 -5 11 -11 -9 13 -2
right_child=12 2 3 8 -6 -7 -8 9 -10 10 -12 -13 -14 -15
leaf_value=-0.083130963572088587 -0.080001260627636961 -0.080345736803679763 0.088208824485327297 -0.080115975834978537 -0.080081188809872819 -0.09073480366700791 -0.082397118873346192 -0.081135669772744362 -0.083452967095613978 -0.080000215797046817 -0.080952740897293082 -0.080017569894997545 -0.0800229864253722 -0.083100332019431247
leaf_weight=0.41293815976879855 0.22828699693468379 2.2476802576645687 64.140823100937268 2.2896806555445433 0.81406628836702921 0.13683812199815282 2.1786915096004122 0.20020099300427219 0.23348715651081864 1.7641287874114655 1.120677147363266 35.563640271265513 45.939722634470002 0.04927477926719348
leaf_count=1141 26672 87500 528215 102501 1745 44 16091 28658 124 619780 95691 5779890 4310474 105
internal_value=-0.0115026 0.0170023 0.0696426 0.0798729 0.0860997 -0.0816367 -0.0813554 -0.0800823 -0.0804248 -0.0800497 -0.0803702 -0.0800238 -0.0800262 -0.0805514
internal_weight=157.32 111.103 72.0413 67.4781 64.9549 4.56321 4.42637 39.0616 2.52317 38.6486 2.88481 35.7638 46.2173 0.277562
internal_count=11598631 7261380 736220 632585 529960 103635 103591 6525160 102625 6524019 715471 5808548 4337251 26777
is_linear=0
shrinkage=0.1


Tree=340
num_leaves=15
num_cat=0
split_feature=3 0 1 4 0 1 0 3 4 0 2 0 0 4
split_gain=50.945 11.909 0.537556 0.406815 0.343748 0.000251638 7.10461e-05 0.000106592 0.000428115 4.44974e-05 2.90391e-05 3.46366e-06 1.03259e-06 4.29031e-07
threshold=1.0000000180025095e-35 0.17500000447034839 12.500000000000002 -0.51500990986824025 0.12500000372529033 4.5000000000000009 0.22500000149011615 46.562500000000007 -0.51500990986824025 0.12500000372529033 2.2028195858001713 0.17500000447034839 0.12500000372529033 -0.51500990986824025
decision_type=2 2 2 2 2 2 2 2 2 2 2 2 2 2
left_child=1 2 12 4 -4 -2 11 8 -8 -5 -9 -7 -1 -13
right_child=5 -3 3 9 -6 6 7 10 -10 -11 -12 13 -14 -15
leaf_value=-0.080000591044130348 -0.082600653331505916 0.080002500238343932 0.0039645685806256664 -0.080090826673065454 0.011905694580122049 -0.080003287345586288 -0.083770747341057591 -0.082722070682137383 -0.080091785438807989 -0.082111580991608035 -0.080000273949933365 -0.080232009041170338 -0.080293628508738363 -0.080097515607850223
leaf_weight=0.6014359909331678 0.38290244998634548 21.484221027589228 667.61347147826018 0.41223253859789011 59.356296747922897 68.777937248103711 0.42968171715438086 0.039779182523489331 1.1987880040894638 0.1481260983273387 2.6864673814950493 0.69304839755409375 0.15029891859740019 0.36059092454297459
leaf_count=73081 249 565456 361331 586 371 9371108 120 1 66260 6 1135535 20117 33 4377
internal_value=-0.00121539 0.00662461 0.00445997 0.0045473 0.00461295 -0.0800437 -0.0800305 -0.0804224 -0.0810625 -0.080625 -0.08004 -0.080006 -0.0800592 -0.080186
internal_weight=824.335 749.766 728.282 727.53 726.97 74.5692 74.1863 4.35472 1.62847 0.560359 2.72625 69.8316 0.751735 1.05364
internal_count=11598631 1000864 435408 362294 361702 10597767 10597518 1201916 66380 592 1135536 9395602 73114 24494
is_linear=0
shrinkage=0.1


Tree=341
num_leaves=15
num_cat=0
split_feature=2 5 1 4 4 5 3 4 4 4 4 3 2 3
split_gain=35.73 32.0311 29.8571 28.1774 64.7566 49.7004 15.5338 24.2298 12.0328 6.57708 5.34518 0.412633 0.181761 0.128136
threshold=2.0778195858001713 0.82109650969505321 14.500000000000002 -0.51500990986824025 1.234632194042206 0.85689011216163646 107.93750000000001 6.4972276687622079 9.1080212593078631 6.3878748416900644 5.6497445106506357 35.687500000000007 2.6250000000000004 48.812500000000007
decision_type=2 2 2 2 2 2 2 2 2 2 2 2 2 2
left_child=-1 9 6 5 -5 -4 8 -8 -3 10 12 -11 -2 -13
right_child=1 2 3 4 -6 -7 7 -9 -10 11 -12 13 -14 -15
leaf_value=-0.079827010685213112 -0.080131970913736916 -0.073327074106481635 5.1401456010622386 -0.075888276351393114 0.0025681386545764722 0.045626739126187747 0.033504736467723083 -0.077906835748982203 0.083589023453720282 0.17054443859202156 0.42220274974038774 0.12489667767115278 0.1457164434017115 0.10019967283826339
leaf_weight=54.565680031677402 0.036779456148905765 94.81635417900452 0.019151913007418808 106.98548031354494 6313.49537866214 141.86547593915947 53.724808184881113 30.660740081162658 5.1524295837516538 1.5198886049911369 1.5215263016289098 4.7535294254776073 1.144409693777561 3.7644895781559171
leaf_count=5809680 1145 1847154 1 2002036 924910 1003298 8995 887 173 16 32 86 18 200
internal_value=0.000768448 0.00141905 0.00111991 0.00223491 0.00126081 0.0463144 -0.0385701 -0.00697567 -0.0652396 0.159828 0.298294 0.122546 0.138684 0.113982
internal_weight=6814.03 6759.46 6746.72 6562.37 6420.48 141.885 184.354 84.3855 99.9688 12.7406 2.70272 10.0379 1.18119 8.51802
internal_count=11598631 5788951 5787454 3930245 2926946 1003299 1857209 9882 1847327 1497 1195 302 1163 286
is_linear=0
shrinkage=0.1


Tree=342
num_leaves=15
num_cat=0
split_feature=3 1 0 1 3 4 4 2 4 5 5 3 4 1
split_gain=19.8095 19.8425 16.6813 24.54 15.394 12.5992 25.2151 26.3606 24.7649 18.0578 17.8303 10.9775 11.6013 5.69624
threshold=160.68750000000003 19.500000000000004 0.17500000447034839 13.500000000000002 120.81250000000001 1.5353519320487978 2.4921875000000004 2.8750000000000004 -0.51500990986824025 1.4445886611938479 2.4264835119247441 110.18750000000001 -0.51500990986824025 11.500000000000002
decision_type=2 2 2 2 2 2 2 2 2 2 2 2 2 2
left_child=1 2 3 13 -5 8 7 -7 10 -8 -3 12 -4 -1
right_child=-2 5 11 4 -6 6 9 -9 -10 -11 -12 -13 -14 -15
leaf_value=0.08645323197431562 -0.081775063791256833 0.008596667905263573 -0.060769558175428964 0.0010712442346355975 0.015116478201420298 0.031701909583233628 -0.054401255852865142 -0.13823550694712128 0.067563107832519231 -0.0048404712232532794 -0.077847515778219592 -0.3266009142081519 0.030300510145408251 0.037230868574940373
leaf_weight=33.551839024523815 29.363442274961926 219.65235555998561 53.466358301262517 3147.4220451478486 1037.6191011557776 13.401634673718943 75.368076310660399 28.624802778926096 67.521919660383446 2993.2190805812061 26.768772971055114 1.3324569126998529 18.944245444607077 78.558328185154551
leaf_count=709032 46613 745529 1533497 5795189 105872 68793 15649 730 961481 289083 209637 18 258378 859130
internal_value=0.000206567 0.000515371 0.00498113 0.00579041 0.00455355 -0.00518445 -0.0071114 -0.0840449 0.0139082 -0.00605774 -0.00079378 -0.0421774 -0.0369436 0.0519619
internal_weight=7824.81 7795.45 4370.89 4297.15 4185.04 3424.56 3110.61 42.0264 313.943 3068.59 246.421 73.7431 72.4106 112.11
internal_count=11598631 11552018 9261116 7469223 5901061 2290902 374255 69523 1916647 304732 955166 1791893 1791875 1568162
is_linear=0
shrinkage=0.1


Tree=343
num_leaves=15
num_cat=0
split_feature=5 5 3 3 0 1 0 0 1 3 3 4 0 4
split_gain=47.4212 7.30672 0.891431 0.337799 0.0137599 0.000269 0.000101333 7.74851e-05 8.32167e-05 3.77509e-05 2.27835e-05 1.75285e-05 3.73554e-06 5.05704e-07
threshold=3.0012133121490483 3.00477147102356 91.937500000000014 91.562500000000014 0.075000001117587103 4.5000000000000009 0.22500000149011615 0.27500000596046453 14.500000000000002 42.187500000000007 99.062500000000014 6.3878748416900644 0.17500000447034839 -0.51500990986824025
decision_type=2 2 2 2 2 2 2 2 2 2 2 2 2 2
left_child=5 2 3 -2 -5 -1 12 8 -8 -9 11 -4 -7 -14
right_child=1 -3 10 4 -6 6 7 9 -10 -11 -12 -13 13 -15
leaf_value=-0.082651485876750641 -0.080030283850300865 -0.080010010703651782 -0.080643832269164828 0.09368047143308722 0.08044704204051556 -0.0800027971445023 -0.082955598636227298 -0.08001467637282425 -0.080191868478177677 -0.080634374926215696 -0.08006651083561378 -0.083224274479004032 -0.08024169344051503 -0.080094476204274886
leaf_weight=0.39439864513813816 0.13115894872681266 3.2357332445025824 0.057618913210716438 0.80799873941578226 28.503187213384081 72.887742391113832 0.25026679250004136 1.7714256203830703 0.19294028628235083 2.2087343955042797 0.24321805401268648 0.04846750682554557 0.70107698056847312 0.34973442910882002
leaf_count=1251 15042 607486 331 25 572220 9179928 8503 604214 45255 541070 2969 30 16314 3993
internal_value=-0.0378679 0.0627101 0.0782112 0.0800953 0.0808118 -0.0800464 -0.0800333 -0.0804982 -0.0817525 -0.0803586 -0.0805999 -0.0818228 -0.0800055 -0.0801927
internal_weight=111.784 33.0274 29.7916 29.4423 29.3112 78.7563 78.3619 4.42337 0.443207 3.98016 0.349304 0.106086 73.9386 1.05081
internal_count=11598631 1198103 590617 587287 572245 10400528 10399277 1199042 53758 1145284 3330 361 9200235 20307
is_linear=0
shrinkage=0.1


Tree=344
num_leaves=15
num_cat=0
split_feature=2 2 5 5 3 4 5 1 0 2 4 1 5 3
split_gain=28.3503 51.8038 10.29 6.07508 2.09696 0.000906757 0.00036831 0.000310771 0.000154777 2.64773e-05 4.90971e-05 2.09074e-05 6.70728e-06 3.29657e-05
threshold=2.4528195858001713 2.3278195858001713 2.0556275844573979 2.0587884187698369 67.062500000000014 9.9144968986511248 1.6071687340736391 4.5000000000000009 0.17500000447034839 2.0778195858001713 -0.21429017931222913 6.5000000000000009 0.87155479192733776 65.562500000000014
decision_type=2 2 2 2 2 2 2 2 2 2 2 2 2 2
left_child=1 7 5 4 -4 6 -3 -1 -5 11 -11 -9 13 -2
right_child=12 2 3 8 -6 -7 -8 9 -10 10 -12 -13 -14 -15
leaf_value=-0.0829043086019563 -0.080001163876830608 -0.080325340122174183 0.087973113609724776 -0.080108980242059813 -0.080075063164391835 -0.089818500475119883 -0.08222179527976313 -0.081096163603356974 -0.082987237981707554 -0.080000198336354911 -0.080893013258718463 -0.080016547493269835 -0.08002166890480357 -0.082937223609696908
leaf_weight=0.38478449505831136 0.2109345303572131 2.0782825995893282 59.144577356102673 2.0769759688163272 0.75198641856695658 0.12764393981342426 2.0188490069992895 0.18037302830202762 0.20529678883758595 1.5458945489453984 1.0238769309007683 32.414323083043769 42.055096185634106 0.046709526972790627
leaf_count=1141 26672 87500 528215 102501 1745 44 16091 28658 124 619780 95691 5779890 4310474 105
internal_value=-0.0112132 0.0173452 0.0695007 0.0797618 0.0858633 -0.0815184 -0.0812598 -0.0800778 -0.0803679 -0.0800469 -0.0803559 -0.0800225 -0.0800248 -0.0805335
internal_weight=144.266 101.953 66.4036 62.1788 59.8966 4.22478 4.09713 35.5493 2.28227 35.1645 2.56977 32.5947 42.3127 0.257644
internal_count=11598631 7261380 736220 632585 529960 103635 103591 6525160 102625 6524019 715471 5808548 4337251 26777
is_linear=0
shrinkage=0.1


Tree=345
num_leaves=15
num_cat=0
split_feature=2 0 1 1 0 4 1 0 3 4 2 0 0 4
split_gain=46.4276 10.3852 0.463778 0.42548 0.948649 0.0848594 0.000237366 7.2418e-05 0.00010332 0.000395705 2.15918e-05 3.19352e-06 6.38416e-07 4.40403e-07
threshold=-1.0000000180025095e-35 0.17500000447034839 12.500000000000002 19.500000000000004 0.075000001117587103 -0.51500990986824025 4.5000000000000009 0.22500000149011615 46.562500000000007 -0.51500990986824025 2.2028195858001713 0.17500000447034839 0.12500000372529033 -0.51500990986824025
decision_type=2 2 2 2 2 2 2 2 2 2 2 2 2 2
left_child=1 2 12 4 -4 -5 -2 11 9 -9 -10 -8 -1 -13
right_child=6 -3 3 5 -6 -7 7 8 10 -11 -12 13 -14 -15
leaf_value=-0.080000509631884126 -0.082551280876446587 0.080002165584789883 -0.0024337836505717533 0.0091296172404330359 0.0061185211421550655 -0.080024754493945818 -0.080003062439459691 -0.083696958910836658 -0.082461594902368582 -0.080082968464976229 -0.080000247687993187 -0.080229324826418577 -0.080249733143202287 -0.08008746179955234
leaf_weight=0.52273669234909803 0.37584321642171303 18.603186182026548 198.39911147530074 154.54129416868091 374.56376307475148 0.10683528566005307 62.859324472140059 0.42198103769624151 0.036200359463692044 1.0742303915187668 2.3046034679081231 0.67466835060758967 0.12794060446321964 0.3238868902935782
leaf_count=73081 249 565456 296385 59504 6118 287 9371108 120 1 66260 1135535 20117 33 4377
internal_value=-0.000983212 0.00622265 0.00433798 0.00441344 0.00315713 0.00906803 -0.0800451 -0.0800312 -0.0804532 -0.0811022 -0.0800383 -0.0800059 -0.0800495 -0.0801833
internal_weight=814.936 746.865 728.262 727.611 572.963 154.648 68.0707 67.6949 3.83702 1.49621 2.3408 63.8579 0.650677 0.998555
internal_count=11598631 1000864 435408 362294 302503 59791 10597767 10597518 1201916 66380 1135536 9395602 73114 24494
is_linear=0
shrinkage=0.1


Tree=346
num_leaves=15
num_cat=0
split_feature=2 5 3 5 3 2 4 3 4 5 3 5 4 3
split_gain=33.3234 51.5357 170.366 143.151 59.0841 219.888 102.244 37.839 28.0714 25.2188 71.8599 29.5345 24.7535 20.6012
threshold=2.6250000000000004 2.0556275844573979 72.812500000000014 2.0587884187698369 95.562500000000014 2.8750000000000004 8.8756470680236834 104.18750000000001 7.1806812286376962 1.3042299151420595 41.937500000000007 1.6071687340736391 5.2396721839904794 100.43750000000001
decision_type=2 2 2 2 2 2 2 2 2 2 2 2 2 2
left_child=12 2 9 7 5 -5 -6 8 -3 10 -2 -11 13 -1
right_child=1 3 -4 4 6 -7 -8 -9 -10 11 -12 -13 -14 -15
leaf_value=-0.070791713305647805 -0.05554502142158995 -0.07664207902496302 0.12130794620934947 -0.0016787460898036882 -0.0047370512910998421 0.12516299870561698 0.063598149096363618 -0.0063197068034067522 -0.17347772878550163 -0.052638719996628648 0.11178023557033878 0.014500861751358632 -0.0061732649085396996 0.011355579729291021
leaf_weight=146.39233323636108 46.201144752760399 64.813388945588486 153.10299171174569 573.55586212213666 4677.5590352289255 179.42592275599918 229.70395532414841 37.484267953110248 55.630813289841171 138.0702657174009 57.746421545387477 124.69007169060251 270.00322655385753 38.572393869106236
leaf_count=7485406 357247 760182 41559 1399008 355679 49711 177831 1021 452 526071 179345 156599 93258 15262
internal_value=0.000662437 0.00253899 0.0327072 -0.000156319 0.00246377 0.028546 -0.00153835 -0.0940618 -0.121369 -0.00428424 0.0374099 -0.0207784 -0.0254791 -0.0536608
internal_weight=6792.95 6337.98 519.811 5818.17 5660.24 752.982 4907.26 157.928 120.444 366.708 103.948 262.76 454.968 184.965
internal_count=11598631 4004705 1260821 2743884 1982229 1448719 533510 761655 760634 1219262 536592 682670 7593926 7500668
is_linear=0
shrinkage=0.1


Tree=347
num_leaves=15
num_cat=0
split_feature=5 3 2 3 5 5 5 5 3 5 4 4 3 4
split_gain=19.117 119.808 207.986 101.774 74.152 154.296 148.482 175.991 62.9809 59.663 75.0634 48.2308 46.7753 25.947
threshold=2.7235324382781987 126.43750000000001 2.8750000000000004 107.93750000000001 2.7036594152450566 2.6878424882888798 2.6789249181747441 2.6720094680786137 135.31250000000003 2.6948120594024663 4.8159308433532724 7.4130558967590341 124.68750000000001 -0.51500990986824025
decision_type=2 2 2 2 2 2 2 2 2 2 2 2 2 2
left_child=4 2 3 13 5 6 7 -1 11 10 -7 -3 -4 -2
right_child=1 8 12 -5 -6 9 -8 -9 -10 -11 -12 -13 -14 -15
leaf_value=0.0013472302435229865 -0.069831213952501373 0.044612670583782987 -0.11291162167995911 -0.10311125592117064 0.044253764034048487 -0.34817973340958941 0.09053851396962137 -0.15153083497046313 -0.053127670904579774 -0.019951915096913807 -0.11173124240896277 -0.070002914209693609 -0.016211119360429536 0.028119292378558952
leaf_weight=5481.3264323548619 28.82692402186791 502.64337051435723 276.30979042064371 75.472785890160594 401.04270934464694 17.314913644475382 184.06228212405495 76.349623862049157 92.276306775747798 45.021465027833074 59.782770684863863 39.607505912732449 61.079310731947771 437.29701410356353
leaf_count=8746910 837597 15268 85562 6288 734660 47474 17097 39969 143378 9008 2379 28816 7282 876943
internal_value=0.000216356 -0.00986987 -0.0337746 0.00461851 0.00265305 -0.000192119 0.00217356 -0.000752961 0.0232444 -0.11142 -0.164834 0.0362408 -0.0954054 0.0220617
internal_weight=7778.41 1513.51 878.986 541.597 6264.9 5863.86 5741.74 5557.68 634.527 122.119 77.0977 542.251 337.389 466.124
internal_count=11598631 2001134 1813672 1720828 9597497 8862837 8803976 8786879 187462 58861 49853 44084 92844 1714540
is_linear=0
shrinkage=0.1


Tree=348
num_leaves=15
num_cat=0
split_feature=5 5 3 3 0 1 0 0 1 3 3 4 0 4
split_gain=42.3124 6.72893 0.816171 0.306836 0.0113671 0.000253838 0.000104278 6.96547e-05 7.38941e-05 3.92803e-05 1.78385e-05 1.36389e-05 3.45493e-06 5.08719e-07
threshold=3.0012133121490483 3.00477147102356 91.937500000000014 91.562500000000014 0.075000001117587103 4.5000000000000009 0.22500000149011615 0.27500000596046453 14.500000000000002 42.187500000000007 99.062500000000014 6.3878748416900644 0.17500000447034839 -0.51500990986824025
decision_type=2 2 2 2 2 2 2 2 2 2 2 2 2 2
left_child=5 2 3 -2 -5 -1 12 8 -8 -9 11 -4 -7 -14
right_child=1 -3 10 4 -6 6 7 9 -10 -11 -12 -13 13 -15
leaf_value=-0.082603020828092413 -0.080027238759832545 -0.080009542681590773 -0.080595365875520603 0.092819935769879042 0.080440351444563268 -0.080002595019665571 -0.082910824889478194 -0.080013697320825916 -0.080177296814768539 -0.0806893974808226 -0.080060210437964033 -0.082964418739402565 -0.080238450746482753 -0.080084720790023711
leaf_weight=0.38680757498617779 0.1191655246566431 2.9939116020788701 0.053064987885590109 0.76407147274585696 25.34803764321623 66.579927050701983 0.23797514787952367 1.5332354460178979 0.16920812208479674 1.9603056647599713 0.22229449684209612 0.044832477598902187 0.68374664729458345 0.31416464283949963
leaf_count=1251 15042 607486 331 25 572220 9179928 8503 604214 45255 541070 2969 30 16314 3993
internal_value=-0.0386314 0.0621097 0.0781349 0.080072 0.0808026 -0.0800482 -0.0800344 -0.0805371 -0.0817749 -0.0803928 -0.0805555 -0.0816803 -0.0800054 -0.0801901
internal_weight=101.411 29.5454 26.5515 26.2313 26.1121 71.8654 71.4786 3.90072 0.407183 3.49354 0.320192 0.0978975 67.5778 0.997911
internal_count=11598631 1198103 590617 587287 572245 10400528 10399277 1199042 53758 1145284 3330 361 9200235 20307
is_linear=0
shrinkage=0.1


Tree=349
num_leaves=15
num_cat=0
split_feature=2 2 5 5 3 4 1 5 0 2 4 1 5 3
split_gain=26.016 47.3304 9.44066 5.55194 1.91048 0.000694912 0.000293299 0.000288973 0.000112005 2.15507e-05 3.86297e-05 2.0699e-05 5.25662e-06 2.57442e-05
threshold=2.4528195858001713 2.3278195858001713 2.0556275844573979 2.0587884187698369 67.062500000000014 9.9144968986511248 4.5000000000000009 1.6071687340736391 0.17500000447034839 2.0778195858001713 -0.21429017931222913 6.5000000000000009 0.87155479192733776 65.562500000000014
decision_type=2 2 2 2 2 2 2 2 2 2 2 2 2 2
left_child=1 6 5 4 -4 7 -1 -3 -5 11 -11 -8 13 -2
right_child=12 2 3 8 -6 -7 9 -9 -10 10 -12 -13 -14 -15
leaf_value=-0.082849570816802359 -0.080001069412089579 -0.080333713888334518 0.08807181479367554 -0.080094235987442364 -0.08006939967218131 -0.088969747523126586 -0.081138603873229839 -0.082088047669727979 -0.082670233713728725 -0.080000179897837725 -0.080837083071569782 -0.080016524951474974 -0.080020133545981531 -0.082706608837803175
leaf_weight=0.37741553340471412 0.19335512536279154 1.8980389462501532 54.102775327850395 1.8987544902328175 0.68431130257522355 0.11879908598712052 0.16531904983333134 1.8581051694794721 0.18525825911638083 1.3521926427596898 0.9314545183977988 29.573297655562897 38.459759277159556 0.042989373045656976
leaf_count=1141 26672 87500 528215 102501 1745 44 28658 16091 124 619780 95691 5779890 4310474 105
internal_value=-0.0111036 0.017528 0.0695876 0.0798779 0.0859717 -0.0814397 -0.0800782 -0.0812016 -0.0803232 -0.0800455 -0.0803415 -0.0800228 -0.080023 -0.0804932
internal_weight=131.842 93.1457 60.746 56.8711 54.7871 3.87494 32.3997 3.75614 2.08401 32.0223 2.28365 29.7386 38.6961 0.236344
internal_count=11598631 7261380 736220 632585 529960 103635 6525160 103591 102625 6524019 715471 5808548 4337251 26777
is_linear=0
shrinkage=0.1


Tree=350
num_leaves=15
num_cat=0
split_feature=3 0 1 4 1 1 0 5 4 0 2 0 0 4
split_gain=42.4734 9.56315 0.424976 0.370469 0.352863 0.000190166 6.20166e-05 8.20999e-05 0.000320421 3.52528e-05 1.59103e-05 2.50809e-06 5.0002e-07 3.53572e-07
threshold=1.0000000180025095e-35 0.17500000447034839 12.500000000000002 -0.51500990986824025 19.500000000000004 4.5000000000000009 0.22500000149011615 1.847509026527405 -0.51500990986824025 0.12500000372529033 2.2028195858001713 0.17500000447034839 0.12500000372529033 -0.51500990986824025
decision_type=2 2 2 2 2 2 2 2 2 2 2 2 2 2
left_child=1 2 12 4 -4 -2 11 8 -8 -5 -9 -7 -1 -13
right_child=5 -3 3 9 -6 6 7 10 -10 -11 -12 13 -14 -15
leaf_value=-0.080000467788311408 -0.082366539511593201 0.080001973334924731 0.0030705932409456137 -0.080084516008613493 0.0084386763064774311 -0.080002884768004087 -0.083444266997719341 -0.081889232883015639 -0.080067976483952516 -0.081954427509219718 -0.080000252292725768 -0.080212598637297822 -0.080230163113032202 -0.080079787509413053
leaf_weight=0.48189796944006857 0.3501655326300569 16.980797580874423 572.85705692673218 0.37804192816838522 155.74407381936908 57.760008682224907 0.39532684314417565 0.045607608743012285 0.97270479283929423 0.13748831488192081 1.995516513453367 0.61988297472396425 0.11797398282214999 0.29624893985146528
leaf_count=73081 249 565456 302198 586 59504 9371108 120 2 66084 6 1135710 20117 33 4377
internal_value=-0.000809855 0.00581524 0.00408888 0.0041581 0.00421806 -0.0800427 -0.0800296 -0.0804442 -0.0810436 -0.0805832 -0.0800425 -0.0800055 -0.0800456 -0.0801697
internal_weight=809.133 746.697 729.717 729.117 728.601 62.4355 62.0853 3.40916 1.36803 0.51553 2.04112 58.6761 0.599872 0.916132
internal_count=11598631 1000864 435408 362294 361702 10597767 10597518 1201916 66204 592 1135712 9395602 73114 24494
is_linear=0
shrinkage=0.1


Tree=351
num_leaves=15
num_cat=0
split_feature=2 5 5 4 3 3 4 2 5 5 5 4 4 3
split_gain=31.4048 27.2549 26.5744 26.7616 69.3167 64.4816 12.5389 7.82995 7.31073 29.6487 5.12065 4.02989 3.62759 3.04173
threshold=2.0778195858001713 3.3127455711364751 0.82109650969505321 4.8159308433532724 104.18750000000001 107.93750000000001 -0.51500990986824025 2.4528195858001713 3.5858916044235234 3.5934629440307622 3.6537150144577031 6.1144933700561532 5.6497445106506357 101.18750000000001
decision_type=2 2 2 2 2 2 2 2 2 2 2 2 2 2
left_child=-1 2 11 5 -5 -4 7 13 -8 -10 -9 12 -2 -3
right_child=1 6 3 4 -6 -7 8 10 9 -11 -12 -13 -14 -15
leaf_value=-0.079677810076766664 0.12696278121879717 -0.080001479848571422 0.026025500405577356 -0.020737434255668256 0.0074128761626705026 -0.0040181055212793497 0.098150723269256349 0.10129119487759526 -0.15871622961856693 0.074123594980979909 0.36633242438315461 0.11930977480194677 0.36865294434448037 1.5968374256501241
leaf_weight=48.319022188981762 1.1148484437035215 0.013222302277426379 1139.5108448056228 1626.9894195075171 1891.8441833823053 1914.8356810214575 25.009261607756848 1.3794645426155514 6.8628221870681037 26.922626239155306 1.5457933226425167 9.5208236983380612 1.4019558844156561 0.059486392885446548
leaf_count=5809680 1163 868 5069512 249929 211573 48847 67931 6224 34492 95235 2842 312 22 1
internal_value=0.000650016 0.00123394 0.000613656 0.000341805 -0.00560287 0.00719052 0.0673376 0.266826 0.0571656 0.026827 0.241347 0.149058 0.261593 1.2919
internal_weight=6695.33 6647.01 6585.22 6573.18 3518.83 3054.35 61.7927 2.99797 58.7947 33.7854 2.92526 12.0376 2.5168 0.0727087
internal_count=11598631 5788951 5581358 5579861 461502 5118359 207593 9935 197658 129727 9066 1497 1185 869
is_linear=0
shrinkage=0.1


Tree=352
num_leaves=15
num_cat=0
split_feature=3 4 3 3 3 5 3 2 3 3 5 4 2 5
split_gain=18.2874 26.7218 75.2857 189.606 141.444 63.9685 83.4642 94.2825 63.65 77.2346 56.1622 54.7033 26.3102 29.2529
threshold=130.31250000000003 4.8159308433532724 122.68750000000001 105.93750000000001 93.937500000000014 2.7235324382781987 126.43750000000001 2.8750000000000004 126.43750000000001 107.93750000000001 2.082067728042603 8.8756470680236834 2.8750000000000004 2.8287111520767216
decision_type=2 2 2 2 2 2 2 2 2 2 2 2 2 2
left_child=1 5 3 4 -3 8 7 -7 9 -1 -5 -4 -2 -14
right_child=12 2 11 10 -6 6 -8 -9 -10 -11 -12 -13 13 -15
leaf_value=-0.0090674919199883689 0.0070010173063028095 -0.0081099264200020244 0.044979640228699304 0.032360300226993342 0.048085172351236605 -0.0078157668097360161 0.019885486930832544 -0.10843512934753702 -0.071357334063017377 0.022479923673094992 -0.048683296679459753 -0.067398198823142033 -0.072996177113653068 -0.0028818848644606163
leaf_weight=1927.3014511155261 202.97739003301083 944.64375866995215 642.59183067566846 96.784787139236869 851.78257697807931 171.21546887387456 182.58885611164442 204.18078528825265 117.29224278459151 1299.1530697352923 733.88468250860024 46.447355574939138 134.01249592575843 107.02969561049031
leaf_count=9288317 22905 218116 27877 11976 57010 1635691 3406 3696 2047 36185 84800 23292 43706 139607
internal_value=0.000171784 0.00138351 0.00798347 0.000266903 0.0185352 -0.00422589 -0.0355703 -0.0625434 0.00100468 0.00363528 -0.0392406 0.0374044 -0.0195257 -0.0418634
internal_weight=7661.89 7217.87 3316.13 2627.1 1796.43 3901.73 557.985 375.396 3343.75 3226.45 830.669 689.039 444.02 241.042
internal_count=11598631 11392413 423071 371902 275126 10969342 1642793 1639387 9326549 9324502 96776 51169 206218 183313
is_linear=0
shrinkage=0.1


Tree=353
num_leaves=15
num_cat=0
split_feature=5 5 3 3 0 1 0 4 2 3 4 0 3 4
split_gain=37.1245 6.23278 0.733825 0.275227 0.00730585 0.000203366 9.00098e-05 6.24351e-05 0.000122419 1.2929e-05 9.86294e-06 2.70512e-06 4.82119e-07 4.05077e-07
threshold=3.0012133121490483 3.00477147102356 91.937500000000014 91.562500000000014 0.075000001117587103 4.5000000000000009 0.22500000149011615 0.15477494895458224 1.0000000180025095e-35 99.062500000000014 6.3878748416900644 0.17500000447034839 32.312500000000007 -0.51500990986824025
decision_type=2 2 2 2 2 2 2 2 2 2 2 2 2 2
left_child=5 2 3 -2 -5 -1 11 8 -8 10 -4 -7 -9 -13
right_child=1 -3 9 4 -6 6 7 12 -10 -11 -12 13 -14 -15
leaf_value=-0.082415194335162006 -0.080024500463759571 -0.08000969264002436 -0.080534545246837203 0.090906863014974679 0.080383514077643492 -0.080002409385548173 -0.080000104376222958 -0.08053129559387634 -0.081555785997897701 -0.080054666240093567 -0.082657394701003056 -0.080220529341330518 -0.080008773774744552 -0.080077217155770097
leaf_weight=0.36022940851697072 0.1070470331329848 2.7985512258412468 0.047738824292536175 0.67995897529181348 22.169335253951431 61.155683842349589 0.89476913753230736 0.017885374756588024 1.1636873890834065 0.20049157791345351 0.040414105860691052 0.6284321354023632 1.3900609969379045 0.28744042779328438
leaf_count=1251 15042 607486 331 25 572220 9179928 564122 1904 449930 2969 30 16314 183086 3993
internal_value=-0.0400984 0.0609805 0.0779549 0.0799472 0.0806967 -0.0800457 -0.0800327 -0.0805286 -0.0808796 -0.0804985 -0.0815078 -0.080005 -0.0800154 -0.0801756
internal_weight=91.9417 26.0435 23.245 22.9563 22.8493 65.8982 65.538 3.4664 2.05846 0.288645 0.0881529 62.0716 1.40795 0.915873
internal_count=11598631 1198103 590617 587287 572245 10400528 10399277 1199042 1014052 3330 361 9200235 184990 20307
is_linear=0
shrinkage=0.1


Tree=354
num_leaves=15
num_cat=0
split_feature=2 2 5 5 3 4 1 5 0 2 4 0 5 3
split_gain=23.9762 43.3719 8.69433 5.07513 1.75624 0.000536991 0.000234695 0.000227568 8.10378e-05 1.76268e-05 3.0273e-05 1.73541e-05 2.74046e-06 1.49929e-05
threshold=2.4528195858001713 2.3278195858001713 2.0556275844573979 2.0587884187698369 67.062500000000014 9.9144968986511248 4.5000000000000009 1.6071687340736391 0.17500000447034839 2.0778195858001713 -0.21429017931222913 0.22500000149011615 0.87155479192733776 65.562500000000014
decision_type=2 2 2 2 2 2 2 2 2 2 2 2 2 2
left_child=1 6 5 4 -4 7 -1 -3 -5 11 -11 -8 13 -2
right_child=12 2 3 8 -6 -7 9 -9 -10 10 -12 -13 -14 -15
leaf_value=-0.082642193442091824 -0.080000965415090025 -0.080314802539013908 0.087831085829932931 -0.080087308134301233 -0.080064034576664181 -0.088199142877697853 -0.080005907306725271 -0.081934257775982011 -0.08238830239857857 -0.080000164654432063 -0.080781819439838767 -0.080431254088191573 -0.080018617555760785 -0.082239769534849363
leaf_weight=0.35145394188750145 0.17769605042204162 1.7520933053421002 49.961339882474931 1.7428992544408846 0.63089480522466956 0.11046426097891515 26.29669114798947 1.7190579715365855 0.16779347918782139 1.1874581836340499 0.85025889668946675 0.99553091563075113 35.308409566768873 0.035966956297215802
leaf_count=1141 26672 87500 528215 102501 1745 44 5244420 16091 124 619780 95691 564128 4310474 105
internal_value=-0.0109349 0.0176788 0.0694118 0.0796953 0.0857374 -0.0813353 -0.0800734 -0.0811168 -0.0802894 -0.0800426 -0.0803263 -0.0800214 -0.0800208 -0.0803778
internal_weight=121.288 85.7659 56.0845 52.5029 50.5922 3.58162 29.6814 3.47115 1.91069 29.3299 2.03772 27.2922 35.5221 0.213663
internal_count=11598631 7261380 736220 632585 529960 103635 6525160 103591 102625 6524019 715471 5808548 4337251 26777
is_linear=0
shrinkage=0.1


Tree=355
num_leaves=15
num_cat=0
split_feature=3 0 1 4 0 1 0 5 4 0 2 0 0 4
split_gain=38.444 8.92655 0.385634 0.33573 0.292282 0.000156288 5.31566e-05 6.48187e-05 0.000260451 2.83843e-05 1.30676e-05 2.03771e-06 4.04046e-07 2.89062e-07
threshold=1.0000000180025095e-35 0.17500000447034839 12.500000000000002 -0.51500990986824025 0.12500000372529033 4.5000000000000009 0.22500000149011615 1.847509026527405 -0.51500990986824025 0.12500000372529033 2.2028195858001713 0.17500000447034839 0.12500000372529033 -0.51500990986824025
decision_type=2 2 2 2 2 2 2 2 2 2 2 2 2 2
left_child=1 2 12 4 -4 -2 11 8 -8 -5 -9 -7 -1 -13
right_child=5 -3 3 9 -6 6 7 10 -10 -11 -12 13 -14 -15
leaf_value=-0.080000439895877337 -0.082214174802595436 0.080001789960713429 0.0025300567198293738 -0.080078654618910561 0.0098973401828340527 -0.080002642215695377 -0.08321049090746778 -0.081769630257437692 -0.080063553885853456 -0.081816990419366228 -0.080000238638104668 -0.080198924905404326 -0.080214357801850433 -0.08007441476515173
leaf_weight=0.44890050289450201 0.32882464794506105 15.367877897204378 677.95620323654293 0.35188415439915743 58.496527709066868 53.597550488127062 0.37065813892058941 0.042771626263856777 0.90543984810574263 0.12813568487763405 1.7297286272065546 0.57545424241061482 0.10991437407210469 0.27583318232382126
leaf_count=73081 249 565456 361331 586 371 9371108 120 2 66084 6 1135710 20117 33 4377
internal_value=-0.00146559 0.00456964 0.00299778 0.00306075 0.00311524 -0.0800403 -0.0800278 -0.0804342 -0.0809776 -0.0805427 -0.0800429 -0.0800051 -0.0800425 -0.0801586
internal_weight=810.686 752.859 737.492 736.933 736.453 57.8263 57.4974 3.0486 1.2761 0.48002 1.7725 54.4488 0.558815 0.851287
internal_count=11598631 1000864 435408 362294 361702 10597767 10597518 1201916 66204 592 1135712 9395602 73114 24494
is_linear=0
shrinkage=0.1


Tree=356
num_leaves=15
num_cat=0
split_feature=0 4 5 5 4 2 5 5 5 5 3 5 3 3
split_gain=29.9172 29.7586 28.3341 26.4697 26.4351 27.4217 25.9844 56.5785 98.3694 64.0432 48.1766 41.5955 43.8827 39.5807
threshold=0.075000001117587103 4.1734840869903573 2.082067728042603 2.4021030664443974 6.6749253273010263 2.8750000000000004 2.4021030664443974 2.0840848684310918 2.0703378915786748 2.0721787214279179 95.562500000000014 2.2711054086685185 92.437500000000014 96.687500000000014
decision_type=2 2 2 2 2 2 2 2 2 2 2 2 2 2
left_child=6 -2 4 -4 -3 -6 7 8 10 -10 -1 -9 -13 -8
right_child=1 2 3 -5 5 -7 13 11 9 -11 -12 12 -14 -15
leaf_value=-0.0046343341489983045 -0.069145020444942945 0.017847013803922996 0.089957632909961394 -0.0055089873210683272 -0.044304445377037795 -0.1983515473228861 0.023880726138474587 0.053904547618298541 -0.16180901003145898 -0.022459356414163412 0.050487118546693771 0.09277534670769047 -0.0025919060963043154 -0.0052605190262561873
leaf_weight=663.18159600729018 113.84829140052534 27.387825463130412 35.122312569964379 167.8027337746862 29.276471182354271 19.090490641843644 529.43692642235692 416.3110407263157 58.681616539002903 75.303723805379036 208.38303802159339 55.333071509075808 376.91509119269813 3895.259304522182
leaf_count=3456243 5303510 59098 3626 84362 49252 388 1696989 109803 273382 26876 50914 36600 38058 409530
internal_value=0.000716324 -0.0260666 -0.00846785 0.0110144 -0.0606551 -0.105107 0.00239069 0.0123285 -0.0037186 -0.0834904 0.0085447 0.0313445 0.00961627 -0.00177362
internal_weight=6671.33 392.528 278.68 202.925 75.7548 48.367 6278.81 1854.11 1005.55 133.985 871.565 848.559 432.248 4424.7
internal_count=11598631 5500236 196726 87988 108738 49640 6098395 3991876 3807415 300258 3507157 184461 74658 2106519
is_linear=0
shrinkage=0.1


Tree=357
num_leaves=15
num_cat=0
split_feature=3 1 0 0 1 5 5 3 2 4 1 3 3 4
split_gain=16.9169 17.517 16.4063 16.3343 32.3721 22.0929 77.8193 55.5149 17.2349 15.495 13.4262 10.7822 6.70322 6.83641
threshold=160.68750000000003 16.500000000000004 0.12500000372529033 0.075000001117587103 17.500000000000004 2.3428381681442265 2.0840848684310918 95.562500000000014 2.4528195858001713 9.1080212593078631 12.500000000000002 105.93750000000001 122.68750000000001 -0.51500990986824025
decision_type=2 2 2 2 2 2 2 2 2 2 2 2 2 2
left_child=1 2 9 5 8 6 -3 -7 -5 10 -1 -6 13 -4
right_child=-2 3 12 4 11 7 -8 -9 -10 -11 -12 -13 -14 -15
leaf_value=0.076270421841174621 -0.08076880311031448 0.0015589504776696518 -0.042390035001071497 0.010952407468051569 0.0061932047392571346 -0.03109730983266179 -0.043059666866414111 0.0051380516313775486 0.070670526625599125 -0.036070367632565048 0.020003797245827758 -0.032572835934700228 -0.2880958856281563 0.025564724655720978
leaf_weight=45.758972354038633 25.749309594820261 1286.7014035849306 57.797737914239406 80.058988235078687 453.25015429524592 475.92334821296208 561.45657401758399 3788.5493401937638 121.93307983924569 45.905632326801424 579.15168127744437 85.240448930984712 0.9805037102123596 19.902027418414036
leaf_count=1019124 46613 2298673 1529120 469712 1623299 919979 104597 339919 540232 6916 2420483 8773 96 271095
internal_value=0.000148923 0.000422983 0.0149377 -0.00116443 0.0128625 -0.00286364 -0.0119959 0.00109412 0.0470014 0.0200047 0.0241239 5.67287e-05 -0.028263 -0.0249841
internal_weight=7628.36 7602.61 749.497 6853.11 740.483 6112.63 1848.16 4264.47 201.992 670.816 624.911 538.491 78.6803 77.6998
internal_count=11598631 11552018 5246834 6305184 2642016 3663168 2403270 1259898 1009944 3446523 3439607 1632072 1800311 1800215
is_linear=0
shrinkage=0.1


Tree=358
num_leaves=15
num_cat=0
split_feature=5 5 3 3 0 1 0 4 2 3 4 0 3 4
split_gain=34.03 5.69023 0.662995 0.256027 0.00558232 0.000167189 7.76721e-05 5.71485e-05 0.000103549 8.83623e-06 6.77913e-06 2.19586e-06 3.90791e-07 3.30268e-07
threshold=3.0012133121490483 3.00477147102356 91.937500000000014 91.562500000000014 0.075000001117587103 4.5000000000000009 0.22500000149011615 0.15477494895458224 1.0000000180025095e-35 99.062500000000014 6.3878748416900644 0.17500000447034839 32.312500000000007 -0.51500990986824025
decision_type=2 2 2 2 2 2 2 2 2 2 2 2 2 2
left_child=5 2 3 -2 -5 -1 11 8 -8 10 -4 -7 -9 -13
right_child=1 -3 9 4 -6 6 7 12 -10 -11 -12 13 -14 -15
leaf_value=-0.08226057374960509 -0.080022824832147038 -0.080008946607604575 -0.080466428906305787 0.08991355336542893 0.080354413352981921 -0.080002211776264487 -0.08000008421331703 -0.08049551157123197 -0.081536170686748982 -0.080049160073310269 -0.082331816080981446 -0.080206143887290554 -0.080008208882873411 -0.080072004355301138
leaf_weight=0.3381445425086359 0.099657146752529679 2.5565538987886418 0.042695659797572172 0.62992185918847354 20.240568787416123 56.812188744990848 0.76247227107694415 0.016670020070250646 1.0339351558801579 0.18266693177747584 0.035832629082506173 0.58397685077966344 1.2870807482120197 0.26768524772580704
leaf_count=1251 15042 607486 331 25 572220 9179928 564122 1904 449930 2969 30 16314 183086 3993
internal_value=-0.0405381 0.0609355 0.0779072 0.0798794 0.0806429 -0.0800432 -0.0800308 -0.0805184 -0.0808842 -0.0804305 -0.0813176 -0.0800046 -0.0800144 -0.080164
internal_weight=84.8901 23.7879 21.2313 20.9701 20.8705 61.1022 60.764 3.10016 1.79641 0.261195 0.0785283 57.6639 1.30375 0.851662
internal_count=11598631 1198103 590617 587287 572245 10400528 10399277 1199042 1014052 3330 361 9200235 184990 20307
is_linear=0
shrinkage=0.1


Tree=359
num_leaves=15
num_cat=0
split_feature=2 2 5 5 3 4 1 5 0 2 4 0 5 3
split_gain=21.8896 39.8112 8.04972 4.69857 1.62985 0.000427324 0.000193013 0.000183859 6.51194e-05 1.48968e-05 2.44178e-05 1.57356e-05 2.31853e-06 1.25059e-05
threshold=2.4528195858001713 2.3278195858001713 2.0556275844573979 2.0587884187698369 67.062500000000014 9.9144968986511248 4.5000000000000009 1.6071687340736391 0.17500000447034839 2.0778195858001713 -0.21429017931222913 0.22500000149011615 0.87155479192733776 65.562500000000014
decision_type=2 2 2 2 2 2 2 2 2 2 2 2 2 2
left_child=1 6 5 4 -4 7 -1 -3 -5 11 -11 -8 13 -2
right_child=12 2 3 8 -6 -7 9 -9 -10 10 -12 -13 -14 -15
leaf_value=-0.082473026233924773 -0.080000876858169603 -0.080295699001724993 0.087533092536914617 -0.08008146198719733 -0.080059687925864986 -0.087572116132683259 -0.080005507889231178 -0.081803303421248488 -0.082218135533625086 -0.080000151097347205 -0.080738154793235789 -0.08043995302540588 -0.08001746049082209 -0.082112186869439233
leaf_weight=0.3300667587032845 0.16490057330794528 1.6322461435613602 45.833152804816564 1.6208041282479815 0.5877203654817994 0.10344155834900437 24.49368143889911 1.6037137247246844 0.15640157486632222 1.0489214191174481 0.78297170987462905 0.86308230822373744 32.705079151032024 0.033806814993681655
leaf_count=1141 26672 87500 528215 102501 1745 44 5244420 16091 124 619780 95691 564128 4310474 105
internal_value=-0.0114814 0.0170447 0.0688994 0.0793021 0.0854113 -0.0812451 -0.0800694 -0.0810429 -0.0802695 -0.0800402 -0.0803156 -0.0800203 -0.0800195 -0.0803601
internal_weight=111.96 79.0562 51.5375 48.1981 46.4209 3.3394 27.5187 3.23596 1.77721 27.1887 1.83189 25.3568 32.9038 0.198707
internal_count=11598631 7261380 736220 632585 529960 103635 6525160 103591 102625 6524019 715471 5808548 4337251 26777
is_linear=0
shrinkage=0.1


Tree=360
num_leaves=15
num_cat=0
split_feature=2 0 1 4 1 1 0 5 4 0 2 0 0 4
split_gain=35.2014 7.86238 0.338704 0.308533 0.266662 0.000140212 5.12569e-05 5.9433e-05 0.000230497 2.17926e-05 9.75709e-06 1.7877e-06 3.52196e-07 2.65427e-07
threshold=-1.0000000180025095e-35 0.17500000447034839 12.500000000000002 -0.51500990986824025 19.500000000000004 4.5000000000000009 0.22500000149011615 1.847509026527405 -0.51500990986824025 0.12500000372529033 2.2028195858001713 0.17500000447034839 0.12500000372529033 -0.51500990986824025
decision_type=2 2 2 2 2 2 2 2 2 2 2 2 2 2
left_child=1 2 12 4 -4 -2 11 8 -8 -5 -9 -7 -1 -13
right_child=5 -3 3 9 -6 6 7 10 -10 -11 -12 13 -14 -15
leaf_value=-0.080000379726552717 -0.08213533930321848 0.080001581407819003 0.0021899181671906887 -0.08007208009246139 0.0068197907112788076 -0.080002450500818154 -0.083099508116177626 -0.081605221497449046 -0.080057548052668348 -0.08166415681311899 -0.080000217833776241 -0.0801920636245705 -0.080206399282365504 -0.08006743011060502
leaf_weight=0.3839582316331861 0.31761630829946952 13.533542342178405 576.42789930300205 0.32377425365120771 158.63683535531163 48.936237268724717 0.35872717011807254 0.038864895701408275 0.81501876676202234 0.11706220451742411 1.4891398467494807 0.55005219787824444 0.10585587262175977 0.2478772183591208
leaf_count=73081 249 565456 302198 586 59504 9371108 120 2 66084 6 1135710 20117 33 4377
internal_value=-0.00108467 0.00447243 0.00308359 0.00313895 0.00318911 -0.0800406 -0.0800279 -0.0804521 -0.0809872 -0.0804948 -0.080041 -0.0800049 -0.0800449 -0.0801533
internal_weight=802.282 749.529 735.995 735.506 735.065 52.7535 52.4359 2.70175 1.17375 0.440836 1.528 49.7342 0.489814 0.797929
internal_count=11598631 1000864 435408 362294 361702 10597767 10597518 1201916 66204 592 1135712 9395602 73114 24494
is_linear=0
shrinkage=0.1


Tree=361
num_leaves=15
num_cat=0
split_feature=2 1 5 3 3 3 5 2 5 4 3 2 3 5
split_gain=28.44 23.3336 24.1489 70.2531 35.7499 103.176 33.9309 20.1356 16.0312 3.51263 1.35333 1.18014 0.707713 0.0704475
threshold=2.0778195858001713 12.500000000000002 1.3744092583656313 42.937500000000007 78.437500000000014 91.937500000000014 2.8991454839706425 2.8750000000000004 0.82109650969505321 9.1080212593078631 126.43750000000001 2.8750000000000004 120.81250000000001 2.8918750286102299
decision_type=2 2 2 2 2 2 2 2 2 2 2 2 2 2
left_child=13 9 3 8 6 -6 -4 -5 -3 10 12 -12 -2 -1
right_child=1 2 4 7 5 -7 -8 -9 -10 -11 11 -13 -14 -15
leaf_value=-0.081489211515689886 -0.08535289686615416 0.14754234603735195 -0.012156062215509321 0.13076520909884487 0.053616921325053385 -0.00022037747005033962 -0.07846535212537338 0.016387114930326612 -0.064620115232940228 0.14638235554921281 -0.094726045638279618 0.0037259644699903227 -0.12882437325032162 -0.071545802936984704
leaf_weight=35.113242336601161 25.738848386490648 3.8549811113501553 641.08036721038911 60.474634210544991 381.50384453326842 5318.1600860374401 87.73001034100821 20.646107432277546 46.774594607767085 0.67668089317157765 2.0347842764713269 3.0314499944070121 4.3826371585819279 8.9390765064522366
leaf_count=5524583 807485 216 1948325 105589 1110235 877688 495089 68120 374210 12 236 539 1207 285097
internal_value=0.00061053 0.00114536 0.00158513 0.0439658 0.000716543 0.00338319 -0.020138 0.101655 -0.0484659 -0.0792952 -0.0836351 -0.0358159 -0.0916779 -0.0794715
internal_weight=6640.14 6596.09 6560.22 131.75 6428.47 5699.66 728.81 81.1207 50.6296 35.8644 35.1877 5.06623 30.1215 44.0523
internal_count=11598631 5788951 4979472 548135 4431337 1987923 2443414 173709 374426 809479 809467 775 808692 5809680
is_linear=0
shrinkage=0.1


Tree=362
num_leaves=15
num_cat=0
split_feature=3 3 5 5 5 4 5 5 5 5 5 5 4 3
split_gain=16.4593 94.8225 109.831 106.862 172.501 157.403 76.1213 78.73 63.098 53.1859 50.9789 75.3342 29.9346 28.8326
threshold=78.437500000000014 91.937500000000014 2.0556275844573979 2.0587884187698369 2.7036594152450566 3.4490230083465581 2.082067728042603 2.2711054086685185 1.7985019683837893 2.0703378915786748 2.8991454839706425 2.9092143774032597 7.4130558967590341 89.187500000000014
decision_type=2 2 2 2 2 2 2 2 2 2 2 2 2 2
left_child=10 3 -3 8 5 -5 9 -8 -2 -4 -1 12 -12 -6
right_child=1 2 6 4 13 -7 7 -9 -10 -11 11 -13 -14 -15
leaf_value=0.0044746430995274413 -0.11408387459287715 -0.10119088368134255 0.017466493859716149 -0.58143029669349655 0.021890111777286021 -0.13654093558848998 -0.044878379252431627 0.0037112732737000845 0.04900394502020268 0.10249584707374525 0.070289010464869892 -0.011598537827919407 0.22751859669996743 -0.085583067096854579
leaf_weight=1686.8299502539803 29.203375100438791 102.8028671844495 183.48611732250811 8.4707785518276051 101.04538014651769 130.00376041978961 359.56015256501723 4595.0703347175522 126.41742603988314 122.79256809963863 20.310524130570684 47.479738244790951 29.986447217117529 33.152140018103694
leaf_count=8047352 9409 42175 262610 6720 486094 9523 65566 605004 479272 4346 512559 329325 218 738458
internal_value=0.000147065 -0.0024401 0.00117548 -0.0477198 -0.0854557 -0.163756 0.00317581 0.000185097 0.0183993 0.0515563 0.00854381 0.0787446 0.164027 -0.00466005
internal_weight=7576.61 5792 5363.71 428.293 272.672 138.475 5260.91 4954.63 155.621 306.279 1784.61 97.7767 50.297 134.198
internal_count=11598631 2709177 979701 1729476 1240795 16243 937526 670570 488681 266956 8889454 842102 512777 1224552
is_linear=0
shrinkage=0.1


Tree=363
num_leaves=15
num_cat=0
split_feature=5 5 3 3 0 1 0 4 2 3 4 0 4 3
split_gain=30.6346 5.25769 0.60391 0.234457 0.00494389 0.000150003 7.53869e-05 5.68291e-05 9.59496e-05 6.78107e-06 5.24311e-06 1.92896e-06 2.99791e-07 2.8686e-07
threshold=3.0012133121490483 3.00477147102356 91.937500000000014 91.562500000000014 0.075000001117587103 4.5000000000000009 0.22500000149011615 0.15477494895458224 1.0000000180025095e-35 99.062500000000014 6.3878748416900644 0.17500000447034839 -0.51500990986824025 32.312500000000007
decision_type=2 2 2 2 2 2 2 2 2 2 2 2 2 2
left_child=5 2 3 -2 -5 -1 11 8 -8 10 -4 -7 -13 -9
right_child=1 -3 9 4 -6 6 7 13 -10 -11 -12 12 -14 -15
leaf_value=-0.082180992052635862 -0.080020656321317898 -0.08000845060816468 -0.08042084362868239 0.089567222679540037 0.080352629912897849 -0.080002042651612426 -0.080000072278389914 -0.08044710377229225 -0.081583679449217017 -0.080044617644024693 -0.082135083249961618 -0.080198754885173973 -0.080065242900149269 -0.080007413017564324
leaf_weight=0.32644706860333528 0.091265498310355464 2.3704759497748098 0.038894688060053251 0.60150057869032281 18.202316181846982 51.838167692313434 0.64973655938388153 0.015031184782628659 0.93058613511783506 0.16622198639788621 0.032963253098387213 0.55882182944634451 0.24058791728242468 1.1544640540541875
leaf_count=1251 15042 607486 331 25 572220 9179928 564122 1904 449930 2969 30 16314 3993 183086
internal_value=-0.0409126 0.0604724 0.0778771 0.0798713 0.0806474 -0.0800437 -0.0800311 -0.0805415 -0.0809326 -0.0803955 -0.0812072 -0.0800044 -0.0801586 -0.0800131
internal_weight=77.2175 21.5036 19.1332 18.8951 18.8038 55.7138 55.3874 2.74982 1.58032 0.23808 0.0718579 52.6376 0.79941 1.1695
internal_count=11598631 1198103 590617 587287 572245 10400528 10399277 1199042 1014052 3330 361 9200235 20307 184990
is_linear=0
shrinkage=0.1


Tree=364
num_leaves=15
num_cat=0
split_feature=2 2 5 5 3 4 1 5 0 1 2 0 5 3
split_gain=20.0681 36.4933 7.36764 4.28874 1.48394 0.000324643 0.000173228 0.000141428 4.76486e-05 1.3075e-05 1.21589e-05 7.47499e-06 3.81856e-06 1.64944e-05
threshold=2.4528195858001713 2.3278195858001713 2.0556275844573979 2.0587884187698369 67.062500000000014 9.9144968986511248 4.5000000000000009 1.6071687340736391 0.17500000447034839 6.5000000000000009 2.0778195858001713 0.22500000149011615 0.87155479192733776 65.562500000000014
decision_type=2 2 2 2 2 2 2 2 2 2 2 2 2 2
left_child=1 6 5 4 -4 7 -1 -3 -5 11 -11 -8 13 -2
right_child=12 2 3 8 -6 -7 9 -9 -10 10 -12 -13 -14 -15
leaf_value=-0.082384728577475738 -0.080000807595770371 -0.080295755109805078 0.087400508627818521 -0.080073257672719 -0.080054794836896759 -0.086900756820442029 -0.08009078150126836 -0.081677114719129015 -0.081993466186284711 -0.080014362204826592 -0.080296709739310815 -0.081664801682998334 -0.080015353934646316 -0.082357780041983755
leaf_weight=0.31864494137561195 0.14935349282630284 1.4904185939383294 42.242848183203023 1.4828340123397072 0.53591221410169865 0.095684583793626987 0.049458627516517306 1.4743751390581108 0.14156424332759332 23.082883582897697 1.6331096491885251 0.07736667000426678 29.739888935027118 0.037058269261763144
leaf_count=1141 26672 87500 528215 102501 1745 44 5612 16091 124 5779890 714942 23575 4310474 105
internal_value=-0.0111055 0.017291 0.068903 0.0792466 0.0853027 -0.0811677 -0.0800679 -0.0809827 -0.0802406 -0.0800382 -0.080033 -0.081051 -0.0800182 -0.0804694
internal_weight=102.551 72.6251 47.4636 44.4032 42.7788 3.06048 25.1615 2.96479 1.6244 24.8428 24.716 0.126825 29.9263 0.186412
internal_count=11598631 7261380 736220 632585 529960 103635 6525160 103591 102625 6524019 6494832 29187 4337251 26777
is_linear=0
shrinkage=0.1


Tree=365
num_leaves=15
num_cat=0
split_feature=2 0 1 4 0 1 0 2 5 0 0 0 4 5
split_gain=32.4269 7.19523 0.312087 0.284165 0.264036 0.000110955 5.00008e-05 4.79708e-05 3.79175e-05 1.69104e-05 1.41333e-06 2.73314e-07 2.01505e-07 6.94904e-08
threshold=-1.0000000180025095e-35 0.17500000447034839 12.500000000000002 -0.51500990986824025 0.075000001117587103 4.5000000000000009 0.22500000149011615 2.0778195858001713 1.847509026527405 0.12500000372529033 0.17500000447034839 0.12500000372529033 -0.51500990986824025 3.7715406417846684
decision_type=2 2 2 2 2 2 2 2 2 2 2 2 2 2
left_child=1 2 11 4 -4 -2 10 -8 -9 -5 13 -1 -12 -7
right_child=5 -3 3 9 -6 6 7 8 -10 -11 12 -13 -14 -15
leaf_value=-0.080000344211760166 -0.081974102072140745 0.080001443223602101 0.0013521522480673806 -0.080066245670519204 0.0051452824442563489 -0.080001971111884021 -0.082244726688361955 -0.080823099146763167 -0.080000203170660006 -0.081528241877757701 -0.080177381075023951 -0.080189645392049563 -0.080064377563832057 -0.080053711409616174
leaf_weight=0.35285617963745508 0.29476814570946075 12.403226336406076 358.46147268495406 0.29760732333670503 376.01253842236474 44.626909759594533 0.1434325966984028 0.9932962051266262 1.2834923337351254 0.10776298306882381 0.50532052626681434 0.09730222262442112 0.22944931730529461 0.2610962732582881
leaf_count=73081 249 565456 355684 586 6018 9322676 6 66200 1135710 6 20117 33 4377 48432
internal_value=-0.000660662 0.00447087 0.00319685 0.00324784 0.00329404 -0.0800399 -0.080028 -0.080471 -0.0803592 -0.0804549 -0.0800045 -0.0800413 -0.0801421 -0.0800023
internal_weight=796.071 747.733 735.33 734.879 734.474 48.3378 48.043 2.42022 2.27679 0.40537 45.6228 0.450158 0.73477 44.888
internal_count=11598631 1000864 435408 362294 361702 10597767 10597518 1201916 1201910 592 9395602 73114 24494 9371108
is_linear=0
shrinkage=0.1


Tree=366
num_leaves=15
num_cat=0
split_feature=2 5 3 5 5 5 3 3 4 2 4 5 2 5
split_gain=27.3362 42.0768 147.033 116.373 38.534 149.819 32.4439 24.6537 22.9202 25.7555 22.647 21.5774 20.1843 24.2056
threshold=2.6250000000000004 2.0556275844573979 72.812500000000014 2.0587884187698369 2.0703378915786748 2.0721787214279179 99.062500000000014 99.062500000000014 4.9252834320068368 2.8750000000000004 5.2396721839904794 1.3560934066772463 2.4528195858001713 1.8844705224037173
decision_type=2 2 2 2 2 2 2 2 2 2 2 2 2 2
left_child=10 2 8 6 7 -6 -3 -5 9 -2 -1 -10 -12 -14
right_child=1 3 -4 4 5 -7 -8 -9 11 -11 12 -13 13 -15
leaf_value=-0.051910370146565576 -0.062793244136315027 -0.1148387955452487 0.11973782855602411 0.14054020784404542 -0.15199029320165372 0.0028372511538687548 -0.014354478253929529 0.032534952681313116 0.060795520380378609 0.052411018812831146 0.03865356030322295 -0.0049709650477277149 0.074892457363198703 -0.03615591642592135
leaf_weight=172.13902427060179 94.293053378377834 110.10230946354409 133.78482466427454 28.818712516464529 63.23620502063477 5357.675408014562 45.373642359306132 79.262368988914659 71.195124373416547 24.434610190465975 74.893355844413009 166.68637176271841 22.304437074403268 163.6184236484869
leaf_count=7500668 987732 760042 41559 10079 1247 1968914 1613 1989 49514 160344 82078 21672 2193 8987
internal_value=0.000532055 0.00223519 0.03034 -0.000189387 0.00220994 0.00103115 -0.0855137 0.0613334 -0.00319838 -0.0390838 -0.0237582 0.0147122 -0.00517777 -0.0228339
internal_weight=6607.82 6174.86 490.394 5684.47 5528.99 5420.91 155.476 108.081 356.609 118.728 432.955 237.881 260.816 185.923
internal_count=11598631 4004705 1260821 2743884 1982229 1970161 761655 12068 1219262 1148076 7593926 71186 93258 11180
is_linear=0
shrinkage=0.1


Tree=367
num_leaves=15
num_cat=0
split_feature=5 3 2 3 5 3 3 2 3 4 4 5 5 5
split_gain=17.7184 93.7923 166.221 86.3518 63.9403 55.7323 51.6528 46.6084 45.1661 40.7261 33.5553 49.1004 46.7788 27.3934
threshold=2.7235324382781987 126.43750000000001 2.8750000000000004 107.93750000000001 2.7186124324798588 128.31250000000003 137.93750000000003 2.8750000000000004 124.68750000000001 6.5929112434387216 5.8137736320495614 2.0840848684310918 2.3428381681442265 2.8991454839706425
decision_type=2 2 2 2 2 2 2 2 2 2 2 2 2 2
left_child=4 2 3 13 5 10 9 -7 -4 -3 12 -12 -1 -2
right_child=1 6 8 -5 -6 7 -8 -9 -10 -11 11 -13 -14 -15
leaf_value=-0.004287856794685639 -0.010916123103269997 0.038718138687364984 -0.10861213972409101 -0.098810576316025162 0.076694776003783868 0.0017725578907894668 -0.058106568026989637 -0.077564329405258953 -0.013163162642516074 -0.056227981517495876 0.012603321611882179 -0.02835297966676379 0.016361175400449051 0.03982033669447916
leaf_weight=1953.0694555893083 177.7656345000355 499.04793849018461 249.18246067617929 71.73677737719845 113.98694444419834 137.15957596196662 75.481373619935766 160.92764163521238 61.88891334348591 49.673921690678981 497.84815562769472 710.39987767959792 2503.2977603058966 265.12934996620015
leaf_count=7425272 154321 13246 85562 6288 651249 5046 131173 38802 7282 43043 115351 67382 1294395 1560219
internal_value=0.000134329 -0.00979859 -0.0319125 0.00297043 0.00250434 0.00108606 0.0194539 -0.0410589 -0.0896222 0.030123 0.00330384 -0.0114773 0.00731143 0.0194561
internal_weight=7526.6 1449.91 825.703 514.632 6076.69 5962.7 624.203 298.087 311.071 548.722 5664.62 1208.25 4456.37 442.895
internal_count=11598631 2001134 1813672 1720828 9597497 8946248 187462 43848 92844 56289 8902400 182733 8719667 1714540
is_linear=0
shrinkage=0.1


Tree=368
num_leaves=15
num_cat=0
split_feature=5 5 3 3 0 0 4 2 3 3 4 0 4 3
split_gain=26.3706 4.79052 0.554198 0.215784 0.0030535 0.000134738 8.70513e-05 0.000111638 0.000118447 5.272e-06 4.06383e-06 1.52422e-06 2.262e-07 2.25514e-07
threshold=3.0012133121490483 3.00477147102356 91.937500000000014 91.562500000000014 0.075000001117587103 0.22500000149011615 0.15477494895458224 1.0000000180025095e-35 65.562500000000014 99.062500000000014 6.3878748416900644 0.17500000447034839 -0.51500990986824025 32.312500000000007
decision_type=2 2 2 2 2 2 2 2 2 2 2 2 2 2
left_child=5 2 3 -2 -5 11 7 -7 -9 10 -4 -1 -13 -8
right_child=1 -3 9 4 -6 6 13 8 -10 -11 -12 12 -14 -15
leaf_value=-0.080001878438150209 -0.080019544230707867 -0.080008146253300994 -0.08038726510060247 0.088069196972575939 0.0802987954330147 -0.080000062196592808 -0.080412970590769087 -0.08254873960033815 -0.080471055760010513 -0.080041062478758251 -0.081959758055611037 -0.080183351062321495 -0.0800627061792724 -0.080006881019264231
leaf_weight=47.547163178482592 0.084129800163291857 2.1860610877508853 0.035791486827519203 0.52268465550150978 15.58268772172414 0.55461389296459573 0.013855450770051791 0.69448651364996272 0.45360692678355008 0.153015357645927 0.030387949786017998 0.5136532894154584 0.22282565412677868 1.0504284044913559
leaf_count=9180155 15042 607486 331 25 572220 565117 1904 179 449776 2969 30 16314 3993 183090
internal_value=-0.0429058 0.0590518 0.0775781 0.0797166 0.080551 -0.080043 -0.0807216 -0.0811651 -0.0817279 -0.0803636 -0.0811093 -0.0800041 -0.0801468 -0.0800122
internal_weight=69.6454 18.5948 16.4087 16.1895 16.1054 51.0506 2.76699 1.70271 1.14809 0.219195 0.0661794 48.2836 0.736479 1.06428
internal_count=11598631 1198103 590617 587287 572245 10400528 1200066 1015072 449955 3330 361 9200462 20307 184994
is_linear=0
shrinkage=0.1


Tree=369
num_leaves=15
num_cat=0
split_feature=2 2 5 5 3 4 1 5 0 0 0 2 5 3
split_gain=18.4954 33.6315 6.77759 3.90476 1.30609 0.000249288 0.000136618 0.000110402 3.73262e-05 1.07905e-05 7.00713e-05 3.6839e-05 2.84467e-06 1.24051e-05
threshold=2.4528195858001713 2.3278195858001713 2.0556275844573979 2.0587884187698369 67.062500000000014 9.9144968986511248 4.5000000000000009 1.6071687340736391 0.17500000447034839 0.22500000149011615 0.27500000596046453 2.2028195858001713 0.87155479192733776 65.562500000000014
decision_type=2 2 2 2 2 2 2 2 2 2 2 2 2 2
left_child=1 6 5 4 -4 7 -1 -3 -5 11 -11 -8 13 -2
right_child=12 2 3 8 -6 -7 9 -9 -10 10 -12 -13 -14 -15
leaf_value=-0.082203556710149006 -0.080000726398350083 -0.080277143055986266 0.08714217996629052 -0.080068030360240169 -0.080050031831016222 -0.086300865144788755 -0.080011395735496496 -0.081548817889758485 -0.08183663402657565 -0.082110757219935715 -0.080000132813347433 -0.081398841055993446 -0.080014278885629508 -0.082142475528455966
leaf_weight=0.29558769257225748 0.13685391624085141 1.3713674291768709 39.173248624274493 1.3502467807837764 0.47288075018150166 0.088568607634442631 21.458647003807194 1.3594625605367125 0.1308993483580706 0.18687695639346091 0.99371901470800594 0.19309318451457969 27.18889481352625 0.033703525643716148
leaf_count=1141 26672 87500 528215 102501 1745 44 5383107 16091 124 32433 1098524 9955 4310474 105
internal_value=-0.0107233 0.0175413 0.0689101 0.0791923 0.085148 -0.0810796 -0.0800675 -0.0809102 -0.0802243 -0.0800398 -0.0803342 -0.0800238 -0.0800168 -0.080424
internal_weight=94.4341 67.0746 43.9467 41.1273 39.6461 2.8194 23.1279 2.73083 1.48115 22.8323 1.1806 21.6517 27.3595 0.170557
internal_count=11598631 7261380 736220 632585 529960 103635 6525160 103591 102625 6524019 1130957 5393062 4337251 26777
is_linear=0
shrinkage=0.1


Tree=370
num_leaves=15
num_cat=0
split_feature=2 0 1 4 1 1 0 4 5 0 0 0 3 4
split_gain=29.3426 6.67355 0.28505 0.255114 0.244127 8.91805e-05 4.27578e-05 4.04148e-05 0.000129381 1.28103e-05 1.09957e-06 2.17717e-07 1.91527e-07 1.58485e-07
threshold=1.0000000180025095e-35 0.17500000447034839 12.500000000000002 -0.51500990986824025 19.500000000000004 4.5000000000000009 0.22500000149011615 0.15477494895458224 1.9235452413558962 0.12500000372529033 0.17500000447034839 0.12500000372529033 32.312500000000007 -0.51500990986824025
decision_type=2 2 2 2 2 2 2 2 2 2 2 2 2 2
left_child=1 2 11 4 -4 -2 10 8 -8 -5 -7 -1 -9 -12
right_child=5 -3 3 9 -6 6 7 12 -10 -11 13 -13 -14 -15
leaf_value=-0.080000320736837591 -0.081833959042784746 0.080001326874173453 0.0017148443104454437 -0.08006037718617609 0.0061291083827707954 -0.08000211575930663 -0.082467129328919031 -0.080394773691333896 -0.080151496350058804 -0.08139222787231129 -0.080163547606278626 -0.080175782294103451 -0.080006273524755311 -0.08005886405595819
leaf_weight=0.32712730300840931 0.2747172520664013 11.304494412826896 578.69352901351522 0.27133388135553005 159.90388535708189 41.152645403518939 0.35127566841742852 0.012848428737470274 0.77059545676360131 0.098411666229367256 0.46368574103979654 0.090221743332222104 1.0265889174983156 0.21017266351049002
leaf_count=73081 249 565456 302198 586 59504 9371108 161 1904 949143 6 20117 33 250708 4377
internal_value=-0.000917039 0.00374812 0.00258228 0.00262895 0.00267052 -0.0800378 -0.0800266 -0.0804603 -0.0808766 -0.0804149 -0.0800042 -0.0800383 -0.0800111 -0.0801309
internal_weight=794.952 750.689 739.385 738.967 738.597 44.2625 43.9878 2.16131 1.12187 0.369746 41.8265 0.417349 1.03944 0.673858
internal_count=11598631 1000864 435408 362294 361702 10597767 10597518 1201916 949304 592 9395602 73114 252612 24494
is_linear=0
shrinkage=0.1


Tree=371
num_leaves=15
num_cat=0
split_feature=2 5 5 4 3 3 4 4 0 5 5 3 3 4
split_gain=25.6004 23.3645 22.6969 21.3707 53.6357 48.2571 9.6813 9.49163 10.7005 7.09862 26.8364 5.53084 13.712 1.36351
threshold=2.0778195858001713 3.3127455711364751 3.3085975646972661 4.8159308433532724 104.18750000000001 73.312500000000014 -0.51500990986824025 6.2101769447326669 0.075000001117587103 3.5858916044235234 3.5934629440307622 63.187500000000007 86.437500000000014 5.0209670066833505
decision_type=2 2 2 2 2 2 2 2 2 2 2 2 2 2
left_child=-1 2 3 5 -5 -2 11 -4 -9 13 -11 -3 -13 -8
right_child=1 6 7 4 -6 -7 9 8 -10 10 -12 12 -14 -15
leaf_value=-0.079348879451994037 -0.043128145266534273 -0.080005172839165639 -0.076075533116953836 -0.018091130452802456 0.0069348428947508152 0.010127087233434803 0.13456819573954834 -0.49212911323609482 -0.13001227957513545 -0.15569282611519925 0.072462199122351578 0.95290989628691314 0.21517724023030216 0.08143473105268377
leaf_weight=39.870140217400149 181.19203105627639 0.45851554998671096 4.515984559986463 1599.3761786401374 1843.498808552682 2792.5599278355558 7.0248543103502525 1.5351371859142093 1.7420556696160927 6.5392088263051873 24.362311716120303 0.28348832533242818 2.2641971633925548 15.455885945133558
leaf_count=5809680 2921196 9111 35539 250131 210452 2162888 6536 1115 37 34492 95235 87 737 61395
internal_value=0.000536533 0.00102799 0.000465465 0.000672608 -0.00469089 0.00688222 0.0651173 -0.170089 -0.299639 0.0552844 0.0241813 0.239724 0.297267 0.098038
internal_weight=6520.68 6480.81 6424.42 6416.63 3442.87 2973.75 56.3885 7.79318 3.27719 53.3823 30.9015 3.0062 2.54769 22.4807
internal_count=11598631 5788951 5581358 5544667 460583 5084084 207593 36691 1152 197658 129727 9935 824 67931
is_linear=0
shrinkage=0.1


Tree=372
num_leaves=15
num_cat=0
split_feature=4 3 3 3 2 5 4 3 5 5 4 4 5 3
split_gain=16.4137 57.5169 139.401 130.422 119.227 77.3605 68.5611 53.2058 52.9117 76.6995 52.0606 47.8932 42.4904 72.574
threshold=4.8159308433532724 104.18750000000001 120.81250000000001 94.437500000000014 2.8750000000000004 2.710699319839478 9.326726436614992 130.31250000000003 2.082067728042603 2.0703378915786748 7.2763648033142099 5.2396721839904794 2.7235324382781987 124.68750000000001
decision_type=2 2 2 2 2 2 2 2 2 2 2 2 2 2
left_child=12 3 8 10 -5 -6 7 -4 9 -3 -2 -10 -1 -14
right_child=1 2 6 4 5 -7 -8 -9 11 -11 -12 -13 13 -15
leaf_value=0.00018515149680067061 -0.031372559463318066 -0.040689043835928668 0.03663869486303329 0.0070934056626816809 0.10078307448634856 -0.098369096436040859 -0.073319633841339049 -0.018666223374183683 -0.010977591007763118 0.13521289701600112 0.015943384396876627 -0.06682818732827997 -0.062548646928354532 0.0058103783882259711
leaf_weight=3308.2100415588711 427.34785696295967 63.486278764830786 758.82662190153496 325.15639523329264 354.52674449669576 20.640758360557811 78.203129355955753 225.68949813438303 228.92969998020271 40.667363491473225 510.11219391975828 466.23253030324122 310.14650223187618 311.08085985965954
leaf_count=9328693 175195 11949 39060 12074 20557 13818 108222 113270 2583 559 44845 78162 1638736 10908
internal_value=0.00011493 0.00509543 -0.00692747 0.0187645 0.0514139 0.0898262 0.016802 0.0239607 -0.0384767 0.0279928 -0.00562593 -0.0484356 -0.00432103 -0.0283177
internal_weight=7429.26 3499.82 1862.04 1637.78 700.324 375.168 1062.72 984.516 799.316 104.154 937.46 695.162 3929.44 621.227
internal_count=11598631 620294 353805 266489 46449 34375 260552 152330 93253 12508 220040 80745 10978337 1649644
is_linear=0
shrinkage=0.1


Tree=373
num_leaves=15
num_cat=0
split_feature=5 5 3 3 0 0 4 2 3 3 4 0 4 3
split_gain=24.9941 4.35032 0.498289 0.191694 0.00266617 0.000113635 7.55362e-05 8.95171e-05 8.93539e-05 3.6876e-06 2.82859e-06 1.18799e-06 1.78448e-07 1.71251e-07
threshold=3.0012133121490483 3.00477147102356 91.937500000000014 91.562500000000014 0.075000001117587103 0.22500000149011615 0.15477494895458224 1.0000000180025095e-35 65.562500000000014 99.062500000000014 6.3878748416900644 0.17500000447034839 -0.51500990986824025 32.312500000000007
decision_type=2 2 2 2 2 2 2 2 2 2 2 2 2 2
left_child=5 2 3 -2 -5 11 7 -7 -9 10 -4 -1 -13 -8
right_child=1 -3 9 4 -6 6 13 8 -10 -11 -12 12 -14 -15
leaf_value=-0.080001755122056428 -0.080017378030853847 -0.080007477051223172 -0.080343538611752252 0.087699547644752573 0.080291343811144111 -0.08000005092300716 -0.080376746650169459 -0.08237851082474118 -0.08046318532101214 -0.080037788445219096 -0.081734151755523191 -0.080169135754219467 -0.080057233438735165 -0.080006268074653483
leaf_weight=43.674761113756553 0.074729965694358635 1.9701617688361555 0.031812944577723878 0.50232655706349838 14.771103903609399 0.47261084982130741 0.012641326968605315 0.64932624155676399 0.38978795595261317 0.13807126040455842 0.02707626238316152 0.47186281757200277 0.20416505271651786 0.95924464150840549
leaf_count=9180155 15042 607486 331 25 572220 565117 1904 179 449776 2969 30 16314 3993 183090
internal_value=-0.0419278 0.0599829 0.0777251 0.0797533 0.080535 -0.0800407 -0.0806989 -0.0811411 -0.08166 -0.0803204 -0.0809829 -0.0800038 -0.0801353 -0.0800111
internal_weight=64.3497 17.5153 15.5451 15.3482 15.2734 46.8344 2.48361 1.51173 1.03911 0.19696 0.0588892 44.3508 0.676028 0.971886
internal_count=11598631 1198103 590617 587287 572245 10400528 1200066 1015072 449955 3330 361 9200462 20307 184994
is_linear=0
shrinkage=0.1


Tree=374
num_leaves=15
num_cat=0
split_feature=2 2 5 5 3 4 1 5 0 0 0 2 5 3
split_gain=17 30.7046 6.24582 3.54511 1.20654 0.000185895 0.000109653 8.78819e-05 2.94428e-05 9.36408e-06 5.58498e-05 2.95512e-05 1.7833e-06 8.29279e-06
threshold=2.4528195858001713 2.3278195858001713 2.0556275844573979 2.0587884187698369 67.062500000000014 9.9144968986511248 4.5000000000000009 1.6071687340736391 0.17500000447034839 0.22500000149011615 0.27500000596046453 2.2028195858001713 0.87155479192733776 65.562500000000014
decision_type=2 2 2 2 2 2 2 2 2 2 2 2 2 2
left_child=1 6 5 4 -4 7 -1 -3 -5 11 -11 -8 13 -2
right_child=12 2 3 8 -6 -7 9 -9 -10 10 -12 -13 -14 -15
leaf_value=-0.082046112101499272 -0.080000663298326155 -0.080262490871761349 0.086851382638259866 -0.080062725966008996 -0.080046412439021386 -0.085709365950533065 -0.080010574922892402 -0.081441736683977917 -0.081697746760239665 -0.081979682337235932 -0.080000119226567024 -0.081304262144223816 -0.080013328442877951 -0.081863208189186798
leaf_weight=0.27533586832599866 0.12656670776731616 1.2649347327935627 36.055654947764197 1.2284071600235495 0.43841988006897636 0.08131135223993613 19.669030324882847 1.262915114768475 0.12098401314869978 0.17133866466031011 0.84742035229896828 0.17816931556526938 24.958159024933249 0.029471188698721562
leaf_count=1141 26672 87500 528215 102501 1745 44 5383107 16091 124 32433 1098524 9955 4310474 105
internal_value=-0.0106722 0.0176017 0.0686434 0.0789609 0.0848464 -0.081003 -0.0800635 -0.0808516 -0.0802093 -0.0800374 -0.080333 -0.0800222 -0.0800154 -0.0803524
internal_weight=86.7081 61.5939 40.4526 37.8435 36.4941 2.60916 21.1413 2.52785 1.34939 20.866 1.01876 19.8472 25.1142 0.156038
internal_count=11598631 7261380 736220 632585 529960 103635 6525160 103591 102625 6524019 1130957 5393062 4337251 26777
is_linear=0
shrinkage=0.1


Tree=375
num_leaves=15
num_cat=0
split_feature=2 0 1 0 1 1 1 0 4 5 0 0 3 4
split_gain=27.1074 6.14155 0.261811 0.240614 1.36145 1.25805 7.12876e-05 3.5627e-05 3.56827e-05 0.000100156 8.73211e-07 1.7113e-07 1.65483e-07 1.24996e-07
threshold=-1.0000000180025095e-35 0.17500000447034839 12.500000000000002 0.075000001117587103 14.500000000000002 14.500000000000002 4.5000000000000009 0.22500000149011615 0.15477494895458224 1.9235452413558962 0.17500000447034839 0.12500000372529033 32.312500000000007 -0.51500990986824025
decision_type=2 2 2 2 2 2 2 2 2 2 2 2 2 2
left_child=1 2 11 5 -5 -4 -2 10 9 -9 -8 -1 -10 -12
right_child=6 -3 3 4 -6 -7 7 8 12 -11 13 -13 -14 -15
leaf_value=-0.080000293988757964 -0.081700360890550383 0.080001213556890577 -0.039967292326549372 0.046472158887182896 0.0033398433940171265 0.0014414636474768111 -0.08000196766184739 -0.082294084970333983 -0.080376087670740948 -0.080154375170257308 -0.080151625286158754 -0.08016220710064649 -0.080006078354663446 -0.080055090646895866
leaf_weight=0.30192100254771403 0.25553518423026744 10.33695376531068 7.4920428837285717 7.4652391444833475 371.19943219944253 354.37581055883493 38.177193449812592 0.32748317428786211 0.012241651403201104 0.65891525343351987 0.427410874341831 0.083283751038834453 0.95847843225641327 0.19547662258827259
leaf_count=73081 249 565456 72739 1544 4574 283437 9371108 161 1904 949143 20117 33 250708 4377
internal_value=-0.000868736 0.00345315 0.00238519 0.00242806 0.00419018 0.000584145 -0.0800353 -0.0800249 -0.0804412 -0.0808648 -0.0800039 -0.0800353 -0.0800107 -0.0801213
internal_weight=792.267 751.255 740.918 740.533 378.665 361.868 41.0127 40.7572 1.95712 0.986398 38.8001 0.385205 0.97072 0.622887
internal_count=11598631 1000864 435408 362294 6118 356176 10597767 10597518 1201916 949304 9395602 73114 252612 24494
is_linear=0
shrinkage=0.1


Tree=376
num_leaves=15
num_cat=0
split_feature=2 5 5 3 3 3 5 4 3 5 3 5 3 4
split_gain=23.7843 20.5883 20.6148 59.1045 24.1587 90.0645 40.4263 20.6276 15.4625 13.8514 13.759 9.08898 4.72222 1.77295
threshold=2.0778195858001713 3.0405635833740239 1.3560934066772463 42.937500000000007 78.437500000000014 91.687500000000014 2.9023202657699589 2.1777986288070683 88.812500000000014 0.82109650969505321 87.062500000000014 3.3085975646972661 65.562500000000014 -1.0000000180025095e-35
decision_type=2 2 2 2 2 2 2 2 2 2 2 2 2 2
left_child=-1 2 3 9 6 -6 -4 -5 10 -2 12 -12 -3 -10
right_child=1 8 4 7 5 -7 -8 -9 13 -11 11 -13 -14 -15
leaf_value=-0.079196526742546097 0.13748943604678351 -0.0078420003127988858 -0.0099250237893616644 -0.06089075654753278 0.05212978954364126 -0.0014581559288198939 -0.08986417011466942 0.11437823170908877 0.17409440145491101 -0.0624822813830051 0.12057417108335629 -0.073384209488811983 0.097952676393965266 0.085782193739368712
leaf_weight=37.199423385894079 3.7649423874255765 6.0536339448531136 634.17592603645699 7.4657013094426636 333.65354948004369 5226.3974980507101 70.272273036959632 66.769201210968731 2.4031270005197589 43.308156061312388 2.7653354408103068 19.125489899333161 13.922166819795448 42.075489128235866
leaf_count=5809680 1210 31401 2317612 181045 1272930 738027 524838 6775 976 436186 287 64325 3650 209689
internal_value=0.000535385 0.000993653 0.000337814 0.0411679 -0.000452835 0.00175761 -0.0178994 0.0967517 0.0494973 -0.0464884 0.00587962 -0.0488826 0.0658918 0.0905536
internal_weight=6509.35 6472.15 6385.81 121.308 6264.5 5560.05 704.448 74.2349 86.3452 47.0731 41.8666 21.8908 19.9758 44.4786
internal_count=11598631 5788951 5478623 625216 4853407 2010957 2842450 187820 310328 437396 99663 64612 35051 210665
is_linear=0
shrinkage=0.1


Tree=377
num_leaves=15
num_cat=0
split_feature=3 1 4 3 3 3 5 3 3 4 4 3 3 3
split_gain=14.1852 14.4211 12.7132 40.4921 110.96 100.827 35.4752 65.9714 41.0998 11.8221 13.6711 12.2759 8.56467 7.43092
threshold=160.68750000000003 16.500000000000004 4.8159308433532724 104.18750000000001 120.81250000000001 94.437500000000014 2.7235324382781987 124.68750000000001 107.93750000000001 9.326726436614992 6.4972276687622079 102.93750000000001 120.81250000000001 96.687500000000014
decision_type=2 2 2 2 2 2 2 2 2 2 2 2 2 2
left_child=1 9 6 5 -5 -4 8 -8 -3 10 11 -1 -12 -11
right_child=-2 2 3 4 -6 -7 7 -9 -10 13 12 -13 -14 -15
leaf_value=0.025413462552420291 -0.078905833395937042 -0.0114536156817798 -0.006821071988302326 -0.037394436415979247 0.015451263338685539 0.045528739130425017 -0.063301460116543112 0.0055042822141667547 0.012030031120551239 -0.00010636574724750023 0.029275982173382366 -0.0047378901419946415 0.088527566201275387 -0.084512367333692551
leaf_weight=281.93288513993843 22.66414290695775 1654.9918460880917 868.16901449336547 700.39974114711549 918.20960769642443 638.49830920157183 274.24323398425531 283.30287244880674 1355.7904640359702 23.805238331877263 69.479568975911207 259.15683969576298 37.596295468634708 18.564189256760073
leaf_count=5107541 46613 5167360 69040 89173 206543 41433 693251 8241 30143 1338 107863 21233 3657 5202
internal_value=8.61672e-05 0.000328617 -0.00109081 0.00356596 -0.00741597 0.0153638 -0.00516938 -0.0283396 -0.000878655 0.0140876 0.0174329 0.0109724 0.0500803 -0.0370889
internal_weight=7406.8 7384.14 6693.61 3125.28 1618.61 1506.67 3568.33 557.546 3010.78 690.535 648.166 541.09 107.076 42.3694
internal_count=11598631 11552018 6305184 406189 295716 110473 5898995 701492 5197503 5246834 5240294 5128774 111520 6540
is_linear=0
shrinkage=0.1


Tree=378
num_leaves=15
num_cat=0
split_feature=5 5 3 3 0 0 4 2 3 3 4 0 3 4
split_gain=21.8996 4.08644 0.466864 0.186297 0.0017502 9.3952e-05 6.57979e-05 7.1013e-05 6.566e-05 2.82791e-06 2.20367e-06 9.39682e-07 1.48008e-07 1.40109e-07
threshold=3.0012133121490483 3.00477147102356 91.937500000000014 91.562500000000014 0.075000001117587103 0.22500000149011615 0.15477494895458224 -1.0000000180025095e-35 65.562500000000014 99.062500000000014 6.3878748416900644 0.17500000447034839 32.312500000000007 -0.51500990986824025
decision_type=2 2 2 2 2 2 2 2 2 2 2 2 2 2
left_child=5 2 3 -2 -5 11 7 -7 -9 10 -4 -1 -8 -13
right_child=1 -3 9 4 -6 6 12 8 -10 -11 -12 13 -14 -15
leaf_value=-0.080001617028116034 -0.080016682110262943 -0.080007191670446287 -0.08031137728967952 0.086641441230873806 0.080253267903979866 -0.080000049038214838 -0.080358934243619271 -0.082209736898971972 -0.080466704138150325 -0.080035525217211481 -0.08158673989313571 -0.080156483965359543 -0.080006045403661394 -0.080053504665085179
leaf_weight=40.444122358870551 0.072729320136654674 1.8753043055396208 0.029733927959115003 0.44357717153616327 12.942330687725187 0.40273243070174669 0.012044343173783889 0.60475069651829394 0.33629928957094535 0.13051874642815164 0.024888387079954555 0.43496778089081545 0.89978385594508836 0.18975627061610012
leaf_count=9180155 15042 607486 331 25 572220 565117 1904 179 449776 2969 30 16314 183090 3993
internal_value=-0.0435261 0.0584039 0.0774281 0.0795977 0.080465 -0.080038 -0.0806664 -0.0811113 -0.0815868 -0.0802884 -0.0808925 -0.0800035 -0.0800107 -0.0801252
internal_weight=58.8435 15.5191 13.6438 13.4586 13.3859 43.3245 2.25561 1.34378 0.94105 0.185141 0.0546223 41.0688 0.911828 0.624724
internal_count=11598631 1198103 590617 587287 572245 10400528 1200066 1015072 449955 3330 361 9200462 184994 20307
is_linear=0
shrinkage=0.1


Tree=379
num_leaves=15
num_cat=0
split_feature=2 2 5 5 3 4 1 5 0 0 2 3 0 2
split_gain=15.7006 28.199 5.78873 3.32773 1.1099 0.00013735 8.77224e-05 7.278e-05 2.79957e-05 1.05055e-05 6.46704e-06 2.77784e-05 8.97655e-06 5.43372e-06
threshold=2.4528195858001713 2.3278195858001713 2.0556275844573979 2.0587884187698369 67.062500000000014 9.9144968986511248 6.5000000000000009 1.6071687340736391 0.17500000447034839 0.22500000149011615 2.2028195858001713 66.062500000000014 0.22500000149011615 1.0000000180025095e-35
decision_type=2 2 2 2 2 2 2 2 2 2 2 2 2 2
left_child=1 6 5 4 -4 7 9 -3 -5 -1 12 -12 -8 -11
right_child=-2 2 3 8 -6 -7 10 -9 -10 13 11 -13 -14 -15
leaf_value=-0.080070181270928062 -0.080014471002865961 -0.080243379992444047 0.08657429315950399 -0.080057455018790913 -0.080042861504722715 -0.085159597339611287 -0.080009796026053834 -0.081354370187555688 -0.081673170552887392 -0.080000043723998659 -0.081795093295475504 -0.080004610693133998 -0.08045645469515858 -0.08191095306505343
leaf_weight=0.038755217675048637 23.312148411351586 1.1835135737921971 33.322659248500713 1.1535063021848362 0.40465555795526498 0.074440968224735005 18.170150671095946 1.1751016062216875 0.11823344766526123 0.015663322065051943 0.10933382696867866 0.41764045785052417 0.4613679264248266 0.29773109854943414
leaf_count=5748 4337251 87500 528215 102501 1745 44 5377501 16091 124 24318 148 576240 540943 262
internal_value=-0.010887 0.0174135 0.0682191 0.0785876 0.0845752 -0.0809304 -0.0800594 -0.0807969 -0.0802077 -0.0816234 -0.0800306 -0.0803761 -0.0800209 -0.0818154
internal_weight=80.2549 56.9428 37.4321 34.9991 33.7273 2.43306 19.5106 2.35862 1.27174 0.35215 19.1585 0.526974 18.6315 0.313394
internal_count=11598631 7261380 736220 632585 529960 103635 6525160 103591 102625 30328 6494832 576388 5918444 24580
is_linear=0
shrinkage=0.1


Tree=380
num_leaves=15
num_cat=0
split_feature=2 0 1 4 0 0 4 3 2 0 2 0 0 3
split_gain=24.5216 5.89302 0.23024 0.227454 0.224662 5.4894e-05 4.49017e-05 7.38834e-05 2.0572e-05 9.89031e-06 5.31433e-06 6.41444e-07 1.2472e-07 1.22166e-07
threshold=1.0000000180025095e-35 0.17500000447034839 12.500000000000002 -0.51500990986824025 0.12500000372529033 0.22500000149011615 0.15477494895458224 65.562500000000014 2.2028195858001713 0.12500000372529033 2.3278195858001713 0.17500000447034839 0.12500000372529033 32.312500000000007
decision_type=2 2 2 2 2 2 2 2 2 2 2 2 2 2
left_child=1 2 12 4 -4 11 7 10 -9 -5 -7 -2 -1 -8
right_child=5 -3 3 9 -6 6 13 8 -10 -11 -12 -13 -14 -15
leaf_value=-0.080000264956906375 -0.08000182165709499 0.080001130490747835 0.0010159227846953756 -0.080055423671094819 0.0075106096739960427 -0.081530791766371138 -0.080340102453923118 -0.08200560322200065 -0.080000036785140546 -0.081276995124899221 -0.082173306855486794 -0.080109459872887229 -0.080145956750856007 -0.08000547036814766
leaf_weight=0.27171490076648197 35.325958784201305 9.6724215243284544 689.32339531506295 0.24893851069646089 57.721409149467945 0.26418505003675707 0.01105055965831514 0.056710859760642052 0.52110109059807996 0.090327651239931583 0.25107086595994588 0.56245264365980929 0.074970121262595057 0.85649271922252979
leaf_count=73081 9371327 565456 361331 586 371 13 1904 2 949149 6 166 24494 33 250712
internal_value=-0.00147942 0.002446 0.00144277 0.00148057 0.00151774 -0.0800317 -0.0805469 -0.0809732 -0.0801969 -0.0803807 -0.0818439 -0.0800035 -0.0800318 -0.0800097
internal_weight=795.252 757.403 747.731 747.384 747.045 37.849 1.96061 1.09307 0.577812 0.339266 0.515256 35.8884 0.346685 0.867543
internal_count=11598631 1000864 435408 362294 361702 10597767 1201946 949330 949151 592 179 9395821 73114 252616
is_linear=0
shrinkage=0.1


Tree=381
num_leaves=15
num_cat=0
split_feature=2 5 3 5 5 5 3 3 4 3 5 5 4 4
split_gain=23.5778 39.8769 129.38 98.3747 33.6271 36.6195 27.9148 24.916 21.5902 18.9948 70.7808 66.226 12.8874 12.6541
threshold=2.6250000000000004 2.0556275844573979 72.812500000000014 2.0587884187698369 2.3428381681442265 2.0840848684310918 99.062500000000014 78.437500000000014 8.5749278068542498 57.312500000000007 1.69369512796402 1.5522304177284243 7.7547826766967782 8.7799639701843279
decision_type=2 2 2 2 2 2 2 2 2 2 2 2 2 2
left_child=8 2 9 6 5 -5 13 -6 -1 10 -2 -11 -8 -3
right_child=1 3 -4 4 7 -7 12 -9 -10 11 -12 -13 -14 -15
leaf_value=-0.033701282455420971 -0.036830005314721935 -0.080063581865600017 0.11842087256350986 -0.012535871765564647 -0.031408207466282881 0.033422919579909338 -0.043333177638899108 0.00046588811738025891 0.02314539801188915 0.17461323904494741 0.18161653928901281 -0.0056269541571886779 0.081838678743589841 -0.15067245283687772
leaf_weight=335.2923557427639 193.18270615600343 66.300351881270672 122.6646661673509 242.57319735478268 259.93212193099498 607.7110382612027 34.524424165824257 4340.6422185788142 83.436630743495698 25.094242355853424 16.066468354822973 108.64495385359032 10.797869960195383 41.1245771672111
leaf_count=7588847 1074394 759736 41559 25908 1066022 136734 1413 753565 5079 4315 29796 110757 200 306
internal_value=0.000576885 0.0021603 0.030279 -0.000176331 0.00204167 0.0203116 -0.0793268 -0.001335 -0.0223739 -0.00124359 -0.0200573 0.0281925 -0.0135114 -0.107094
internal_weight=6487.99 6069.26 465.653 5603.61 5450.86 850.284 152.747 4600.57 418.729 342.988 209.249 133.739 45.3223 107.425
internal_count=11598631 4004705 1260821 2743884 1982229 162642 761655 1819587 7593926 1219262 1104190 115072 1613 760042
is_linear=0
shrinkage=0.1


Tree=382
num_leaves=15
num_cat=0
split_feature=3 2 5 3 4 3 3 2 4 5 5 3 3 2
split_gain=13.6036 21.6766 25.6216 21.0958 15.3817 52.691 125.843 99.8138 40.6374 36.2888 36.0708 52.2183 52.1799 64.7922
threshold=130.31250000000003 2.8750000000000004 2.8287111520767216 137.93750000000003 4.8159308433532724 122.68750000000001 107.93750000000001 2.8750000000000004 6.2101769447326669 2.082067728042603 2.7235324382781987 126.43750000000001 128.31250000000003 2.8750000000000004
decision_type=2 2 2 2 2 2 2 2 2 2 2 2 2 2
left_child=4 -2 -3 -4 10 6 7 -6 -7 -8 11 -1 13 -12
right_child=1 2 3 -5 5 8 9 -9 -10 -11 12 -13 -14 -15
leaf_value=0.003193952272328156 0.0070246417050987319 -0.069782476434328194 0.021305131034680017 -0.089471733854701224 -0.0041698693581095547 0.042200741854206358 0.025210254425526227 0.0443562813074437 -0.019922030204869122 -0.046796032656067972 0.0025653255039921464 -0.065020138858738794 0.033630309210186803 -0.077661188980402307
leaf_weight=3104.4511793362149 194.42892700963458 121.18870828429826 81.641876516207049 21.776187909525106 1215.2861489606375 564.31742444853444 79.614546373413759 650.90285296302682 129.45444125890208 578.90822111806665 173.85975950950962 116.42994732790112 109.95865571979084 239.12095582184901
leaf_count=9324502 22905 43706 29524 110083 195084 7561 10256 90234 43608 76328 1635985 2047 1885 4923
internal_value=7.78791e-05 -0.017421 -0.0385821 -0.00202056 0.00113107 0.00620048 -0.000506774 0.0127554 0.0306089 -0.0380906 -0.00322699 0.000728117 -0.0275873 -0.0438868
internal_weight=7381.34 419.036 224.607 103.418 6962.3 3218.48 2524.71 1866.19 693.772 658.523 3743.82 3220.88 522.939 412.981
internal_count=11598631 206218 183313 139607 11392413 423071 371902 285318 51169 86584 10969342 9326549 1642793 1640908
is_linear=0
shrinkage=0.1


Tree=383
num_leaves=15
num_cat=0
split_feature=5 5 3 3 0 0 4 2 3 3 4 0 3 4
split_gain=20.422 3.80802 0.430112 0.176248 0.00148058 7.25144e-05 5.16012e-05 5.2601e-05 4.57974e-05 1.95737e-06 1.52593e-06 6.90509e-07 1.09287e-07 1.03923e-07
threshold=3.0012133121490483 3.00477147102356 91.937500000000014 91.562500000000014 0.075000001117587103 0.22500000149011615 0.15477494895458224 1.0000000180025095e-35 65.562500000000014 99.062500000000014 6.3878748416900644 0.17500000447034839 32.312500000000007 -0.51500990986824025
decision_type=2 2 2 2 2 2 2 2 2 2 2 2 2 2
left_child=5 2 3 -2 -5 11 7 -7 -9 10 -4 -1 -8 -13
right_child=1 -3 9 4 -6 6 12 8 -10 -11 -12 13 -14 -15
leaf_value=-0.080001485580532536 -0.080014594289795807 -0.080006877911349528 -0.080278260714364669 0.08626227370924705 0.080226869708238377 -0.080000035607920045 -0.080324612207642435 -0.082004771390093517 -0.080450561105050153 -0.080031698617741592 -0.081397119916208682 -0.080141376763075631 -0.080005428363075115 -0.080048179697059199
leaf_weight=37.408740323125521 0.068842375634624697 1.7469200845909547 0.027244872306710799 0.4205831238068648 12.104510370952992 0.34318587230910569 0.010871929728864305 0.55045099167011813 0.28920337056504763 0.12141345986469787 0.02205842881994613 0.39209089254956098 0.80591837056843474 0.17219528792909855
leaf_count=9180155 15042 607486 331 25 572220 565117 1904 179 449776 2969 30 16314 183090 3993
internal_value=-0.0431457 0.0584646 0.0774153 0.0795525 0.0804295 -0.080034 -0.080621 -0.0810431 -0.0814695 -0.0802475 -0.0807788 -0.0800031 -0.0800097 -0.0801129
internal_weight=54.4842 14.5116 12.7647 12.5939 12.5251 39.9727 1.99963 1.18284 0.839654 0.170717 0.0493033 37.973 0.81679 0.564286
internal_count=11598631 1198103 590617 587287 572245 10400528 1200066 1015072 449955 3330 361 9200462 184994 20307
is_linear=0
shrinkage=0.1


Tree=384
num_leaves=15
num_cat=0
split_feature=2 2 5 5 3 4 1 5 0 0 2 3 0 2
split_gain=14.5979 26.0621 5.29305 3.05915 1.02275 0.000109817 6.55898e-05 5.65545e-05 2.05055e-05 7.81216e-06 5.66168e-06 2.21723e-05 7.17875e-06 3.80725e-06
threshold=2.4528195858001713 2.3278195858001713 2.0556275844573979 2.0587884187698369 67.062500000000014 9.9144968986511248 6.5000000000000009 1.6071687340736391 0.17500000447034839 0.22500000149011615 2.2028195858001713 66.062500000000014 0.22500000149011615 1.0000000180025095e-35
decision_type=2 2 2 2 2 2 2 2 2 2 2 2 2 2
left_child=1 6 5 4 -4 7 9 -3 -5 -1 12 -12 -8 -11
right_child=-2 2 3 8 -6 -7 10 -9 -10 13 11 -13 -14 -15
leaf_value=-0.080063203240510639 -0.080013062567041132 -0.080220930366270871 0.086236772530783004 -0.080051709539395666 -0.080039997109636524 -0.084772852577267035 -0.080008978473041406 -0.081243839539229271 -0.081505559058432819 -0.080000037083094666 -0.081673582497192629 -0.080004351035474097 -0.080438064608305715 -0.081730097795390019
leaf_weight=0.034891897208931932 21.539953447646482 1.0794173914125051 31.058286955496445 1.0668368609688048 0.37437691583909227 0.069454381848117808 16.818024666226513 1.0825756036550158 0.10671797151735507 0.013347398794905985 0.10218894275754919 0.35958955410655591 0.39915985657319097 0.27062854665706482
leaf_count=5748 4337251 87500 528215 102501 1745 44 5377501 16091 124 24318 148 576240 540943 262
internal_value=-0.0106272 0.01766 0.0681409 0.0783379 0.0842563 -0.0808589 -0.0800538 -0.0807331 -0.0801839 -0.0814753 -0.0800282 -0.0803737 -0.0800189 -0.0816488
internal_weight=74.3755 52.8355 34.8377 32.6062 31.4327 2.23145 17.9978 2.16199 1.17355 0.318868 17.679 0.461778 17.2172 0.283976
internal_count=11598631 7261380 736220 632585 529960 103635 6525160 103591 102625 30328 6494832 576388 5918444 24580
is_linear=0
shrinkage=0.1


Tree=385
num_leaves=15
num_cat=0
split_feature=3 0 0 1 1 1 1 0 1 0 4 3 2 2
split_gain=22.6673 5.4058 0.214416 1.2038 1.51944 1.07919 0.912685 0.745098 0.0379682 4.47415e-05 3.77468e-05 5.53802e-05 1.61428e-05 4.27443e-06
threshold=1.0000000180025095e-35 0.17500000447034839 0.075000001117587103 14.500000000000002 18.500000000000004 14.500000000000002 17.500000000000004 0.12500000372529033 12.500000000000002 0.22500000149011615 0.15477494895458224 65.562500000000014 2.2028195858001713 2.3278195858001713
decision_type=2 2 2 2 2 2 2 2 2 2 2 2 2 2
left_child=1 2 5 7 -5 8 -7 -4 -1 -2 11 13 -13 -11
right_child=9 -3 3 4 -6 6 -8 -9 -10 10 -12 12 -14 -15
leaf_value=-0.08000019761429103 -0.080003250035289436 0.080001037559964266 0.014371302001968039 -0.0029596820102074715 0.009976570959163638 0.013806520622571398 -0.0013088361723273031 0.077098744404560535 -0.037168718075095759 -0.081413499508772649 -0.080009114096030287 -0.081853444402774853 -0.080000031534938121 -0.082011992913197773
leaf_weight=0.21326660673650977 33.035740386870287 8.8961117754552088 4.2233206204155058 217.53022296339623 155.84529161278624 45.80957041723741 312.14194394388323 3.4328622680623084 7.0027327924181009 0.24449788453057297 0.79730233784468396 0.052569553256034851 0.44302006930416837 0.23310474495644939
leaf_count=68369 9395821 565456 6244 3532 1042 57045 226392 45 72739 13 252616 2 949149 166
internal_value=-0.00112786 0.00250912 0.00158527 0.00324473 0.00243985 -0.000146278 0.000625582 0.0424969 -0.0384346 -0.0800295 -0.0805192 -0.0809372 -0.0801966 -0.0817056
internal_weight=789.902 755.095 746.199 381.032 373.376 365.168 357.952 7.65618 7.216 34.8062 1.77049 0.973192 0.49559 0.477603
internal_count=11598631 1000864 435408 10863 4574 424545 283437 6289 141108 10597767 1201946 949330 949151 179
is_linear=0
shrinkage=0.1


Tree=386
num_leaves=15
num_cat=0
split_feature=2 1 5 3 3 5 3 3 3 4 3 1 5 5
split_gain=21.5398 19.7045 19.4581 50.2733 19.5636 62.73 20.0494 17.0823 12.9695 2.92912 1.37582 1.11726 0.657433 0.0898081
threshold=2.0778195858001713 12.500000000000002 1.3560934066772463 42.937500000000007 72.812500000000014 1.8844705224037173 72.687500000000014 58.062500000000007 37.562500000000007 9.1080212593078631 126.43750000000001 11.500000000000002 1.3560934066772463 2.8918750286102299
decision_type=2 2 2 2 2 2 2 2 2 2 2 2 2 2
left_child=13 9 3 8 6 -6 -4 -5 -3 10 12 -12 -2 -1
right_child=1 2 4 7 5 -7 -8 -9 -10 -11 11 -13 -14 -15
leaf_value=-0.081736534722296542 -0.16326760217279529 0.10949787592945011 -0.014852482288202587 0.062268710736506951 0.090683695252176871 0.0010671254325986092 -0.15479660918000634 0.16992147248434333 -0.062440579231405537 0.13335748914724557 -0.082552473366955134 0.014562881074276821 -0.087650576328621471 -0.069460435844681243
leaf_weight=26.222164716532461 1.2050841841804594 4.9594922011827398 533.56696313027396 48.63830138022422 79.203637566741236 5649.4868144335805 10.43773249977721 21.149224628104719 38.010979781258811 0.64367467546253365 2.3029373362915058 2.4394686742889462 25.050932898334068 7.7119157874767543
leaf_count=5524583 85153 78501 1957689 161150 42065 2398685 40970 4487 295925 12 583 192 723539 285097
internal_value=0.000515024 0.000935224 0.0013253 0.0424979 0.000585182 0.00230614 -0.0175376 0.0948931 -0.0425961 -0.0777834 -0.0821676 -0.0325968 -0.0911212 -0.0789466
internal_weight=6451.03 6417.1 6385.45 112.758 6272.7 5728.69 544.005 69.7875 42.9705 31.6421 30.9984 4.74241 26.256 33.9341
internal_count=11598631 5788951 4979472 540063 4439409 2440750 1998659 165637 374426 809479 809467 775 808692 5809680
is_linear=0
shrinkage=0.1


Tree=387
num_leaves=15
num_cat=0
split_feature=3 1 4 4 0 1 4 4 2 2 0 3 5 2
split_gain=12.4599 12.9202 13.6561 13.92 11.8841 22.9474 18.2494 39.5228 38.5002 12.5479 10.7807 7.28967 7.10968 4.11788
threshold=160.68750000000003 15.500000000000002 9.5727705955505389 6.4972276687622079 0.075000001117587103 17.500000000000004 6.3878748416900644 4.8159308433532724 2.8750000000000004 2.4528195858001713 0.27500000596046453 105.93750000000001 2.7235324382781987 2.2028195858001713
decision_type=2 2 2 2 2 2 2 2 2 2 2 2 2 2
left_child=1 2 3 10 6 9 7 -3 -8 -6 -1 -7 -5 -2
right_child=13 4 -4 12 5 11 8 -9 -10 -11 -12 -13 -14 -15
leaf_value=0.017439349954205152 0.084464498638365637 -0.0068063858052879794 -0.074356595202886053 0.073868938145123422 0.0097449797213336811 0.0044516711629036618 -0.0025035896236000861 0.011071344221582751 -0.04685371327439735 0.056595562792678633 -0.054112491065117653 -0.028401303854354951 -0.007293155970738362 -0.090011791358777946
leaf_weight=279.46561714253221 1.4557290840895145 3153.0305745865908 15.415149029562597 62.899847387547197 98.081248316716938 430.40530032288052 714.92698715491861 2034.4811927606279 269.53077248181307 137.04033535238341 22.773344840550635 80.110671011443628 13.028631691462577 19.112029469731965
leaf_count=2673826 36 3528358 1839 51608 792780 1623299 37598 64959 298218 836992 1581409 8773 52359 46577
internal_value=6.09514e-05 0.000279603 0.0179034 0.0216642 -0.000723119 0.0112018 -0.00216377 0.00020505 -0.014646 0.0370518 0.012048 -0.00070365 0.0599423 -0.0776628
internal_weight=7331.76 7311.19 393.583 378.167 6917.61 745.638 6171.97 5187.51 984.458 235.122 302.239 510.516 75.9285 20.5678
internal_count=11598631 11552018 4361041 4359202 7190977 3261844 3929133 3593317 335816 1629772 4255235 1632072 103967 46613
is_linear=0
shrinkage=0.1


Tree=388
num_leaves=15
num_cat=0
split_feature=5 5 3 3 0 0 4 2 3 3 4 0 3 4
split_gain=18.7392 3.50482 0.397129 0.162551 0.00116823 5.91279e-05 4.35672e-05 4.09112e-05 3.31944e-05 1.55809e-06 1.21249e-06 5.39199e-07 8.75129e-08 8.13665e-08
threshold=3.0012133121490483 3.00477147102356 91.937500000000014 91.562500000000014 0.075000001117587103 0.22500000149011615 0.15477494895458224 1.0000000180025095e-35 65.562500000000014 99.062500000000014 6.3878748416900644 0.17500000447034839 32.312500000000007 -0.51500990986824025
decision_type=2 2 2 2 2 2 2 2 2 2 2 2 2 2
left_child=5 2 3 -2 -5 11 7 -7 -9 10 -4 -1 -8 -13
right_child=1 -3 9 4 -6 6 12 8 -10 -11 -12 13 -14 -15
leaf_value=-0.080001386518433693 -0.080013493366741961 -0.080006331399941899 -0.080258303138833198 0.085772496666540576 0.080212079528802688 -0.080000031833731111 -0.080301532748496524 -0.081854352813150774 -0.080447847533955258 -0.080029627503420603 -0.081294099473086801 -0.080130346278014186 -0.080005059469729869 -0.08004438589371575
leaf_weight=34.433343782502064 0.063517620923103091 1.609392971991247 0.025219289848792736 0.39114978964789848 11.108867872982044 0.29244370078106274 0.010091582936979537 0.51024367633249312 0.25001528311733523 0.11203922513254838 0.020477899802244792 0.36040472832621617 0.7430935539360064 0.15856147597403847
leaf_count=9180155 15042 607486 331 25 572220 565117 1904 179 449776 2969 30 16314 183090 3993
internal_value=-0.0431974 0.0583704 0.0773703 0.0795201 0.0804012 -0.0800317 -0.0805897 -0.0810052 -0.0813918 -0.0802303 -0.0807225 -0.0800029 -0.080009 -0.0801041
internal_weight=50.0889 13.3307 11.7213 11.5635 11.5 36.7582 1.80589 1.0527 0.760259 0.157736 0.0456972 34.9523 0.753185 0.518966
internal_count=11598631 1198103 590617 587287 572245 10400528 1200066 1015072 449955 3330 361 9200462 184994 20307
is_linear=0
shrinkage=0.1


Tree=389
num_leaves=15
num_cat=0
split_feature=2 2 5 5 3 4 1 5 0 0 2 3 0 2
split_gain=13.5052 23.9484 4.87447 2.81097 0.938189 8.68318e-05 5.18733e-05 4.47057e-05 1.60106e-05 6.17214e-06 4.66509e-06 1.69779e-05 6.11807e-06 2.77265e-06
threshold=2.4528195858001713 2.3278195858001713 2.0556275844573979 2.0587884187698369 67.062500000000014 9.9144968986511248 6.5000000000000009 1.6071687340736391 0.17500000447034839 0.22500000149011615 2.2028195858001713 66.062500000000014 0.22500000149011615 1.0000000180025095e-35
decision_type=2 2 2 2 2 2 2 2 2 2 2 2 2 2
left_child=1 6 5 4 -4 7 9 -3 -5 -1 12 -12 -8 -11
right_child=-2 2 3 8 -6 -7 10 -9 -10 13 11 -13 -14 -15
leaf_value=-0.080058178015113002 -0.08001169569079529 -0.080205486206334442 0.085971365881135395 -0.080047663166376279 -0.080036823796428236 -0.084404041411781927 -0.080008301419985356 -0.081151791217432601 -0.081385027927914577 -0.080000028898625175 -0.081537444908742623 -0.080004285273316003 -0.080432701918168287 -0.081596410891488641
leaf_weight=0.032114799520402637 19.826541762554669 0.99706074586418869 28.790487376903009 0.98309107447050681 0.34450649411155509 0.064612527507051598 15.477810792356989 0.99986137815068332 0.098485020072985208 0.01137390330976018 0.094189185002336084 0.30979088386605724 0.34729601597777637 0.25045848124321424
leaf_count=5748 4337251 87500 528215 102501 1745 44 5377501 16091 124 24318 148 576240 540943 262
internal_value=-0.0104144 0.0178611 0.0679814 0.0781318 0.0840084 -0.080796 -0.08005 -0.0806793 -0.0801694 -0.0813666 -0.0800262 -0.0803617 -0.0800176 -0.0815271
internal_weight=68.6277 48.8011 32.2781 30.2166 29.135 2.06153 16.523 1.99692 1.08158 0.293947 16.2291 0.40398 15.8251 0.261832
internal_count=11598631 7261380 736220 632585 529960 103635 6525160 103591 102625 30328 6494832 576388 5918444 24580
is_linear=0
shrinkage=0.1


Tree=390
num_leaves=15
num_cat=0
split_feature=2 0 0 1 1 1 1 0 1 0 4 3 2 2
split_gain=20.7002 4.7389 0.315054 1.06912 1.23858 0.872289 0.770099 0.62183 0.0384662 4.16831e-05 3.45864e-05 4.64751e-05 1.22434e-05 4.13764e-06
threshold=-1.0000000180025095e-35 0.17500000447034839 0.075000001117587103 14.500000000000002 18.500000000000004 14.500000000000002 17.500000000000004 0.12500000372529033 12.500000000000002 0.22500000149011615 0.15477494895458224 65.562500000000014 2.2028195858001713 2.3278195858001713
decision_type=2 2 2 2 2 2 2 2 2 2 2 2 2 2
left_child=1 2 5 7 -5 8 -7 -4 -1 -2 11 13 -13 -11
right_child=9 -3 3 4 -6 6 -8 -9 -10 10 -12 12 -14 -15
leaf_value=-0.080000181163712603 -0.080002964960384892 0.080000912434994562 0.0146599204835903 -0.0021818974792576023 0.0094965223237524158 0.012023978298513647 -0.0017402999973684611 0.071916855684449846 -0.034764439742968722 -0.081347579700438058 -0.080008550288318991 -0.081693136681808762 -0.080000027260821796 -0.08194836567249697
leaf_weight=0.19346656053767119 30.256856361269175 7.7620988983462658 4.2105361170606548 216.4658448312548 156.45124031673186 46.69568318167876 313.85761025676038 3.4517037572804838 6.6306826509171515 0.23280821368098148 0.7115637025181627 0.048169439658522606 0.37684459330625941 0.22583377709088381
leaf_count=68369 9395821 565456 6244 3532 1042 57045 226392 45 72739 13 252616 2 949149 166
internal_value=-0.0010608 0.00226757 0.00146087 0.00347733 0.00271759 -0.00062804 4.2328e-05 0.0404532 -0.0360469 -0.0800292 -0.0805274 -0.0809453 -0.0801919 -0.0816434
internal_weight=787.571 755.719 747.957 380.579 372.917 367.377 360.553 7.66224 6.82415 31.8521 1.59522 0.883656 0.425014 0.458642
internal_count=11598631 1000864 435408 10863 4574 424545 283437 6289 141108 10597767 1201946 949330 949151 179
is_linear=0
shrinkage=0.1


Tree=391
num_leaves=15
num_cat=0
split_feature=2 5 3 5 5 5 3 3 4 3 2 3 5 4
split_gain=19.7084 34.2712 115.943 84.2511 35.9227 114.881 25.0542 22.9596 20.2293 21.4021 17.8332 21.1374 20.291 44.9332
threshold=2.6250000000000004 2.0556275844573979 72.812500000000014 2.0587884187698369 2.0703378915786748 2.0721787214279179 99.062500000000014 99.062500000000014 5.2396721839904794 100.43750000000001 2.4528195858001713 52.312500000000007 1.5365180373191836 6.0188097953796396
decision_type=2 2 2 2 2 2 2 2 2 2 2 2 2 2
left_child=8 2 -2 6 7 -6 -3 -5 9 -1 11 -10 13 -12
right_child=1 3 -4 4 5 -7 -8 -9 10 -11 12 -13 -14 -15
leaf_value=-0.068919193681035704 -0.0007519150935571602 -0.10134448566105068 0.11747069309108459 0.13679462655241492 -0.13322203907199023 0.0022779754515453114 -0.011648161127757552 0.0315009855763934 -0.0702202393606534 0.019178587274264122 1.7965394019946517 0.06642573102021497 -0.027413228822835825 0.10080910324792623
leaf_weight=121.53610896781606 333.52926800548039 104.1185865133134 110.41851956043183 28.138600050541754 63.324266552572226 5257.815652818279 44.429176197779725 78.433143931911218 14.131335449362266 35.668762782201156 0.15936820674687524 56.908131717751758 169.99301107300471 8.0175064184932108
leaf_count=7485406 1219262 760042 41559 10079 1247 1968914 1613 1989 9910 15262 3 72168 9640 1537
internal_value=0.000473338 0.00191218 0.0286524 -0.000216712 0.00181677 0.000665456 -0.0745172 0.0593021 -0.0208402 -0.0489304 -0.00312047 0.0392438 -0.0200118 0.133859
internal_weight=6426.62 6020.21 443.948 5576.26 5427.71 5321.14 148.548 106.572 406.414 157.205 249.209 71.0395 178.17 8.17687
internal_count=11598631 4004705 1260821 2743884 1982229 1970161 761655 12068 7593926 7500668 93258 82078 11180 1540
is_linear=0
shrinkage=0.1


Tree=392
num_leaves=15
num_cat=0
split_feature=3 5 2 5 2 3 4 5 2 3 5 5 4 5
split_gain=11.858 19.672 21.9358 17.0428 13.7397 12.9471 78.0567 47.051 176.452 65.5636 42.8507 37.5554 33.0344 21.2082
threshold=130.31250000000003 2.968924999237061 2.8750000000000004 2.9883444309234624 2.8750000000000004 122.68750000000001 4.3785204887390146 2.7235324382781987 2.8750000000000004 107.93750000000001 2.7186124324798588 2.710699319839478 9.326726436614992 2.6948120594024663
decision_type=2 2 2 2 2 2 2 2 2 2 2 2 2 2
left_child=5 2 -2 -3 -5 7 13 10 9 -9 11 -1 -8 -7
right_child=1 3 -4 4 -6 6 12 8 -10 -11 -12 -13 -14 -15
leaf_value=0.0018622451917481961 0.00054888083654091658 0.093726988088896249 -0.049748253873664876 0.042473620507440926 -0.086040608945223002 -0.049117920087290379 0.030172448946246974 0.018044079709815381 -0.10865003866200361 -0.10847290243083041 0.074836900529209868 -0.10521475699262169 -0.07564337386804651 -0.0025555617821941185
leaf_weight=4829.6475375145128 166.0168328113067 27.725257686513942 181.51237073739424 19.680949226174562 14.410175682254701 206.21201556896631 857.31821456323451 433.84393229522476 186.04773122982414 45.230888731275627 80.189350693147389 32.978854486485943 30.554436480355434 186.10394261326928
leaf_count=8805927 7468 2863 57537 15104 123246 5641 33578 1714540 77957 4776 649938 75253 19566 5237
internal_value=6.04118e-05 -0.0164754 -0.025721 0.035503 -0.0118488 0.0010431 0.0101171 -0.00102834 -0.0259984 0.00609923 0.00233172 0.00113604 0.026531 -0.02703
internal_weight=7297.47 409.346 347.529 61.8164 34.0911 6888.13 1280.19 5607.94 665.123 479.075 4942.82 4862.63 887.873 392.316
internal_count=11598631 206218 65005 141213 138350 11392413 64022 11328391 1797273 1719316 9531118 8881180 53144 10878
is_linear=0
shrinkage=0.1


Tree=393
num_leaves=15
num_cat=0
split_feature=5 5 3 3 0 0 4 2 3 3 4 0 3 4
split_gain=16.8406 3.2124 0.363255 0.148495 0.000958648 5.47729e-05 3.98405e-05 3.45777e-05 2.72368e-05 1.20302e-06 9.42791e-07 4.06597e-07 8.21362e-08 6.07113e-08
threshold=3.0012133121490483 3.00477147102356 91.937500000000014 91.562500000000014 0.075000001117587103 0.22500000149011615 0.15477494895458224 1.0000000180025095e-35 65.562500000000014 99.062500000000014 6.3878748416900644 0.17500000447034839 32.312500000000007 -0.51500990986824025
decision_type=2 2 2 2 2 2 2 2 2 2 2 2 2 2
left_child=5 2 3 -2 -5 11 7 -7 -9 10 -4 -1 -8 -13
right_child=1 -3 9 4 -6 6 12 8 -10 -11 -12 13 -14 -15
leaf_value=-0.080001273224875602 -0.08001226909982867 -0.080005852521477058 -0.080233822476203656 0.085401869265423688 0.080206742806404011 -0.080000024829618238 -0.080295256154806996 -0.081783006901757896 -0.080435018450386087 -0.080027306312397781 -0.081187864677673222 -0.080118679111444047 -0.080004203090821346 -0.080040688241553276
leaf_weight=31.563365059942761 0.058038256144464451 1.4806948751631033 0.022996008466976359 0.3683350794308361 9.9566732718303665 0.24920423557622828 0.0098395991395818783 0.4895507038032747 0.21604292171247153 0.10255412542778686 0.018847677210942493 0.32723294147012894 0.66414742359671664 0.1436177959214423
leaf_count=9180155 15042 607486 331 25 572220 565117 1904 179 449776 2969 30 16314 183090 3993
internal_value=-0.0437637 0.0579073 0.0773049 0.0794955 0.0803921 -0.0800314 -0.0805971 -0.0810126 -0.0813703 -0.0802117 -0.0806636 -0.0800026 -0.0800085 -0.0800949
internal_weight=45.6711 12.0081 10.5274 10.383 10.325 33.663 1.62878 0.954798 0.705594 0.144398 0.0418437 32.0342 0.673987 0.470851
internal_count=11598631 1198103 590617 587287 572245 10400528 1200066 1015072 449955 3330 361 9200462 184994 20307
is_linear=0
shrinkage=0.1


Tree=394
num_leaves=15
num_cat=0
split_feature=2 2 5 5 3 4 1 5 0 0 0 2 3 3
split_gain=12.3293 21.9729 4.4458 2.56599 0.859152 6.61273e-05 4.58811e-05 3.48047e-05 1.21039e-05 4.685e-06 2.04247e-05 1.12836e-05 2.74918e-07 1.27172e-06
threshold=2.4528195858001713 2.3278195858001713 2.0556275844573979 2.0587884187698369 67.062500000000014 9.9144968986511248 4.5000000000000009 1.6071687340736391 0.17500000447034839 0.22500000149011615 0.27500000596046453 2.2028195858001713 66.062500000000014 65.562500000000014
decision_type=2 2 2 2 2 2 2 2 2 2 2 2 2 2
left_child=1 6 5 4 -4 7 -1 -3 -5 11 -11 -8 13 -2
right_child=12 2 3 8 -6 -7 9 -9 -10 10 -12 -13 -14 -15
leaf_value=-0.08152557995311828 -0.080000664733548332 -0.080205538872884341 0.08571575248144403 -0.08004332482396849 -0.080033823638181512 -0.084031799278623601 -0.080007656013500711 -0.081078821144091318 -0.081262676399251804 -0.081474921365839892 -0.080000090612262473 -0.0809447770339915 -0.080002282876871611 -0.080113024546612038
leaf_weight=0.20717776616887285 3.9417706398722236 0.90037800402945112 26.493327510854222 0.9008424088572714 0.31646232699495058 0.059645810012625478 14.282125756197498 0.92549332794635575 0.089495685868314467 0.11879762520936843 0.44806490532559451 0.12965215019217247 12.789837859524519 1.3531108114526658
leaf_count=1141 1534655 87500 528215 102501 1745 44 5383107 16091 124 32433 1098524 9955 2786646 15950
internal_value=-0.0103028 0.0177916 0.0678417 0.0779201 0.0837592 -0.0807552 -0.0800476 -0.0806482 -0.0801535 -0.0800272 -0.0803092 -0.0800161 -0.0800102 -0.0800294
internal_weight=62.9562 44.8715 29.6856 27.8001 26.8098 1.88552 15.1858 1.82587 0.990338 14.9786 0.566863 14.4118 18.0847 5.29488
internal_count=11598631 7261380 736220 632585 529960 103635 6525160 103591 102625 6524019 1130957 5393062 4337251 1550605
is_linear=0
shrinkage=0.1


Tree=395
num_leaves=15
num_cat=0
split_feature=2 0 0 1 1 1 1 0 1 0 4 3 2 2
split_gain=19.0319 4.35086 0.266176 0.894892 1.04196 0.769678 0.645755 0.52755 0.0381847 3.42368e-05 2.90481e-05 3.4882e-05 9.63926e-06 3.40027e-06
threshold=1.0000000180025095e-35 0.17500000447034839 0.075000001117587103 14.500000000000002 18.500000000000004 14.500000000000002 17.500000000000004 0.12500000372529033 12.500000000000002 0.22500000149011615 0.15477494895458224 65.562500000000014 2.2028195858001713 2.3278195858001713
decision_type=2 2 2 2 2 2 2 2 2 2 2 2 2 2
left_child=1 2 5 7 -5 8 -7 -4 -1 -2 11 13 -13 -11
right_child=9 -3 3 4 -6 6 -8 -9 -10 10 -12 12 -14 -15
leaf_value=-0.080000169261993881 -0.080002741393727636 0.080000838231406149 0.013457550208320963 -0.0018629321145876105 0.0088365340167448399 0.011093631712070784 -0.0014579700689876778 0.065974890510757334 -0.033076673472506805 -0.081245082674095526 -0.080007945009579085 -0.081567510991118822 -0.080000023771684803 -0.081809805889545117
leaf_weight=0.17825999005458371 27.770148240084868 7.1262205651337345 4.2643111885308818 216.01980389287928 157.29018185415771 47.171941984423029 312.73283033326152 3.4685777304694057 6.3922725630400237 0.21635195240378269 0.65209551592732851 0.044703586027026176 0.32050098551806627 0.21021933140241345
leaf_count=68369 9395821 565456 6244 3532 1042 57045 226392 45 72739 13 252616 2 949149 166
internal_value=-0.000832377 0.00223344 0.00149207 0.00334266 0.00264517 -0.00043207 0.000187141 0.0370141 -0.0343497 -0.0800274 -0.0805022 -0.0809092 -0.0801919 -0.0815234
internal_weight=783.858 754.644 747.518 381.043 373.31 366.475 359.905 7.73289 6.57053 29.214 1.44387 0.791776 0.365205 0.426571
internal_count=11598631 1000864 435408 10863 4574 424545 283437 6289 141108 10597767 1201946 949330 949151 179
is_linear=0
shrinkage=0.1


Tree=396
num_leaves=15
num_cat=0
split_feature=2 5 5 5 5 3 3 3 2 4 5 5 3 3
split_gain=18.7543 17.5502 18.0696 67.3161 130.981 50.2599 25.382 22.6992 15.7139 7.45425 6.9901 22.4674 4.57805 8.09123
threshold=2.0778195858001713 3.3127455711364751 2.6430133581161503 2.6706019639968877 2.6789249181747441 126.43750000000001 92.437500000000014 96.687500000000014 2.6250000000000004 -0.51500990986824025 3.5858916044235234 3.5934629440307622 63.187500000000007 86.437500000000014
decision_type=2 2 2 2 2 2 2 2 2 2 2 2 2 2
left_child=-1 2 5 7 -5 6 -2 -4 -7 12 -11 -12 -3 -14
right_child=1 9 3 4 -6 8 -8 -9 -10 10 11 -13 13 -15
leaf_value=-0.078663299032575754 0.015896829820952137 -0.080005083221429699 0.053329348996978734 0.11529239632215141 -0.0042648042924148819 -0.042246281677645645 -0.0035487115278216887 -0.046984586091260772 0.051620427140800812 0.096936291211181219 -0.14642759245992254 0.068845330650125117 0.73673511659232815 0.2000222063039595
leaf_weight=29.848895484294189 900.71174887108646 0.43058689212261514 23.837151813983155 96.160139237977546 1946.8922746584842 19.131438670097964 2634.9278610438378 420.14812670132505 263.09033368566895 19.227816960294163 6.3490481666690384 20.508043106982541 0.32632519352588962 2.0172100401123494
leaf_count=5809680 3193760 9111 52467 44555 1758309 219 474285 18009 39754 67931 34492 95235 87 737
internal_value=0.000417027 0.000788534 0.000325876 -0.00630704 0.00136238 0.0046467 0.00140508 -0.0415988 0.0452573 0.060491 0.0509078 0.0179546 0.219692 0.274757
internal_weight=6383.61 6353.76 6304.9 2487.04 2043.05 3817.86 3535.64 443.985 282.222 48.859 46.0849 26.8571 2.77412 2.34354
internal_count=11598631 5788951 5581358 1873340 1802864 3708018 3668045 70476 39973 207593 197658 129727 9935 824
is_linear=0
shrinkage=0.1


Tree=397
num_leaves=15
num_cat=0
split_feature=5 5 5 5 5 3 5 4 3 3 3 4 5 5
split_gain=12.2207 70.4484 127.9 120.225 184.699 52.8919 32.2553 48.8708 29.3179 22.4958 22.1589 21.3519 50.6318 47.9022
threshold=2.6430133581161503 2.6706019639968877 2.6789249181747441 2.6878424882888798 2.6948120594024663 126.43750000000001 2.6720094680786137 4.8159308433532724 124.68750000000001 96.687500000000014 96.687500000000014 5.8137736320495614 2.0840848684310918 2.0556275844573979
decision_type=2 2 2 2 2 2 2 2 2 2 2 2 2 2
left_child=5 10 6 9 -5 11 8 -8 -3 -4 -2 -1 13 -13
right_child=1 2 3 4 -6 -7 7 -9 -10 -11 -12 12 -14 -15
leaf_value=0.00333345608004276 -0.051333231531387302 -0.12232047978328363 -0.11813489569256962 -0.16194204196828463 0.0022552384189134015 -0.045010299274202692 -0.31704495873039851 -0.10837283890501451 0.082019465057720398 0.089762278488050129 0.047132099540397321 -0.015855063505915739 -0.037173935700111363 0.04940156256050518
leaf_weight=3458.7258786685406 24.168051520070094 14.655085128709972 5.372347494560926 71.247817756603581 1780.676913926475 281.48767838670119 14.160448880567399 54.109533923969138 13.479788491858924 166.89041840909522 420.6688670060762 292.10186379086826 463.79894170759508 182.93680772785683
leaf_count=8454387 54794 8619 8662 49853 2744802 39973 37714 2255 562 8435 18009 110553 55872 4141
internal_value=5.43875e-05 0.00560121 -0.00198854 0.00337105 -0.00406181 -0.00298682 -0.114522 -0.151655 -0.0244185 0.0832786 0.0417825 -0.000296903 -0.0136713 0.00927518
internal_weight=7244.48 2565.43 2120.59 2024.19 1851.92 4679.05 96.4049 68.27 28.1349 172.263 444.837 4397.56 938.838 475.039
internal_count=11598631 2933705 2860902 2811752 2794655 8664926 49150 39969 9181 17097 72803 8624953 170566 114694
is_linear=0
shrinkage=0.1


Tree=398
num_leaves=15
num_cat=0
split_feature=5 5 3 3 0 0 4 2 3 3 4 0 3 4
split_gain=15.7027 2.93055 0.330734 0.134712 0.000790322 4.50019e-05 3.35858e-05 2.68417e-05 1.97945e-05 8.9496e-07 6.99711e-07 3.16821e-07 6.47767e-08 4.79516e-08
threshold=3.0012133121490483 3.00477147102356 91.937500000000014 91.562500000000014 0.075000001117587103 0.22500000149011615 0.15477494895458224 1.0000000180025095e-35 65.562500000000014 99.062500000000014 6.3878748416900644 0.17500000447034839 32.312500000000007 -0.51500990986824025
decision_type=2 2 2 2 2 2 2 2 2 2 2 2 2 2
left_child=5 2 3 -2 -5 11 7 -7 -9 10 -4 -1 -8 -13
right_child=1 -3 9 4 -6 6 12 8 -10 -11 -12 13 -14 -15
leaf_value=-0.080001190799576322 -0.080011141747007727 -0.080005247852026853 -0.080211950077003019 0.085055599623511238 0.08019637319546441 -0.080000022944206328 -0.08027290646658447 -0.081652823784634995 -0.080431861640256952 -0.080024987604723943 -0.081074667745310081 -0.080109464089771293 -0.080003883488138847 -0.080037041138612736
leaf_weight=28.994756723523668 0.052657329630785621 1.3457349347601262 0.020865007497491983 0.34723592558293681 9.2793818338104739 0.21235783471567404 0.0090835501396213658 0.4553378212934831 0.18744248892096493 0.093479861828882349 0.017110751281506964 0.30078524671145601 0.61036698948288404 0.13134291095383233
leaf_count=9180155 15042 607486 331 25 572220 565117 1904 179 449776 2969 30 16314 183090 3993
internal_value=-0.0433151 0.0583775 0.0773594 0.0794991 0.0803716 -0.0800295 -0.0805686 -0.0809748 -0.0812968 -0.0801913 -0.0806007 -0.0800025 -0.0800078 -0.0800875
internal_weight=42.0579 11.1565 9.81073 9.67928 9.62662 30.9015 1.47459 0.855138 0.64278 0.131456 0.0379758 29.4269 0.619451 0.432128
internal_count=11598631 1198103 590617 587287 572245 10400528 1200066 1015072 449955 3330 361 9200462 184994 20307
is_linear=0
shrinkage=0.1


Tree=399
num_leaves=15
num_cat=0
split_feature=2 2 5 5 3 4 1 5 0 0 2 3 0 2
split_gain=11.4248 20.1171 4.09176 2.33925 0.789142 5.12594e-05 3.64143e-05 2.73548e-05 9.02399e-06 4.07564e-06 3.12019e-06 9.84695e-06 4.24079e-06 1.58016e-06
threshold=2.4528195858001713 2.3278195858001713 2.0556275844573979 2.0587884187698369 67.062500000000014 9.9144968986511248 6.5000000000000009 1.6071687340736391 0.17500000447034839 0.22500000149011615 2.2028195858001713 66.062500000000014 0.22500000149011615 1.0000000180025095e-35
decision_type=2 2 2 2 2 2 2 2 2 2 2 2 2 2
left_child=1 6 5 4 -4 7 9 -3 -5 -1 12 -12 -8 -11
right_child=-2 2 3 8 -6 -7 10 -9 -10 13 11 -13 -14 -15
leaf_value=-0.080048402171094171 -0.080009471393021933 -0.080192278257501554 0.085450933351367289 -0.080040130332572845 -0.080031178912159495 -0.083699892122986133 -0.080006979425301009 -0.08099819867503999 -0.081143815705481959 -0.080000021632034679 -0.081293782616906674 -0.080004080337739508 -0.080412831055900996 -0.081408698276521585
leaf_weight=0.02648082237305871 16.637900478404134 0.83041909431887251 24.5252721481802 0.82397371771315775 0.29159930878449714 0.055124522527876141 13.039473173191107 0.85457268155829524 0.081399653674452566 0.0082586759412492938 0.079722487487658422 0.22997305903479059 0.26264706802024385 0.22244281278432254
leaf_count=5748 4337251 87500 528215 102501 1745 44 5377501 16091 124 24318 148 576240 540943 262
internal_value=-0.0100388 0.0181279 0.0677068 0.0777465 0.0835065 -0.0806992 -0.0800446 -0.080601 -0.0801394 -0.0812234 -0.0800223 -0.0803361 -0.080015 -0.0813583
internal_weight=57.9693 41.3314 27.4624 25.7222 24.8169 1.74012 13.869 1.68499 0.905373 0.257182 13.6118 0.309696 13.3021 0.230701
internal_count=11598631 7261380 736220 632585 529960 103635 6525160 103591 102625 30328 6494832 576388 5918444 24580
is_linear=0
shrinkage=0.1


end of trees

feature_importances:
mean_byte=1160
freq_in_window=1061
entropy=961
global_value_zscore=907
global_delta_zscore=894
unique_ids_in_window=617

parameters:
[boosting: gbdt]
[objective: multiclass]
[metric: multi_logloss]
[tree_learner: serial]
[device_type: cpu]
[data_sample_strategy: bagging]
[data: ]
[valid: ]
[num_iterations: 80]
[learning_rate: 0.1]
[num_leaves: 15]
[num_threads: 0]
[seed: 0]
[deterministic: 0]
[force_col_wise: 0]
[force_row_wise: 0]
[histogram_pool_size: -1]
[max_depth: 5]
[min_data_in_leaf: 20]
[min_sum_hessian_in_leaf: 0.001]
[bagging_fraction: 1]
[pos_bagging_fraction: 1]
[neg_bagging_fraction: 1]
[bagging_freq: 0]
[bagging_seed: 3]
[bagging_by_query: 0]
[feature_fraction: 1]
[feature_fraction_bynode: 1]
[feature_fraction_seed: 2]
[extra_trees: 0]
[extra_seed: 6]
[early_stopping_round: 0]
[early_stopping_min_delta: 0]
[first_metric_only: 0]
[max_delta_step: 0]
[lambda_l1: 0]
[lambda_l2: 0]
[linear_lambda: 0]
[min_gain_to_split: 0]
[drop_rate: 0.1]
[max_drop: 50]
[skip_drop: 0.5]
[xgboost_dart_mode: 0]
[uniform_drop: 0]
[drop_seed: 4]
[top_rate: 0.2]
[other_rate: 0.1]
[min_data_per_group: 100]
[max_cat_threshold: 32]
[cat_l2: 10]
[cat_smooth: 10]
[max_cat_to_onehot: 4]
[top_k: 20]
[monotone_constraints: ]
[monotone_constraints_method: basic]
[monotone_penalty: 0]
[feature_contri: ]
[forcedsplits_filename: ]
[refit_decay_rate: 0.9]
[cegb_tradeoff: 1]
[cegb_penalty_split: 0]
[cegb_penalty_feature_lazy: ]
[cegb_penalty_feature_coupled: ]
[path_smooth: 0]
[interaction_constraints: ]
[verbosity: -1]
[saved_feature_importance_type: 0]
[use_quantized_grad: 0]
[num_grad_quant_bins: 4]
[quant_train_renew_leaf: 0]
[stochastic_rounding: 1]
[linear_tree: 0]
[max_bin: 255]
[max_bin_by_feature: ]
[min_data_in_bin: 3]
[bin_construct_sample_cnt: 200000]
[data_random_seed: 1]
[is_enable_sparse: 1]
[enable_bundle: 1]
[use_missing: 1]
[zero_as_missing: 0]
[feature_pre_filter: 1]
[pre_partition: 0]
[two_round: 0]
[header: 0]
[label_column: ]
[weight_column: ]
[group_column: ]
[ignore_column: ]
[categorical_feature: ]
[forcedbins_filename: ]
[precise_float_parser: 0]
[parser_config_file: ]
[objective_seed: 5]
[num_class: 5]
[is_unbalance: 0]
[scale_pos_weight: 1]
[sigmoid: 1]
[boost_from_average: 1]
[reg_sqrt: 0]
[alpha: 0.9]
[fair_c: 1]
[poisson_max_delta_step: 0.7]
[tweedie_variance_power: 1.5]
[lambdarank_truncation_level: 30]
[lambdarank_norm: 1]
[label_gain: ]
[lambdarank_position_bias_regularization: 0]
[eval_at: ]
[multi_error_top_k: 1]
[auc_mu_weights: ]
[num_machines: 1]
[local_listen_port: 12400]
[time_out: 120]
[machine_list_filename: ]
[machines: ]
[gpu_platform_id: -1]
[gpu_device_id: -1]
[gpu_use_dp: 0]
[num_gpu: 1]

end of parameters

pandas_categorical:[]
